frame_idx,timestamp_sec,timestamp_nanosec,timestamp_total_sec,filename,width,height
0,8,548000000,8.548000000,frame_0000.png,1280,960
1,8,581000000,8.581000000,frame_0001.png,1280,960
2,8,614000000,8.614000000,frame_0002.png,1280,960
3,8,647000000,8.647000000,frame_0003.png,1280,960
4,8,680000000,8.680000000,frame_0004.png,1280,960
5,8,713000000,8.713000000,frame_0005.png,1280,960
6,8,746000000,8.746000000,frame_0006.png,1280,960
7,8,779000000,8.779000000,frame_0007.png,1280,960
8,8,812000000,8.812000000,frame_0008.png,1280,960
9,8,845000000,8.845000000,frame_0009.png,1280,960
10,8,878000000,8.878000000,frame_0010.png,1280,960
11,8,911000000,8.911000000,frame_0011.png,1280,960
12,8,944000000,8.944000000,frame_0012.png,1280,960
13,8,977000000,8.977000000,frame_0013.png,1280,960
14,9,10000000,9.010000000,frame_0014.png,1280,960
15,9,43000000,9.043000000,frame_0015.png,1280,960
16,9,76000000,9.076000000,frame_0016.png,1280,960
17,9,109000000,9.109000000,frame_0017.png,1280,960
18,9,142000000,9.142000000,frame_0018.png,1280,960
19,9,175000000,9.175000000,frame_0019.png,1280,960
20,9,208000000,9.208000000,frame_0020.png,1280,960
21,9,241000000,9.241000000,frame_0021.png,1280,960
22,9,274000000,9.274000000,frame_0022.png,1280,960
23,9,307000000,9.307000000,frame_0023.png,1280,960
24,9,340000000,9.340000000,frame_0024.png,1280,960
25,9,373000000,9.373000000,frame_0025.png,1280,960
26,9,406000000,9.406000000,frame_0026.png,1280,960
27,9,439000000,9.439000000,frame_0027.png,1280,960
28,9,472000000,9.472000000,frame_0028.png,1280,960
29,9,505000000,9.505000000,frame_0029.png,1280,960
30,9,538000000,9.538000000,frame_0030.png,1280,960
31,9,571000000,9.571000000,frame_0031.png,1280,960
32,9,604000000,9.604000000,frame_0032.png,1280,960
33,9,637000000,9.637000000,frame_0033.png,1280,960
34,9,670000000,9.670000000,frame_0034.png,1280,960
35,9,703000000,9.703000000,frame_0035.png,1280,960
36,9,736000000,9.736000000,frame_0036.png,1280,960
37,9,769000000,9.769000000,frame_0037.png,1280,960
38,9,802000000,9.802000000,frame_0038.png,1280,960
39,9,835000000,9.835000000,frame_0039.png,1280,960
40,9,868000000,9.868000000,frame_0040.png,1280,960
41,9,901000000,9.901000000,frame_0041.png,1280,960
42,9,934000000,9.934000000,frame_0042.png,1280,960
43,9,967000000,9.967000000,frame_0043.png,1280,960
44,10,0,10.000000000,frame_0044.png,1280,960
45,10,33000000,10.033000000,frame_0045.png,1280,960
46,10,66000000,10.066000000,frame_0046.png,1280,960
47,10,99000000,10.099000000,frame_0047.png,1280,960
48,10,132000000,10.132000000,frame_0048.png,1280,960
49,10,165000000,10.165000000,frame_0049.png,1280,960
50,10,198000000,10.198000000,frame_0050.png,1280,960
51,10,231000000,10.231000000,frame_0051.png,1280,960
52,10,264000000,10.264000000,frame_0052.png,1280,960
53,10,297000000,10.297000000,frame_0053.png,1280,960
54,10,330000000,10.330000000,frame_0054.png,1280,960
55,10,363000000,10.363000000,frame_0055.png,1280,960
56,10,396000000,10.396000000,frame_0056.png,1280,960
57,10,429000000,10.429000000,frame_0057.png,1280,960
58,10,462000000,10.462000000,frame_0058.png,1280,960
59,10,495000000,10.495000000,frame_0059.png,1280,960
60,10,528000000,10.528000000,frame_0060.png,1280,960
61,10,561000000,10.561000000,frame_0061.png,1280,960
62,10,594000000,10.594000000,frame_0062.png,1280,960
63,10,627000000,10.627000000,frame_0063.png,1280,960
64,10,660000000,10.660000000,frame_0064.png,1280,960
65,10,693000000,10.693000000,frame_0065.png,1280,960
66,10,726000000,10.726000000,frame_0066.png,1280,960
67,10,759000000,10.759000000,frame_0067.png,1280,960
68,10,792000000,10.792000000,frame_0068.png,1280,960
69,10,825000000,10.825000000,frame_0069.png,1280,960
70,10,858000000,10.858000000,frame_0070.png,1280,960
71,10,891000000,10.891000000,frame_0071.png,1280,960
72,10,924000000,10.924000000,frame_0072.png,1280,960
73,10,957000000,10.957000000,frame_0073.png,1280,960
74,10,990000000,10.990000000,frame_0074.png,1280,960
75,11,23000000,11.023000000,frame_0075.png,1280,960
76,11,56000000,11.056000000,frame_0076.png,1280,960
77,11,89000000,11.089000000,frame_0077.png,1280,960
78,11,122000000,11.122000000,frame_0078.png,1280,960
79,11,155000000,11.155000000,frame_0079.png,1280,960
80,11,188000000,11.188000000,frame_0080.png,1280,960
81,11,221000000,11.221000000,frame_0081.png,1280,960
82,11,254000000,11.254000000,frame_0082.png,1280,960
83,11,287000000,11.287000000,frame_0083.png,1280,960
84,11,320000000,11.320000000,frame_0084.png,1280,960
85,11,353000000,11.353000000,frame_0085.png,1280,960
86,11,386000000,11.386000000,frame_0086.png,1280,960
87,11,419000000,11.419000000,frame_0087.png,1280,960
88,11,452000000,11.452000000,frame_0088.png,1280,960
89,11,485000000,11.485000000,frame_0089.png,1280,960
90,11,518000000,11.518000000,frame_0090.png,1280,960
91,11,551000000,11.551000000,frame_0091.png,1280,960
92,11,584000000,11.584000000,frame_0092.png,1280,960
93,11,617000000,11.617000000,frame_0093.png,1280,960
94,11,650000000,11.650000000,frame_0094.png,1280,960
95,11,683000000,11.683000000,frame_0095.png,1280,960
96,11,716000000,11.716000000,frame_0096.png,1280,960
97,11,749000000,11.749000000,frame_0097.png,1280,960
98,11,782000000,11.782000000,frame_0098.png,1280,960
99,11,815000000,11.815000000,frame_0099.png,1280,960
100,11,848000000,11.848000000,frame_0100.png,1280,960
101,11,881000000,11.881000000,frame_0101.png,1280,960
102,11,914000000,11.914000000,frame_0102.png,1280,960
103,11,947000000,11.947000000,frame_0103.png,1280,960
104,11,980000000,11.980000000,frame_0104.png,1280,960
105,12,13000000,12.013000000,frame_0105.png,1280,960
106,12,46000000,12.046000000,frame_0106.png,1280,960
107,12,79000000,12.079000000,frame_0107.png,1280,960
108,12,112000000,12.112000000,frame_0108.png,1280,960
109,12,145000000,12.145000000,frame_0109.png,1280,960
110,12,178000000,12.178000000,frame_0110.png,1280,960
111,12,211000000,12.211000000,frame_0111.png,1280,960
112,12,244000000,12.244000000,frame_0112.png,1280,960
113,12,277000000,12.277000000,frame_0113.png,1280,960
114,12,310000000,12.310000000,frame_0114.png,1280,960
115,12,343000000,12.343000000,frame_0115.png,1280,960
116,12,376000000,12.376000000,frame_0116.png,1280,960
117,12,409000000,12.409000000,frame_0117.png,1280,960
118,12,442000000,12.442000000,frame_0118.png,1280,960
119,12,475000000,12.475000000,frame_0119.png,1280,960
120,12,508000000,12.508000000,frame_0120.png,1280,960
121,12,541000000,12.541000000,frame_0121.png,1280,960
122,12,574000000,12.574000000,frame_0122.png,1280,960
123,12,607000000,12.607000000,frame_0123.png,1280,960
124,12,640000000,12.640000000,frame_0124.png,1280,960
125,12,673000000,12.673000000,frame_0125.png,1280,960
126,12,706000000,12.706000000,frame_0126.png,1280,960
127,12,739000000,12.739000000,frame_0127.png,1280,960
128,12,772000000,12.772000000,frame_0128.png,1280,960
129,12,805000000,12.805000000,frame_0129.png,1280,960
130,12,838000000,12.838000000,frame_0130.png,1280,960
131,12,871000000,12.871000000,frame_0131.png,1280,960
132,12,904000000,12.904000000,frame_0132.png,1280,960
133,12,937000000,12.937000000,frame_0133.png,1280,960
134,12,970000000,12.970000000,frame_0134.png,1280,960
135,13,3000000,13.003000000,frame_0135.png,1280,960
136,13,36000000,13.036000000,frame_0136.png,1280,960
137,13,69000000,13.069000000,frame_0137.png,1280,960
138,13,102000000,13.102000000,frame_0138.png,1280,960
139,13,135000000,13.135000000,frame_0139.png,1280,960
140,13,168000000,13.168000000,frame_0140.png,1280,960
141,13,201000000,13.201000000,frame_0141.png,1280,960
142,13,234000000,13.234000000,frame_0142.png,1280,960
143,13,267000000,13.267000000,frame_0143.png,1280,960
144,13,300000000,13.300000000,frame_0144.png,1280,960
145,13,333000000,13.333000000,frame_0145.png,1280,960
146,13,366000000,13.366000000,frame_0146.png,1280,960
147,13,399000000,13.399000000,frame_0147.png,1280,960
148,13,432000000,13.432000000,frame_0148.png,1280,960
149,13,465000000,13.465000000,frame_0149.png,1280,960
150,13,498000000,13.498000000,frame_0150.png,1280,960
151,13,531000000,13.531000000,frame_0151.png,1280,960
152,13,564000000,13.564000000,frame_0152.png,1280,960
153,13,597000000,13.597000000,frame_0153.png,1280,960
154,13,630000000,13.630000000,frame_0154.png,1280,960
155,13,663000000,13.663000000,frame_0155.png,1280,960
156,13,696000000,13.696000000,frame_0156.png,1280,960
157,13,729000000,13.729000000,frame_0157.png,1280,960
158,13,762000000,13.762000000,frame_0158.png,1280,960
159,13,795000000,13.795000000,frame_0159.png,1280,960
160,13,828000000,13.828000000,frame_0160.png,1280,960
161,13,861000000,13.861000000,frame_0161.png,1280,960
162,13,894000000,13.894000000,frame_0162.png,1280,960
163,13,927000000,13.927000000,frame_0163.png,1280,960
164,13,960000000,13.960000000,frame_0164.png,1280,960
165,13,993000000,13.993000000,frame_0165.png,1280,960
166,14,26000000,14.026000000,frame_0166.png,1280,960
167,14,59000000,14.059000000,frame_0167.png,1280,960
168,14,92000000,14.092000000,frame_0168.png,1280,960
169,14,125000000,14.125000000,frame_0169.png,1280,960
170,14,158000000,14.158000000,frame_0170.png,1280,960
171,14,191000000,14.191000000,frame_0171.png,1280,960
172,14,224000000,14.224000000,frame_0172.png,1280,960
173,14,257000000,14.257000000,frame_0173.png,1280,960
174,14,290000000,14.290000000,frame_0174.png,1280,960
175,14,323000000,14.323000000,frame_0175.png,1280,960
176,14,356000000,14.356000000,frame_0176.png,1280,960
177,14,389000000,14.389000000,frame_0177.png,1280,960
178,14,422000000,14.422000000,frame_0178.png,1280,960
179,14,455000000,14.455000000,frame_0179.png,1280,960
180,14,488000000,14.488000000,frame_0180.png,1280,960
181,14,521000000,14.521000000,frame_0181.png,1280,960
182,14,554000000,14.554000000,frame_0182.png,1280,960
183,14,587000000,14.587000000,frame_0183.png,1280,960
184,14,620000000,14.620000000,frame_0184.png,1280,960
185,14,653000000,14.653000000,frame_0185.png,1280,960
186,14,686000000,14.686000000,frame_0186.png,1280,960
187,14,719000000,14.719000000,frame_0187.png,1280,960
188,14,752000000,14.752000000,frame_0188.png,1280,960
189,14,785000000,14.785000000,frame_0189.png,1280,960
190,14,818000000,14.818000000,frame_0190.png,1280,960
191,14,851000000,14.851000000,frame_0191.png,1280,960
192,14,884000000,14.884000000,frame_0192.png,1280,960
193,14,917000000,14.917000000,frame_0193.png,1280,960
194,14,950000000,14.950000000,frame_0194.png,1280,960
195,14,983000000,14.983000000,frame_0195.png,1280,960
196,15,16000000,15.016000000,frame_0196.png,1280,960
197,15,49000000,15.049000000,frame_0197.png,1280,960
198,15,82000000,15.082000000,frame_0198.png,1280,960
199,15,115000000,15.115000000,frame_0199.png,1280,960
200,15,148000000,15.148000000,frame_0200.png,1280,960
201,15,181000000,15.181000000,frame_0201.png,1280,960
202,15,214000000,15.214000000,frame_0202.png,1280,960
203,15,247000000,15.247000000,frame_0203.png,1280,960
204,15,280000000,15.280000000,frame_0204.png,1280,960
205,15,313000000,15.313000000,frame_0205.png,1280,960
206,15,346000000,15.346000000,frame_0206.png,1280,960
207,15,379000000,15.379000000,frame_0207.png,1280,960
208,15,412000000,15.412000000,frame_0208.png,1280,960
209,15,445000000,15.445000000,frame_0209.png,1280,960
210,15,478000000,15.478000000,frame_0210.png,1280,960
211,15,511000000,15.511000000,frame_0211.png,1280,960
212,15,544000000,15.544000000,frame_0212.png,1280,960
213,15,577000000,15.577000000,frame_0213.png,1280,960
214,15,610000000,15.610000000,frame_0214.png,1280,960
215,15,643000000,15.643000000,frame_0215.png,1280,960
216,15,676000000,15.676000000,frame_0216.png,1280,960
217,15,709000000,15.709000000,frame_0217.png,1280,960
218,15,742000000,15.742000000,frame_0218.png,1280,960
219,15,775000000,15.775000000,frame_0219.png,1280,960
220,15,808000000,15.808000000,frame_0220.png,1280,960
221,15,841000000,15.841000000,frame_0221.png,1280,960
222,15,874000000,15.874000000,frame_0222.png,1280,960
223,15,907000000,15.907000000,frame_0223.png,1280,960
224,15,940000000,15.940000000,frame_0224.png,1280,960
225,15,973000000,15.973000000,frame_0225.png,1280,960
226,16,6000000,16.006000000,frame_0226.png,1280,960
227,16,39000000,16.039000000,frame_0227.png,1280,960
228,16,72000000,16.072000000,frame_0228.png,1280,960
229,16,105000000,16.105000000,frame_0229.png,1280,960
230,16,138000000,16.138000000,frame_0230.png,1280,960
231,16,171000000,16.171000000,frame_0231.png,1280,960
232,16,204000000,16.204000000,frame_0232.png,1280,960
233,16,237000000,16.237000000,frame_0233.png,1280,960
234,16,270000000,16.270000000,frame_0234.png,1280,960
235,16,303000000,16.303000000,frame_0235.png,1280,960
236,16,336000000,16.336000000,frame_0236.png,1280,960
237,16,369000000,16.369000000,frame_0237.png,1280,960
238,16,402000000,16.402000000,frame_0238.png,1280,960
239,16,435000000,16.435000000,frame_0239.png,1280,960
240,16,468000000,16.468000000,frame_0240.png,1280,960
241,16,501000000,16.501000000,frame_0241.png,1280,960
242,16,534000000,16.534000000,frame_0242.png,1280,960
243,16,567000000,16.567000000,frame_0243.png,1280,960
244,16,600000000,16.600000000,frame_0244.png,1280,960
245,16,633000000,16.633000000,frame_0245.png,1280,960
246,16,666000000,16.666000000,frame_0246.png,1280,960
247,16,699000000,16.699000000,frame_0247.png,1280,960
248,16,732000000,16.732000000,frame_0248.png,1280,960
249,16,765000000,16.765000000,frame_0249.png,1280,960
250,16,798000000,16.798000000,frame_0250.png,1280,960
251,16,831000000,16.831000000,frame_0251.png,1280,960
252,16,864000000,16.864000000,frame_0252.png,1280,960
253,16,897000000,16.897000000,frame_0253.png,1280,960
254,16,930000000,16.930000000,frame_0254.png,1280,960
255,16,963000000,16.963000000,frame_0255.png,1280,960
256,16,996000000,16.996000000,frame_0256.png,1280,960
257,17,29000000,17.029000000,frame_0257.png,1280,960
258,17,62000000,17.062000000,frame_0258.png,1280,960
259,17,95000000,17.095000000,frame_0259.png,1280,960
260,17,128000000,17.128000000,frame_0260.png,1280,960
261,17,161000000,17.161000000,frame_0261.png,1280,960
262,17,194000000,17.194000000,frame_0262.png,1280,960
263,17,227000000,17.227000000,frame_0263.png,1280,960
264,17,260000000,17.260000000,frame_0264.png,1280,960
265,17,293000000,17.293000000,frame_0265.png,1280,960
266,17,326000000,17.326000000,frame_0266.png,1280,960
267,17,359000000,17.359000000,frame_0267.png,1280,960
268,17,392000000,17.392000000,frame_0268.png,1280,960
269,17,425000000,17.425000000,frame_0269.png,1280,960
270,17,458000000,17.458000000,frame_0270.png,1280,960
271,17,491000000,17.491000000,frame_0271.png,1280,960
272,17,524000000,17.524000000,frame_0272.png,1280,960
273,17,557000000,17.557000000,frame_0273.png,1280,960
274,17,590000000,17.590000000,frame_0274.png,1280,960
275,17,623000000,17.623000000,frame_0275.png,1280,960
276,17,656000000,17.656000000,frame_0276.png,1280,960
277,17,689000000,17.689000000,frame_0277.png,1280,960
278,17,722000000,17.722000000,frame_0278.png,1280,960
279,17,755000000,17.755000000,frame_0279.png,1280,960
280,17,788000000,17.788000000,frame_0280.png,1280,960
281,17,821000000,17.821000000,frame_0281.png,1280,960
282,17,854000000,17.854000000,frame_0282.png,1280,960
283,17,887000000,17.887000000,frame_0283.png,1280,960
284,17,920000000,17.920000000,frame_0284.png,1280,960
285,17,953000000,17.953000000,frame_0285.png,1280,960
286,17,986000000,17.986000000,frame_0286.png,1280,960
287,18,19000000,18.019000000,frame_0287.png,1280,960
288,18,52000000,18.052000000,frame_0288.png,1280,960
289,18,85000000,18.085000000,frame_0289.png,1280,960
290,18,118000000,18.118000000,frame_0290.png,1280,960
291,18,151000000,18.151000000,frame_0291.png,1280,960
292,18,184000000,18.184000000,frame_0292.png,1280,960
293,18,217000000,18.217000000,frame_0293.png,1280,960
294,18,250000000,18.250000000,frame_0294.png,1280,960
295,18,283000000,18.283000000,frame_0295.png,1280,960
296,18,316000000,18.316000000,frame_0296.png,1280,960
297,18,349000000,18.349000000,frame_0297.png,1280,960
298,18,382000000,18.382000000,frame_0298.png,1280,960
299,18,415000000,18.415000000,frame_0299.png,1280,960
300,18,448000000,18.448000000,frame_0300.png,1280,960
301,18,481000000,18.481000000,frame_0301.png,1280,960
302,18,514000000,18.514000000,frame_0302.png,1280,960
303,18,547000000,18.547000000,frame_0303.png,1280,960
304,18,580000000,18.580000000,frame_0304.png,1280,960
305,18,613000000,18.613000000,frame_0305.png,1280,960
306,18,646000000,18.646000000,frame_0306.png,1280,960
307,18,679000000,18.679000000,frame_0307.png,1280,960
308,18,712000000,18.712000000,frame_0308.png,1280,960
309,18,745000000,18.745000000,frame_0309.png,1280,960
310,18,778000000,18.778000000,frame_0310.png,1280,960
311,18,811000000,18.811000000,frame_0311.png,1280,960
312,18,844000000,18.844000000,frame_0312.png,1280,960
313,18,877000000,18.877000000,frame_0313.png,1280,960
314,18,910000000,18.910000000,frame_0314.png,1280,960
315,18,943000000,18.943000000,frame_0315.png,1280,960
316,18,976000000,18.976000000,frame_0316.png,1280,960
317,19,9000000,19.009000000,frame_0317.png,1280,960
318,19,42000000,19.042000000,frame_0318.png,1280,960
319,19,75000000,19.075000000,frame_0319.png,1280,960
320,19,108000000,19.108000000,frame_0320.png,1280,960
321,19,141000000,19.141000000,frame_0321.png,1280,960
322,19,174000000,19.174000000,frame_0322.png,1280,960
323,19,207000000,19.207000000,frame_0323.png,1280,960
324,19,240000000,19.240000000,frame_0324.png,1280,960
325,19,273000000,19.273000000,frame_0325.png,1280,960
326,19,306000000,19.306000000,frame_0326.png,1280,960
327,19,339000000,19.339000000,frame_0327.png,1280,960
328,19,372000000,19.372000000,frame_0328.png,1280,960
329,19,405000000,19.405000000,frame_0329.png,1280,960
330,19,438000000,19.438000000,frame_0330.png,1280,960
331,19,471000000,19.471000000,frame_0331.png,1280,960
332,19,504000000,19.504000000,frame_0332.png,1280,960
333,19,537000000,19.537000000,frame_0333.png,1280,960
334,19,570000000,19.570000000,frame_0334.png,1280,960
335,19,603000000,19.603000000,frame_0335.png,1280,960
336,19,636000000,19.636000000,frame_0336.png,1280,960
337,19,669000000,19.669000000,frame_0337.png,1280,960
338,19,702000000,19.702000000,frame_0338.png,1280,960
339,19,735000000,19.735000000,frame_0339.png,1280,960
340,19,768000000,19.768000000,frame_0340.png,1280,960
341,19,801000000,19.801000000,frame_0341.png,1280,960
342,19,834000000,19.834000000,frame_0342.png,1280,960
343,19,867000000,19.867000000,frame_0343.png,1280,960
344,19,900000000,19.900000000,frame_0344.png,1280,960
345,19,933000000,19.933000000,frame_0345.png,1280,960
346,19,966000000,19.966000000,frame_0346.png,1280,960
347,19,999000000,19.999000000,frame_0347.png,1280,960
348,20,32000000,20.032000000,frame_0348.png,1280,960
349,20,65000000,20.065000000,frame_0349.png,1280,960
350,20,98000000,20.098000000,frame_0350.png,1280,960
351,20,131000000,20.131000000,frame_0351.png,1280,960
352,20,164000000,20.164000000,frame_0352.png,1280,960
353,20,197000000,20.197000000,frame_0353.png,1280,960
354,20,230000000,20.230000000,frame_0354.png,1280,960
355,20,263000000,20.263000000,frame_0355.png,1280,960
356,20,296000000,20.296000000,frame_0356.png,1280,960
357,20,329000000,20.329000000,frame_0357.png,1280,960
358,20,362000000,20.362000000,frame_0358.png,1280,960
359,20,395000000,20.395000000,frame_0359.png,1280,960
360,20,428000000,20.428000000,frame_0360.png,1280,960
361,20,461000000,20.461000000,frame_0361.png,1280,960
362,20,494000000,20.494000000,frame_0362.png,1280,960
363,20,527000000,20.527000000,frame_0363.png,1280,960
364,20,560000000,20.560000000,frame_0364.png,1280,960
365,20,593000000,20.593000000,frame_0365.png,1280,960
366,20,626000000,20.626000000,frame_0366.png,1280,960
367,20,659000000,20.659000000,frame_0367.png,1280,960
368,20,692000000,20.692000000,frame_0368.png,1280,960
369,20,725000000,20.725000000,frame_0369.png,1280,960
370,20,758000000,20.758000000,frame_0370.png,1280,960
371,20,791000000,20.791000000,frame_0371.png,1280,960
372,20,824000000,20.824000000,frame_0372.png,1280,960
373,20,857000000,20.857000000,frame_0373.png,1280,960
374,20,890000000,20.890000000,frame_0374.png,1280,960
375,20,923000000,20.923000000,frame_0375.png,1280,960
376,20,956000000,20.956000000,frame_0376.png,1280,960
377,20,989000000,20.989000000,frame_0377.png,1280,960
378,21,22000000,21.022000000,frame_0378.png,1280,960
379,21,55000000,21.055000000,frame_0379.png,1280,960
380,21,88000000,21.088000000,frame_0380.png,1280,960
381,21,121000000,21.121000000,frame_0381.png,1280,960
382,21,154000000,21.154000000,frame_0382.png,1280,960
383,21,187000000,21.187000000,frame_0383.png,1280,960
384,21,220000000,21.220000000,frame_0384.png,1280,960
385,21,253000000,21.253000000,frame_0385.png,1280,960
386,21,286000000,21.286000000,frame_0386.png,1280,960
387,21,319000000,21.319000000,frame_0387.png,1280,960
388,21,352000000,21.352000000,frame_0388.png,1280,960
389,21,385000000,21.385000000,frame_0389.png,1280,960
390,21,418000000,21.418000000,frame_0390.png,1280,960
391,21,451000000,21.451000000,frame_0391.png,1280,960
392,21,484000000,21.484000000,frame_0392.png,1280,960
393,21,517000000,21.517000000,frame_0393.png,1280,960
394,21,550000000,21.550000000,frame_0394.png,1280,960
395,21,583000000,21.583000000,frame_0395.png,1280,960
396,21,616000000,21.616000000,frame_0396.png,1280,960
397,21,649000000,21.649000000,frame_0397.png,1280,960
398,21,682000000,21.682000000,frame_0398.png,1280,960
399,21,715000000,21.715000000,frame_0399.png,1280,960
400,21,748000000,21.748000000,frame_0400.png,1280,960
401,21,781000000,21.781000000,frame_0401.png,1280,960
402,21,814000000,21.814000000,frame_0402.png,1280,960
403,21,847000000,21.847000000,frame_0403.png,1280,960
404,21,880000000,21.880000000,frame_0404.png,1280,960
405,21,913000000,21.913000000,frame_0405.png,1280,960
406,21,946000000,21.946000000,frame_0406.png,1280,960
407,21,979000000,21.979000000,frame_0407.png,1280,960
408,22,12000000,22.012000000,frame_0408.png,1280,960
409,22,45000000,22.045000000,frame_0409.png,1280,960
410,22,78000000,22.078000000,frame_0410.png,1280,960
411,22,111000000,22.111000000,frame_0411.png,1280,960
412,22,144000000,22.144000000,frame_0412.png,1280,960
413,22,177000000,22.177000000,frame_0413.png,1280,960
414,22,210000000,22.210000000,frame_0414.png,1280,960
415,22,243000000,22.243000000,frame_0415.png,1280,960
416,22,276000000,22.276000000,frame_0416.png,1280,960
417,22,309000000,22.309000000,frame_0417.png,1280,960
418,22,342000000,22.342000000,frame_0418.png,1280,960
419,22,375000000,22.375000000,frame_0419.png,1280,960
420,22,408000000,22.408000000,frame_0420.png,1280,960
421,22,441000000,22.441000000,frame_0421.png,1280,960
422,22,474000000,22.474000000,frame_0422.png,1280,960
423,22,507000000,22.507000000,frame_0423.png,1280,960
424,22,540000000,22.540000000,frame_0424.png,1280,960
425,22,573000000,22.573000000,frame_0425.png,1280,960
426,22,606000000,22.606000000,frame_0426.png,1280,960
427,22,639000000,22.639000000,frame_0427.png,1280,960
428,22,672000000,22.672000000,frame_0428.png,1280,960
429,22,705000000,22.705000000,frame_0429.png,1280,960
430,22,738000000,22.738000000,frame_0430.png,1280,960
431,22,771000000,22.771000000,frame_0431.png,1280,960
432,22,804000000,22.804000000,frame_0432.png,1280,960
433,22,837000000,22.837000000,frame_0433.png,1280,960
434,22,870000000,22.870000000,frame_0434.png,1280,960
435,22,903000000,22.903000000,frame_0435.png,1280,960
436,22,936000000,22.936000000,frame_0436.png,1280,960
437,22,969000000,22.969000000,frame_0437.png,1280,960
438,23,2000000,23.002000000,frame_0438.png,1280,960
439,23,35000000,23.035000000,frame_0439.png,1280,960
440,23,68000000,23.068000000,frame_0440.png,1280,960
441,23,101000000,23.101000000,frame_0441.png,1280,960
442,23,134000000,23.134000000,frame_0442.png,1280,960
443,23,167000000,23.167000000,frame_0443.png,1280,960
444,23,200000000,23.200000000,frame_0444.png,1280,960
445,23,233000000,23.233000000,frame_0445.png,1280,960
446,23,266000000,23.266000000,frame_0446.png,1280,960
447,23,299000000,23.299000000,frame_0447.png,1280,960
448,23,332000000,23.332000000,frame_0448.png,1280,960
449,23,365000000,23.365000000,frame_0449.png,1280,960
450,23,398000000,23.398000000,frame_0450.png,1280,960
451,23,431000000,23.431000000,frame_0451.png,1280,960
452,23,464000000,23.464000000,frame_0452.png,1280,960
453,23,497000000,23.497000000,frame_0453.png,1280,960
454,23,530000000,23.530000000,frame_0454.png,1280,960
455,23,563000000,23.563000000,frame_0455.png,1280,960
456,23,596000000,23.596000000,frame_0456.png,1280,960
457,23,629000000,23.629000000,frame_0457.png,1280,960
458,23,662000000,23.662000000,frame_0458.png,1280,960
459,23,695000000,23.695000000,frame_0459.png,1280,960
460,23,728000000,23.728000000,frame_0460.png,1280,960
461,23,761000000,23.761000000,frame_0461.png,1280,960
462,23,794000000,23.794000000,frame_0462.png,1280,960
463,23,827000000,23.827000000,frame_0463.png,1280,960
464,23,860000000,23.860000000,frame_0464.png,1280,960
465,23,893000000,23.893000000,frame_0465.png,1280,960
466,23,926000000,23.926000000,frame_0466.png,1280,960
467,23,959000000,23.959000000,frame_0467.png,1280,960
468,23,992000000,23.992000000,frame_0468.png,1280,960
469,24,25000000,24.025000000,frame_0469.png,1280,960
470,24,58000000,24.058000000,frame_0470.png,1280,960
471,24,91000000,24.091000000,frame_0471.png,1280,960
472,24,124000000,24.124000000,frame_0472.png,1280,960
473,24,157000000,24.157000000,frame_0473.png,1280,960
474,24,190000000,24.190000000,frame_0474.png,1280,960
475,24,223000000,24.223000000,frame_0475.png,1280,960
476,24,256000000,24.256000000,frame_0476.png,1280,960
477,24,289000000,24.289000000,frame_0477.png,1280,960
478,24,322000000,24.322000000,frame_0478.png,1280,960
479,24,355000000,24.355000000,frame_0479.png,1280,960
480,24,388000000,24.388000000,frame_0480.png,1280,960
481,24,421000000,24.421000000,frame_0481.png,1280,960
482,24,454000000,24.454000000,frame_0482.png,1280,960
483,24,487000000,24.487000000,frame_0483.png,1280,960
484,24,520000000,24.520000000,frame_0484.png,1280,960
485,24,553000000,24.553000000,frame_0485.png,1280,960
486,24,586000000,24.586000000,frame_0486.png,1280,960
487,24,619000000,24.619000000,frame_0487.png,1280,960
488,24,652000000,24.652000000,frame_0488.png,1280,960
489,24,685000000,24.685000000,frame_0489.png,1280,960
490,24,718000000,24.718000000,frame_0490.png,1280,960
491,24,751000000,24.751000000,frame_0491.png,1280,960
492,24,784000000,24.784000000,frame_0492.png,1280,960
493,24,817000000,24.817000000,frame_0493.png,1280,960
494,24,850000000,24.850000000,frame_0494.png,1280,960
495,24,883000000,24.883000000,frame_0495.png,1280,960
496,24,916000000,24.916000000,frame_0496.png,1280,960
497,24,949000000,24.949000000,frame_0497.png,1280,960
498,24,982000000,24.982000000,frame_0498.png,1280,960
499,25,15000000,25.015000000,frame_0499.png,1280,960
500,25,48000000,25.048000000,frame_0500.png,1280,960
501,25,81000000,25.081000000,frame_0501.png,1280,960
502,25,114000000,25.114000000,frame_0502.png,1280,960
503,25,147000000,25.147000000,frame_0503.png,1280,960
504,25,180000000,25.180000000,frame_0504.png,1280,960
505,25,213000000,25.213000000,frame_0505.png,1280,960
506,25,246000000,25.246000000,frame_0506.png,1280,960
507,25,279000000,25.279000000,frame_0507.png,1280,960
508,25,312000000,25.312000000,frame_0508.png,1280,960
509,25,345000000,25.345000000,frame_0509.png,1280,960
510,25,378000000,25.378000000,frame_0510.png,1280,960
511,25,411000000,25.411000000,frame_0511.png,1280,960
512,25,444000000,25.444000000,frame_0512.png,1280,960
513,25,477000000,25.477000000,frame_0513.png,1280,960
514,25,510000000,25.510000000,frame_0514.png,1280,960
515,25,543000000,25.543000000,frame_0515.png,1280,960
516,25,576000000,25.576000000,frame_0516.png,1280,960
517,25,609000000,25.609000000,frame_0517.png,1280,960
518,25,642000000,25.642000000,frame_0518.png,1280,960
519,25,675000000,25.675000000,frame_0519.png,1280,960
520,25,708000000,25.708000000,frame_0520.png,1280,960
521,25,741000000,25.741000000,frame_0521.png,1280,960
522,25,774000000,25.774000000,frame_0522.png,1280,960
523,25,807000000,25.807000000,frame_0523.png,1280,960
524,25,840000000,25.840000000,frame_0524.png,1280,960
525,25,873000000,25.873000000,frame_0525.png,1280,960
526,25,906000000,25.906000000,frame_0526.png,1280,960
527,25,939000000,25.939000000,frame_0527.png,1280,960
528,25,972000000,25.972000000,frame_0528.png,1280,960
529,26,5000000,26.005000000,frame_0529.png,1280,960
530,26,38000000,26.038000000,frame_0530.png,1280,960
531,26,71000000,26.071000000,frame_0531.png,1280,960
532,26,104000000,26.104000000,frame_0532.png,1280,960
533,26,137000000,26.137000000,frame_0533.png,1280,960
534,26,170000000,26.170000000,frame_0534.png,1280,960
535,26,203000000,26.203000000,frame_0535.png,1280,960
536,26,236000000,26.236000000,frame_0536.png,1280,960
537,26,269000000,26.269000000,frame_0537.png,1280,960
538,26,302000000,26.302000000,frame_0538.png,1280,960
539,26,335000000,26.335000000,frame_0539.png,1280,960
540,26,368000000,26.368000000,frame_0540.png,1280,960
541,26,401000000,26.401000000,frame_0541.png,1280,960
542,26,434000000,26.434000000,frame_0542.png,1280,960
543,26,467000000,26.467000000,frame_0543.png,1280,960
544,26,500000000,26.500000000,frame_0544.png,1280,960
545,26,533000000,26.533000000,frame_0545.png,1280,960
546,26,566000000,26.566000000,frame_0546.png,1280,960
547,26,599000000,26.599000000,frame_0547.png,1280,960
548,26,632000000,26.632000000,frame_0548.png,1280,960
549,26,665000000,26.665000000,frame_0549.png,1280,960
550,26,698000000,26.698000000,frame_0550.png,1280,960
551,26,731000000,26.731000000,frame_0551.png,1280,960
552,26,764000000,26.764000000,frame_0552.png,1280,960
553,26,797000000,26.797000000,frame_0553.png,1280,960
554,26,830000000,26.830000000,frame_0554.png,1280,960
555,26,863000000,26.863000000,frame_0555.png,1280,960
556,26,896000000,26.896000000,frame_0556.png,1280,960
557,26,929000000,26.929000000,frame_0557.png,1280,960
558,26,962000000,26.962000000,frame_0558.png,1280,960
559,26,995000000,26.995000000,frame_0559.png,1280,960
560,27,28000000,27.028000000,frame_0560.png,1280,960
561,27,61000000,27.061000000,frame_0561.png,1280,960
562,27,94000000,27.094000000,frame_0562.png,1280,960
563,27,127000000,27.127000000,frame_0563.png,1280,960
564,27,160000000,27.160000000,frame_0564.png,1280,960
565,27,193000000,27.193000000,frame_0565.png,1280,960
566,27,226000000,27.226000000,frame_0566.png,1280,960
567,27,259000000,27.259000000,frame_0567.png,1280,960
568,27,292000000,27.292000000,frame_0568.png,1280,960
569,27,325000000,27.325000000,frame_0569.png,1280,960
570,27,358000000,27.358000000,frame_0570.png,1280,960
571,27,391000000,27.391000000,frame_0571.png,1280,960
572,27,424000000,27.424000000,frame_0572.png,1280,960
573,27,457000000,27.457000000,frame_0573.png,1280,960
574,27,490000000,27.490000000,frame_0574.png,1280,960
575,27,523000000,27.523000000,frame_0575.png,1280,960
576,27,556000000,27.556000000,frame_0576.png,1280,960
577,27,589000000,27.589000000,frame_0577.png,1280,960
578,27,622000000,27.622000000,frame_0578.png,1280,960
579,27,655000000,27.655000000,frame_0579.png,1280,960
580,27,688000000,27.688000000,frame_0580.png,1280,960
581,27,721000000,27.721000000,frame_0581.png,1280,960
582,27,754000000,27.754000000,frame_0582.png,1280,960
583,27,787000000,27.787000000,frame_0583.png,1280,960
584,27,820000000,27.820000000,frame_0584.png,1280,960
585,27,853000000,27.853000000,frame_0585.png,1280,960
586,27,886000000,27.886000000,frame_0586.png,1280,960
587,27,919000000,27.919000000,frame_0587.png,1280,960
588,27,952000000,27.952000000,frame_0588.png,1280,960
589,27,985000000,27.985000000,frame_0589.png,1280,960
590,28,18000000,28.018000000,frame_0590.png,1280,960
591,28,51000000,28.051000000,frame_0591.png,1280,960
592,28,84000000,28.084000000,frame_0592.png,1280,960
593,28,117000000,28.117000000,frame_0593.png,1280,960
594,28,150000000,28.150000000,frame_0594.png,1280,960
595,28,183000000,28.183000000,frame_0595.png,1280,960
596,28,216000000,28.216000000,frame_0596.png,1280,960
597,28,249000000,28.249000000,frame_0597.png,1280,960
598,28,282000000,28.282000000,frame_0598.png,1280,960
599,28,315000000,28.315000000,frame_0599.png,1280,960
600,28,348000000,28.348000000,frame_0600.png,1280,960
601,28,381000000,28.381000000,frame_0601.png,1280,960
602,28,414000000,28.414000000,frame_0602.png,1280,960
603,28,447000000,28.447000000,frame_0603.png,1280,960
604,28,480000000,28.480000000,frame_0604.png,1280,960
605,28,513000000,28.513000000,frame_0605.png,1280,960
606,28,546000000,28.546000000,frame_0606.png,1280,960
607,28,579000000,28.579000000,frame_0607.png,1280,960
608,28,612000000,28.612000000,frame_0608.png,1280,960
609,28,645000000,28.645000000,frame_0609.png,1280,960
610,28,678000000,28.678000000,frame_0610.png,1280,960
611,28,711000000,28.711000000,frame_0611.png,1280,960
612,28,744000000,28.744000000,frame_0612.png,1280,960
613,28,777000000,28.777000000,frame_0613.png,1280,960
614,28,810000000,28.810000000,frame_0614.png,1280,960
615,28,843000000,28.843000000,frame_0615.png,1280,960
616,28,876000000,28.876000000,frame_0616.png,1280,960
617,28,909000000,28.909000000,frame_0617.png,1280,960
618,28,942000000,28.942000000,frame_0618.png,1280,960
619,28,975000000,28.975000000,frame_0619.png,1280,960
620,29,8000000,29.008000000,frame_0620.png,1280,960
621,29,41000000,29.041000000,frame_0621.png,1280,960
622,29,74000000,29.074000000,frame_0622.png,1280,960
623,29,107000000,29.107000000,frame_0623.png,1280,960
624,29,140000000,29.140000000,frame_0624.png,1280,960
625,29,173000000,29.173000000,frame_0625.png,1280,960
626,29,206000000,29.206000000,frame_0626.png,1280,960
627,29,239000000,29.239000000,frame_0627.png,1280,960
628,29,272000000,29.272000000,frame_0628.png,1280,960
629,29,305000000,29.305000000,frame_0629.png,1280,960
630,29,338000000,29.338000000,frame_0630.png,1280,960
631,29,371000000,29.371000000,frame_0631.png,1280,960
632,29,404000000,29.404000000,frame_0632.png,1280,960
633,29,437000000,29.437000000,frame_0633.png,1280,960
634,29,470000000,29.470000000,frame_0634.png,1280,960
635,29,503000000,29.503000000,frame_0635.png,1280,960
636,29,536000000,29.536000000,frame_0636.png,1280,960
637,29,569000000,29.569000000,frame_0637.png,1280,960
638,29,602000000,29.602000000,frame_0638.png,1280,960
639,29,635000000,29.635000000,frame_0639.png,1280,960
640,29,668000000,29.668000000,frame_0640.png,1280,960
641,29,701000000,29.701000000,frame_0641.png,1280,960
642,29,734000000,29.734000000,frame_0642.png,1280,960
643,29,767000000,29.767000000,frame_0643.png,1280,960
644,29,800000000,29.800000000,frame_0644.png,1280,960
645,29,833000000,29.833000000,frame_0645.png,1280,960
646,29,866000000,29.866000000,frame_0646.png,1280,960
647,29,899000000,29.899000000,frame_0647.png,1280,960
648,29,932000000,29.932000000,frame_0648.png,1280,960
649,29,965000000,29.965000000,frame_0649.png,1280,960
650,29,998000000,29.998000000,frame_0650.png,1280,960
651,30,31000000,30.031000000,frame_0651.png,1280,960
652,30,64000000,30.064000000,frame_0652.png,1280,960
653,30,97000000,30.097000000,frame_0653.png,1280,960
654,30,130000000,30.130000000,frame_0654.png,1280,960
655,30,163000000,30.163000000,frame_0655.png,1280,960
656,30,196000000,30.196000000,frame_0656.png,1280,960
657,30,229000000,30.229000000,frame_0657.png,1280,960
658,30,262000000,30.262000000,frame_0658.png,1280,960
659,30,295000000,30.295000000,frame_0659.png,1280,960
660,30,328000000,30.328000000,frame_0660.png,1280,960
661,30,361000000,30.361000000,frame_0661.png,1280,960
662,30,394000000,30.394000000,frame_0662.png,1280,960
663,30,427000000,30.427000000,frame_0663.png,1280,960
664,30,460000000,30.460000000,frame_0664.png,1280,960
665,30,493000000,30.493000000,frame_0665.png,1280,960
666,30,526000000,30.526000000,frame_0666.png,1280,960
667,30,559000000,30.559000000,frame_0667.png,1280,960
668,30,592000000,30.592000000,frame_0668.png,1280,960
669,30,625000000,30.625000000,frame_0669.png,1280,960
670,30,658000000,30.658000000,frame_0670.png,1280,960
671,30,691000000,30.691000000,frame_0671.png,1280,960
672,30,724000000,30.724000000,frame_0672.png,1280,960
673,30,757000000,30.757000000,frame_0673.png,1280,960
674,30,790000000,30.790000000,frame_0674.png,1280,960
675,30,823000000,30.823000000,frame_0675.png,1280,960
676,30,856000000,30.856000000,frame_0676.png,1280,960
677,30,889000000,30.889000000,frame_0677.png,1280,960
678,30,922000000,30.922000000,frame_0678.png,1280,960
679,30,955000000,30.955000000,frame_0679.png,1280,960
680,30,988000000,30.988000000,frame_0680.png,1280,960
681,31,21000000,31.021000000,frame_0681.png,1280,960
682,31,54000000,31.054000000,frame_0682.png,1280,960
683,31,87000000,31.087000000,frame_0683.png,1280,960
684,31,120000000,31.120000000,frame_0684.png,1280,960
685,31,153000000,31.153000000,frame_0685.png,1280,960
686,31,186000000,31.186000000,frame_0686.png,1280,960
687,31,219000000,31.219000000,frame_0687.png,1280,960
688,31,252000000,31.252000000,frame_0688.png,1280,960
689,31,285000000,31.285000000,frame_0689.png,1280,960
690,31,318000000,31.318000000,frame_0690.png,1280,960
691,31,351000000,31.351000000,frame_0691.png,1280,960
692,31,384000000,31.384000000,frame_0692.png,1280,960
693,31,417000000,31.417000000,frame_0693.png,1280,960
694,31,450000000,31.450000000,frame_0694.png,1280,960
695,31,483000000,31.483000000,frame_0695.png,1280,960
696,31,516000000,31.516000000,frame_0696.png,1280,960
697,31,549000000,31.549000000,frame_0697.png,1280,960
698,31,582000000,31.582000000,frame_0698.png,1280,960
699,31,615000000,31.615000000,frame_0699.png,1280,960
700,31,648000000,31.648000000,frame_0700.png,1280,960
701,31,681000000,31.681000000,frame_0701.png,1280,960
702,31,714000000,31.714000000,frame_0702.png,1280,960
703,31,747000000,31.747000000,frame_0703.png,1280,960
704,31,780000000,31.780000000,frame_0704.png,1280,960
705,31,813000000,31.813000000,frame_0705.png,1280,960
706,31,846000000,31.846000000,frame_0706.png,1280,960
707,31,879000000,31.879000000,frame_0707.png,1280,960
708,31,912000000,31.912000000,frame_0708.png,1280,960
709,31,945000000,31.945000000,frame_0709.png,1280,960
710,31,978000000,31.978000000,frame_0710.png,1280,960
711,32,11000000,32.011000000,frame_0711.png,1280,960
712,32,44000000,32.044000000,frame_0712.png,1280,960
713,32,77000000,32.077000000,frame_0713.png,1280,960
714,32,110000000,32.110000000,frame_0714.png,1280,960
715,32,143000000,32.143000000,frame_0715.png,1280,960
716,32,176000000,32.176000000,frame_0716.png,1280,960
717,32,209000000,32.209000000,frame_0717.png,1280,960
718,32,242000000,32.242000000,frame_0718.png,1280,960
719,32,275000000,32.275000000,frame_0719.png,1280,960
720,32,308000000,32.308000000,frame_0720.png,1280,960
721,32,341000000,32.341000000,frame_0721.png,1280,960
722,32,374000000,32.374000000,frame_0722.png,1280,960
723,32,407000000,32.407000000,frame_0723.png,1280,960
724,32,440000000,32.440000000,frame_0724.png,1280,960
725,32,473000000,32.473000000,frame_0725.png,1280,960
726,32,506000000,32.506000000,frame_0726.png,1280,960
727,32,539000000,32.539000000,frame_0727.png,1280,960
728,32,572000000,32.572000000,frame_0728.png,1280,960
729,32,605000000,32.605000000,frame_0729.png,1280,960
730,32,638000000,32.638000000,frame_0730.png,1280,960
731,32,671000000,32.671000000,frame_0731.png,1280,960
732,32,704000000,32.704000000,frame_0732.png,1280,960
733,32,737000000,32.737000000,frame_0733.png,1280,960
734,32,770000000,32.770000000,frame_0734.png,1280,960
735,32,803000000,32.803000000,frame_0735.png,1280,960
736,32,836000000,32.836000000,frame_0736.png,1280,960
737,32,869000000,32.869000000,frame_0737.png,1280,960
738,32,902000000,32.902000000,frame_0738.png,1280,960
739,32,935000000,32.935000000,frame_0739.png,1280,960
740,32,968000000,32.968000000,frame_0740.png,1280,960
741,33,1000000,33.001000000,frame_0741.png,1280,960
742,33,34000000,33.034000000,frame_0742.png,1280,960
743,33,67000000,33.067000000,frame_0743.png,1280,960
744,33,100000000,33.100000000,frame_0744.png,1280,960
745,33,133000000,33.133000000,frame_0745.png,1280,960
746,33,166000000,33.166000000,frame_0746.png,1280,960
747,33,199000000,33.199000000,frame_0747.png,1280,960
748,33,232000000,33.232000000,frame_0748.png,1280,960
749,33,265000000,33.265000000,frame_0749.png,1280,960
750,33,298000000,33.298000000,frame_0750.png,1280,960
751,33,331000000,33.331000000,frame_0751.png,1280,960
752,33,364000000,33.364000000,frame_0752.png,1280,960
753,33,397000000,33.397000000,frame_0753.png,1280,960
754,33,430000000,33.430000000,frame_0754.png,1280,960
755,33,463000000,33.463000000,frame_0755.png,1280,960
756,33,496000000,33.496000000,frame_0756.png,1280,960
757,33,529000000,33.529000000,frame_0757.png,1280,960
758,33,562000000,33.562000000,frame_0758.png,1280,960
759,33,595000000,33.595000000,frame_0759.png,1280,960
760,33,628000000,33.628000000,frame_0760.png,1280,960
761,33,661000000,33.661000000,frame_0761.png,1280,960
762,33,694000000,33.694000000,frame_0762.png,1280,960
763,33,727000000,33.727000000,frame_0763.png,1280,960
764,33,760000000,33.760000000,frame_0764.png,1280,960
765,33,793000000,33.793000000,frame_0765.png,1280,960
766,33,826000000,33.826000000,frame_0766.png,1280,960
767,33,859000000,33.859000000,frame_0767.png,1280,960
768,33,892000000,33.892000000,frame_0768.png,1280,960
769,33,925000000,33.925000000,frame_0769.png,1280,960
770,33,958000000,33.958000000,frame_0770.png,1280,960
771,33,991000000,33.991000000,frame_0771.png,1280,960
772,34,24000000,34.024000000,frame_0772.png,1280,960
773,34,57000000,34.057000000,frame_0773.png,1280,960
774,34,90000000,34.090000000,frame_0774.png,1280,960
775,34,123000000,34.123000000,frame_0775.png,1280,960
776,34,156000000,34.156000000,frame_0776.png,1280,960
777,34,189000000,34.189000000,frame_0777.png,1280,960
778,34,222000000,34.222000000,frame_0778.png,1280,960
779,34,255000000,34.255000000,frame_0779.png,1280,960
780,34,288000000,34.288000000,frame_0780.png,1280,960
781,34,321000000,34.321000000,frame_0781.png,1280,960
782,34,354000000,34.354000000,frame_0782.png,1280,960
783,34,387000000,34.387000000,frame_0783.png,1280,960
784,34,420000000,34.420000000,frame_0784.png,1280,960
785,34,453000000,34.453000000,frame_0785.png,1280,960
786,34,486000000,34.486000000,frame_0786.png,1280,960
787,34,519000000,34.519000000,frame_0787.png,1280,960
788,34,552000000,34.552000000,frame_0788.png,1280,960
789,34,585000000,34.585000000,frame_0789.png,1280,960
790,34,618000000,34.618000000,frame_0790.png,1280,960
791,34,651000000,34.651000000,frame_0791.png,1280,960
792,34,684000000,34.684000000,frame_0792.png,1280,960
793,34,717000000,34.717000000,frame_0793.png,1280,960
794,34,750000000,34.750000000,frame_0794.png,1280,960
795,34,783000000,34.783000000,frame_0795.png,1280,960
796,34,816000000,34.816000000,frame_0796.png,1280,960
797,34,849000000,34.849000000,frame_0797.png,1280,960
798,34,882000000,34.882000000,frame_0798.png,1280,960
799,34,915000000,34.915000000,frame_0799.png,1280,960
800,34,948000000,34.948000000,frame_0800.png,1280,960
801,34,981000000,34.981000000,frame_0801.png,1280,960
802,35,14000000,35.014000000,frame_0802.png,1280,960
803,35,47000000,35.047000000,frame_0803.png,1280,960
804,35,80000000,35.080000000,frame_0804.png,1280,960
805,35,113000000,35.113000000,frame_0805.png,1280,960
806,35,146000000,35.146000000,frame_0806.png,1280,960
807,35,179000000,35.179000000,frame_0807.png,1280,960
808,35,212000000,35.212000000,frame_0808.png,1280,960
809,35,245000000,35.245000000,frame_0809.png,1280,960
810,35,278000000,35.278000000,frame_0810.png,1280,960
811,35,311000000,35.311000000,frame_0811.png,1280,960
812,35,344000000,35.344000000,frame_0812.png,1280,960
813,35,377000000,35.377000000,frame_0813.png,1280,960
814,35,410000000,35.410000000,frame_0814.png,1280,960
815,35,443000000,35.443000000,frame_0815.png,1280,960
816,35,476000000,35.476000000,frame_0816.png,1280,960
817,35,509000000,35.509000000,frame_0817.png,1280,960
818,35,542000000,35.542000000,frame_0818.png,1280,960
819,35,575000000,35.575000000,frame_0819.png,1280,960
820,35,608000000,35.608000000,frame_0820.png,1280,960
821,35,641000000,35.641000000,frame_0821.png,1280,960
822,35,674000000,35.674000000,frame_0822.png,1280,960
823,35,707000000,35.707000000,frame_0823.png,1280,960
824,35,740000000,35.740000000,frame_0824.png,1280,960
825,35,773000000,35.773000000,frame_0825.png,1280,960
826,35,806000000,35.806000000,frame_0826.png,1280,960
827,35,839000000,35.839000000,frame_0827.png,1280,960
828,35,872000000,35.872000000,frame_0828.png,1280,960
829,35,905000000,35.905000000,frame_0829.png,1280,960
830,35,938000000,35.938000000,frame_0830.png,1280,960
831,35,971000000,35.971000000,frame_0831.png,1280,960
832,36,4000000,36.004000000,frame_0832.png,1280,960
833,36,37000000,36.037000000,frame_0833.png,1280,960
834,36,70000000,36.070000000,frame_0834.png,1280,960
835,36,103000000,36.103000000,frame_0835.png,1280,960
836,36,136000000,36.136000000,frame_0836.png,1280,960
837,36,169000000,36.169000000,frame_0837.png,1280,960
838,36,202000000,36.202000000,frame_0838.png,1280,960
839,36,235000000,36.235000000,frame_0839.png,1280,960
840,36,268000000,36.268000000,frame_0840.png,1280,960
841,36,301000000,36.301000000,frame_0841.png,1280,960
842,36,334000000,36.334000000,frame_0842.png,1280,960
843,36,367000000,36.367000000,frame_0843.png,1280,960
844,36,400000000,36.400000000,frame_0844.png,1280,960
845,36,433000000,36.433000000,frame_0845.png,1280,960
846,36,466000000,36.466000000,frame_0846.png,1280,960
847,36,499000000,36.499000000,frame_0847.png,1280,960
848,36,532000000,36.532000000,frame_0848.png,1280,960
849,36,565000000,36.565000000,frame_0849.png,1280,960
850,36,598000000,36.598000000,frame_0850.png,1280,960
851,36,631000000,36.631000000,frame_0851.png,1280,960
852,36,664000000,36.664000000,frame_0852.png,1280,960
853,36,697000000,36.697000000,frame_0853.png,1280,960
854,36,730000000,36.730000000,frame_0854.png,1280,960
855,36,763000000,36.763000000,frame_0855.png,1280,960
856,36,796000000,36.796000000,frame_0856.png,1280,960
857,36,829000000,36.829000000,frame_0857.png,1280,960
858,36,862000000,36.862000000,frame_0858.png,1280,960
859,36,895000000,36.895000000,frame_0859.png,1280,960
860,36,928000000,36.928000000,frame_0860.png,1280,960
861,36,961000000,36.961000000,frame_0861.png,1280,960
862,36,994000000,36.994000000,frame_0862.png,1280,960
863,37,27000000,37.027000000,frame_0863.png,1280,960
864,37,60000000,37.060000000,frame_0864.png,1280,960
865,37,93000000,37.093000000,frame_0865.png,1280,960
866,37,126000000,37.126000000,frame_0866.png,1280,960
867,37,159000000,37.159000000,frame_0867.png,1280,960
868,37,192000000,37.192000000,frame_0868.png,1280,960
869,37,225000000,37.225000000,frame_0869.png,1280,960
870,37,258000000,37.258000000,frame_0870.png,1280,960
871,37,291000000,37.291000000,frame_0871.png,1280,960
872,37,324000000,37.324000000,frame_0872.png,1280,960
873,37,357000000,37.357000000,frame_0873.png,1280,960
874,37,390000000,37.390000000,frame_0874.png,1280,960
875,37,423000000,37.423000000,frame_0875.png,1280,960
876,37,456000000,37.456000000,frame_0876.png,1280,960
877,37,489000000,37.489000000,frame_0877.png,1280,960
878,37,522000000,37.522000000,frame_0878.png,1280,960
879,37,555000000,37.555000000,frame_0879.png,1280,960
880,37,588000000,37.588000000,frame_0880.png,1280,960
881,37,621000000,37.621000000,frame_0881.png,1280,960
882,37,654000000,37.654000000,frame_0882.png,1280,960
883,37,687000000,37.687000000,frame_0883.png,1280,960
884,37,720000000,37.720000000,frame_0884.png,1280,960
885,37,753000000,37.753000000,frame_0885.png,1280,960
886,37,786000000,37.786000000,frame_0886.png,1280,960
887,37,819000000,37.819000000,frame_0887.png,1280,960
888,37,852000000,37.852000000,frame_0888.png,1280,960
889,37,885000000,37.885000000,frame_0889.png,1280,960
890,37,918000000,37.918000000,frame_0890.png,1280,960
891,37,951000000,37.951000000,frame_0891.png,1280,960
892,37,984000000,37.984000000,frame_0892.png,1280,960
893,38,17000000,38.017000000,frame_0893.png,1280,960
894,38,50000000,38.050000000,frame_0894.png,1280,960
895,38,83000000,38.083000000,frame_0895.png,1280,960
896,38,116000000,38.116000000,frame_0896.png,1280,960
897,38,149000000,38.149000000,frame_0897.png,1280,960
898,38,182000000,38.182000000,frame_0898.png,1280,960
899,38,215000000,38.215000000,frame_0899.png,1280,960
900,38,248000000,38.248000000,frame_0900.png,1280,960
901,38,281000000,38.281000000,frame_0901.png,1280,960
902,38,314000000,38.314000000,frame_0902.png,1280,960
903,38,347000000,38.347000000,frame_0903.png,1280,960
904,38,380000000,38.380000000,frame_0904.png,1280,960
905,38,413000000,38.413000000,frame_0905.png,1280,960
906,38,446000000,38.446000000,frame_0906.png,1280,960
907,38,479000000,38.479000000,frame_0907.png,1280,960
908,38,512000000,38.512000000,frame_0908.png,1280,960
909,38,545000000,38.545000000,frame_0909.png,1280,960
910,38,578000000,38.578000000,frame_0910.png,1280,960
911,38,611000000,38.611000000,frame_0911.png,1280,960
912,38,644000000,38.644000000,frame_0912.png,1280,960
913,38,677000000,38.677000000,frame_0913.png,1280,960
914,38,710000000,38.710000000,frame_0914.png,1280,960
915,38,743000000,38.743000000,frame_0915.png,1280,960
916,38,776000000,38.776000000,frame_0916.png,1280,960
917,38,809000000,38.809000000,frame_0917.png,1280,960
918,38,842000000,38.842000000,frame_0918.png,1280,960
919,38,875000000,38.875000000,frame_0919.png,1280,960
920,38,908000000,38.908000000,frame_0920.png,1280,960
921,38,941000000,38.941000000,frame_0921.png,1280,960
922,38,974000000,38.974000000,frame_0922.png,1280,960
923,39,7000000,39.007000000,frame_0923.png,1280,960
924,39,40000000,39.040000000,frame_0924.png,1280,960
925,39,73000000,39.073000000,frame_0925.png,1280,960
926,39,106000000,39.106000000,frame_0926.png,1280,960
927,39,139000000,39.139000000,frame_0927.png,1280,960
928,39,172000000,39.172000000,frame_0928.png,1280,960
929,39,205000000,39.205000000,frame_0929.png,1280,960
930,39,238000000,39.238000000,frame_0930.png,1280,960
931,39,271000000,39.271000000,frame_0931.png,1280,960
932,39,304000000,39.304000000,frame_0932.png,1280,960
933,39,337000000,39.337000000,frame_0933.png,1280,960
934,39,370000000,39.370000000,frame_0934.png,1280,960
935,39,403000000,39.403000000,frame_0935.png,1280,960
936,39,436000000,39.436000000,frame_0936.png,1280,960
937,39,469000000,39.469000000,frame_0937.png,1280,960
938,39,502000000,39.502000000,frame_0938.png,1280,960
939,39,535000000,39.535000000,frame_0939.png,1280,960
940,39,568000000,39.568000000,frame_0940.png,1280,960
941,39,601000000,39.601000000,frame_0941.png,1280,960
942,39,634000000,39.634000000,frame_0942.png,1280,960
943,39,667000000,39.667000000,frame_0943.png,1280,960
944,39,700000000,39.700000000,frame_0944.png,1280,960
945,39,733000000,39.733000000,frame_0945.png,1280,960
946,39,766000000,39.766000000,frame_0946.png,1280,960
947,39,799000000,39.799000000,frame_0947.png,1280,960
948,39,832000000,39.832000000,frame_0948.png,1280,960
949,39,865000000,39.865000000,frame_0949.png,1280,960
950,39,898000000,39.898000000,frame_0950.png,1280,960
951,39,931000000,39.931000000,frame_0951.png,1280,960
952,39,964000000,39.964000000,frame_0952.png,1280,960
953,39,997000000,39.997000000,frame_0953.png,1280,960
954,40,30000000,40.030000000,frame_0954.png,1280,960
955,40,63000000,40.063000000,frame_0955.png,1280,960
956,40,96000000,40.096000000,frame_0956.png,1280,960
957,40,129000000,40.129000000,frame_0957.png,1280,960
958,40,162000000,40.162000000,frame_0958.png,1280,960
959,40,195000000,40.195000000,frame_0959.png,1280,960
960,40,228000000,40.228000000,frame_0960.png,1280,960
961,40,261000000,40.261000000,frame_0961.png,1280,960
962,40,294000000,40.294000000,frame_0962.png,1280,960
963,40,327000000,40.327000000,frame_0963.png,1280,960
964,40,360000000,40.360000000,frame_0964.png,1280,960
965,40,393000000,40.393000000,frame_0965.png,1280,960
966,40,426000000,40.426000000,frame_0966.png,1280,960
967,40,459000000,40.459000000,frame_0967.png,1280,960
968,40,492000000,40.492000000,frame_0968.png,1280,960
969,40,525000000,40.525000000,frame_0969.png,1280,960
970,40,558000000,40.558000000,frame_0970.png,1280,960
971,40,591000000,40.591000000,frame_0971.png,1280,960
972,40,624000000,40.624000000,frame_0972.png,1280,960
973,40,657000000,40.657000000,frame_0973.png,1280,960
974,40,690000000,40.690000000,frame_0974.png,1280,960
975,40,723000000,40.723000000,frame_0975.png,1280,960
976,40,756000000,40.756000000,frame_0976.png,1280,960
977,40,789000000,40.789000000,frame_0977.png,1280,960
978,40,822000000,40.822000000,frame_0978.png,1280,960
979,40,855000000,40.855000000,frame_0979.png,1280,960
980,40,888000000,40.888000000,frame_0980.png,1280,960
981,40,921000000,40.921000000,frame_0981.png,1280,960
982,40,954000000,40.954000000,frame_0982.png,1280,960
983,40,987000000,40.987000000,frame_0983.png,1280,960
984,41,20000000,41.020000000,frame_0984.png,1280,960
985,41,53000000,41.053000000,frame_0985.png,1280,960
986,41,86000000,41.086000000,frame_0986.png,1280,960
987,41,119000000,41.119000000,frame_0987.png,1280,960
988,41,152000000,41.152000000,frame_0988.png,1280,960
989,41,185000000,41.185000000,frame_0989.png,1280,960
990,41,218000000,41.218000000,frame_0990.png,1280,960
991,41,251000000,41.251000000,frame_0991.png,1280,960
992,41,284000000,41.284000000,frame_0992.png,1280,960
993,41,317000000,41.317000000,frame_0993.png,1280,960
994,41,350000000,41.350000000,frame_0994.png,1280,960
995,41,383000000,41.383000000,frame_0995.png,1280,960
996,41,416000000,41.416000000,frame_0996.png,1280,960
997,41,449000000,41.449000000,frame_0997.png,1280,960
998,41,482000000,41.482000000,frame_0998.png,1280,960
999,41,515000000,41.515000000,frame_0999.png,1280,960
1000,41,548000000,41.548000000,frame_1000.png,1280,960
1001,41,581000000,41.581000000,frame_1001.png,1280,960
1002,41,614000000,41.614000000,frame_1002.png,1280,960
1003,41,647000000,41.647000000,frame_1003.png,1280,960
1004,41,680000000,41.680000000,frame_1004.png,1280,960
1005,41,713000000,41.713000000,frame_1005.png,1280,960
1006,41,746000000,41.746000000,frame_1006.png,1280,960
1007,41,779000000,41.779000000,frame_1007.png,1280,960
1008,41,812000000,41.812000000,frame_1008.png,1280,960
1009,41,845000000,41.845000000,frame_1009.png,1280,960
1010,41,878000000,41.878000000,frame_1010.png,1280,960
1011,41,911000000,41.911000000,frame_1011.png,1280,960
1012,41,944000000,41.944000000,frame_1012.png,1280,960
1013,41,977000000,41.977000000,frame_1013.png,1280,960
1014,42,10000000,42.010000000,frame_1014.png,1280,960
1015,42,43000000,42.043000000,frame_1015.png,1280,960
1016,42,76000000,42.076000000,frame_1016.png,1280,960
1017,42,109000000,42.109000000,frame_1017.png,1280,960
1018,42,142000000,42.142000000,frame_1018.png,1280,960
1019,42,175000000,42.175000000,frame_1019.png,1280,960
1020,42,208000000,42.208000000,frame_1020.png,1280,960
1021,42,241000000,42.241000000,frame_1021.png,1280,960
1022,42,274000000,42.274000000,frame_1022.png,1280,960
1023,42,307000000,42.307000000,frame_1023.png,1280,960
1024,42,340000000,42.340000000,frame_1024.png,1280,960
1025,42,373000000,42.373000000,frame_1025.png,1280,960
1026,42,406000000,42.406000000,frame_1026.png,1280,960
1027,42,439000000,42.439000000,frame_1027.png,1280,960
1028,42,472000000,42.472000000,frame_1028.png,1280,960
1029,42,505000000,42.505000000,frame_1029.png,1280,960
1030,42,538000000,42.538000000,frame_1030.png,1280,960
1031,42,571000000,42.571000000,frame_1031.png,1280,960
1032,42,604000000,42.604000000,frame_1032.png,1280,960
1033,42,637000000,42.637000000,frame_1033.png,1280,960
1034,42,670000000,42.670000000,frame_1034.png,1280,960
1035,42,703000000,42.703000000,frame_1035.png,1280,960
1036,42,736000000,42.736000000,frame_1036.png,1280,960
1037,42,769000000,42.769000000,frame_1037.png,1280,960
1038,42,802000000,42.802000000,frame_1038.png,1280,960
1039,42,835000000,42.835000000,frame_1039.png,1280,960
1040,42,868000000,42.868000000,frame_1040.png,1280,960
1041,42,901000000,42.901000000,frame_1041.png,1280,960
1042,42,934000000,42.934000000,frame_1042.png,1280,960
1043,42,967000000,42.967000000,frame_1043.png,1280,960
1044,43,0,43.000000000,frame_1044.png,1280,960
1045,43,33000000,43.033000000,frame_1045.png,1280,960
1046,43,66000000,43.066000000,frame_1046.png,1280,960
1047,43,99000000,43.099000000,frame_1047.png,1280,960
1048,43,132000000,43.132000000,frame_1048.png,1280,960
1049,43,165000000,43.165000000,frame_1049.png,1280,960
1050,43,198000000,43.198000000,frame_1050.png,1280,960
