sample_idx,timestamp_sec,timestamp_nanosec,timestamp_total_sec,pos_x,pos_y,pos_z,rot_x,rot_y,rot_z,rot_w
0,1788537250,492466076,1788537250.492465973,19.0000000000000000,-15.0000000000000000,-14.1377199168000924,0.0000000000000002,-0.0000000000000013,-0.0000000000000000,1.0000000000000000
1,1788537250,642739482,1788537250.642739534,19.0000000000000000,-15.0000000000000000,-14.4750669568000951,0.0000000000000002,-0.0000000000000013,-0.0000000000000000,1.0000000000000000
2,1788537250,696037937,1788537250.696038008,19.0000000000000000,-15.0000000000000000,-14.7477688896000974,0.0000000000000002,-0.0000000000000014,-0.0000000000000000,1.0000000000000000
3,1788537250,820983923,1788537250.820983887,19.0000000000000000,-15.0000000000000000,-10.5692158560000635,0.0000000000000002,-0.0000000000000010,-0.0000000000000000,1.0000000000000000
4,1788537250,844005904,1788537250.844005823,19.0000000000000000,-15.0000000000000000,-15.0229813120001001,0.0000000000000003,-0.0000000000000014,-0.0000000000000000,1.0000000000000000
5,1788537250,955728343,1788537250.955728292,19.0000000000000000,-15.0000000000000000,-15.3007042240001017,0.0000000000000003,-0.0000000000000014,-0.0000000000000000,1.0000000000000000
6,1788537251,41302481,1788537251.041302443,19.0000000000000000,-15.0000000000000000,-15.6513882400001059,0.0000000000000003,-0.0000000000000014,-0.0000000000000000,1.0000000000000000
7,1788537251,173338890,1788537251.173338890,19.0000000000000000,-15.0000000000000000,-15.9347597536001082,0.0000000000000003,-0.0000000000000015,-0.0000000000000000,1.0000000000000000
8,1788537251,174587601,1788537251.174587488,19.0000000000000000,-15.0000000000000000,-16.2925045216001116,0.0000000000000003,-0.0000000000000015,-0.0000000000000000,1.0000000000000000
9,1788537251,221493623,1788537251.221493721,19.0000000000000000,-15.0000000000000000,-16.6541719296001141,0.0000000000000003,-0.0000000000000015,-0.0000000000000000,1.0000000000000000
10,1788537251,317841592,1788537251.317841530,19.0000000000000000,-15.0000000000000000,-17.0197619776001154,0.0000000000000003,-0.0000000000000016,-0.0000000000000000,1.0000000000000000
11,1788537251,422773410,1788537251.422773361,19.0000000000000000,-15.0000000000000000,-17.3892746656001194,0.0000000000000003,-0.0000000000000016,-0.0000000000000000,1.0000000000000000
12,1788537251,514585705,1788537251.514585733,19.0000000000000000,-15.0000000000000000,-17.7627099936001223,0.0000000000000003,-0.0000000000000016,-0.0000000000000000,1.0000000000000000
13,1788537251,573966856,1788537251.573966742,19.0000000000000000,-15.0000000000000000,-18.1400679616001277,0.0000000000000003,-0.0000000000000017,-0.0000000000000000,1.0000000000000000
14,1788537251,649424156,1788537251.649424076,19.0000000000000000,-15.0000000000000000,-18.4447786368001303,0.0000000000000003,-0.0000000000000017,-0.0000000000000000,1.0000000000000000
15,1788537251,711354713,1788537251.711354733,19.0000000000000000,-15.0000000000000000,-18.8291973568001332,0.0000000000000003,-0.0000000000000017,-0.0000000000000000,1.0000000000000000
16,1788537251,837063288,1788537251.837063313,19.0000000000000000,-15.0000000000000000,-19.1395566336001366,0.0000000000000003,-0.0000000000000018,-0.0000000000000000,1.0000000000000000
17,1788537251,976377239,1788537251.976377249,19.0000000000000000,-15.0000000000000000,-19.5310361056001405,0.0000000000000003,-0.0000000000000018,-0.0000000000000000,1.0000000000000000
18,1788537252,51792973,1788537252.051792860,19.0000000000000000,-15.0000000000000000,-19.8470439840001411,0.0000000000000003,-0.0000000000000018,-0.0000000000000000,1.0000000000000000
19,1788537252,54603788,1788537252.054603815,19.0000000000000000,-15.0000000000000000,-20.2455842080001460,0.0000000000000003,-0.0000000000000019,-0.0000000000000000,1.0000000000000000
20,1788537252,195487376,1788537252.195487261,19.0000000000000000,-15.0000000000000000,-20.5672406880001475,0.0000000000000003,-0.0000000000000019,-0.0000000000000000,1.0000000000000000
21,1788537252,285020163,1788537252.285020113,19.0000000000000000,-15.0000000000000000,-20.9728416640001534,0.0000000000000003,-0.0000000000000019,-0.0000000000000000,1.0000000000000000
22,1788537252,425447530,1788537252.425447464,19.0000000000000000,-15.0000000000000000,-21.3823652800001547,0.0000000000000004,-0.0000000000000020,-0.0000000000000000,1.0000000000000000
23,1788537252,506648929,1788537252.506649017,19.0000000000000000,-15.0000000000000000,-21.7958115360001585,0.0000000000000004,-0.0000000000000020,-0.0000000000000000,1.0000000000000000
24,1788537252,518737516,1788537252.518737555,19.0000000000000000,-15.0000000000000000,-10.8618448000000658,0.0000000000000002,-0.0000000000000010,-0.0000000000000000,1.0000000000000000
25,1788537252,520103315,1788537252.520103216,19.0000000000000000,-15.0000000000000000,-11.1583963840000688,0.0000000000000002,-0.0000000000000010,-0.0000000000000000,1.0000000000000000
26,1788537252,521756463,1788537252.521756411,19.0000000000000000,-15.0000000000000000,-11.3984619520000710,0.0000000000000002,-0.0000000000000010,-0.0000000000000000,1.0000000000000000
27,1788537252,523089951,1788537252.523089886,19.0000000000000000,-15.0000000000000000,-11.7020742880000732,0.0000000000000002,-0.0000000000000011,-0.0000000000000000,1.0000000000000000
28,1788537252,523995744,1788537252.523995638,19.0000000000000000,-15.0000000000000000,-12.0096092640000762,0.0000000000000002,-0.0000000000000011,-0.0000000000000000,1.0000000000000000
29,1788537252,524662711,1788537252.524662733,19.0000000000000000,-15.0000000000000000,-12.2584615456000776,0.0000000000000002,-0.0000000000000011,-0.0000000000000000,1.0000000000000000
30,1788537252,526099191,1788537252.526099205,19.0000000000000000,-15.0000000000000000,-12.5730572736000799,0.0000000000000002,-0.0000000000000012,-0.0000000000000000,1.0000000000000000
31,1788537252,527325799,1788537252.527325869,19.0000000000000000,-15.0000000000000000,-12.8275581568000820,0.0000000000000002,-0.0000000000000012,-0.0000000000000000,1.0000000000000000
32,1788537252,528158678,1788537252.528158665,19.0000000000000000,-15.0000000000000000,-13.1492146368000835,0.0000000000000002,-0.0000000000000012,-0.0000000000000000,1.0000000000000000
33,1788537252,532043948,1788537252.532043934,19.0000000000000000,-15.0000000000000000,-13.4747937568000875,0.0000000000000002,-0.0000000000000012,-0.0000000000000000,1.0000000000000000
34,1788537252,533002173,1788537252.533002138,19.0000000000000000,-15.0000000000000000,-22.2131804320001613,0.0000000000000004,-0.0000000000000020,-0.0000000000000000,1.0000000000000000
35,1788537252,584029363,1788537252.584029436,19.0000000000000000,-15.0000000000000000,-22.4654846368001664,0.0000000000000004,-0.0000000000000021,-0.0000000000000000,1.0000000000000000
36,1788537252,698472094,1788537252.698472023,19.0000000000000000,-15.0000000000000000,-13.8042955168000887,0.0000000000000002,-0.0000000000000013,-0.0000000000000000,1.0000000000000000
37,1788537252,745780577,1788537252.745780468,19.0000000000000000,-15.0000000000000000,-22.9743294976001700,0.0000000000000004,-0.0000000000000021,-0.0000000000000000,1.0000000000000000
38,1788537252,846489847,1788537252.846489906,19.0000000000000000,-15.0000000000000000,-14.1377199168000924,0.0000000000000002,-0.0000000000000013,-0.0000000000000000,1.0000000000000000
39,1788537252,872356563,1788537252.872356653,19.0000000000000000,-15.0000000000000000,-23.4026817856001728,0.0000000000000004,-0.0000000000000021,-0.0000000000000000,1.0000000000000000
40,1788537252,939654541,1788537252.939654589,19.0000000000000000,-15.0000000000000000,-23.7481879168001768,0.0000000000000004,-0.0000000000000022,-0.0000000000000000,1.0000000000000000
41,1788537253,49903801,1788537253.049903870,19.0000000000000000,-15.0000000000000000,-14.4750669568000951,0.0000000000000002,-0.0000000000000013,-0.0000000000000000,1.0000000000000000
42,1788537253,196247238,1788537253.196247339,19.0000000000000000,-15.0000000000000000,-14.7477688896000974,0.0000000000000002,-0.0000000000000014,-0.0000000000000000,1.0000000000000000
43,1788537253,211543591,1788537253.211543560,19.0000000000000000,-15.0000000000000000,-24.1836009568001806,0.0000000000000004,-0.0000000000000022,-0.0000000000000000,1.0000000000000000
44,1788537253,215057592,1788537253.215057611,19.0000000000000000,-15.0000000000000000,-24.6229366368001834,0.0000000000000004,-0.0000000000000023,-0.0000000000000000,1.0000000000000000
45,1788537253,281970912,1788537253.281970978,19.0000000000000000,-15.0000000000000000,-24.9772294816001867,0.0000000000000004,-0.0000000000000023,-0.0000000000000000,1.0000000000000000
46,1788537253,357069411,1788537253.357069492,19.0000000000000000,-15.0000000000000000,-15.0229813120001001,0.0000000000000003,-0.0000000000000014,-0.0000000000000000,1.0000000000000000
47,1788537253,385660505,1788537253.385660410,19.0000000000000000,-15.0000000000000000,-25.4236259136001905,0.0000000000000004,-0.0000000000000023,-0.0000000000000000,1.0000000000000000
48,1788537253,432135499,1788537253.432135582,19.0000000000000000,-15.0000000000000000,-25.7835673600001947,0.0000000000000004,-0.0000000000000024,-0.0000000000000000,1.0000000000000000
49,1788537253,509395429,1788537253.509395361,19.0000000000000000,-15.0000000000000000,-15.3007042240001017,0.0000000000000003,-0.0000000000000014,-0.0000000000000000,1.0000000000000000
50,1788537253,544458744,1788537253.544458628,19.0000000000000000,-15.0000000000000000,-26.1460192960001976,0.0000000000000004,-0.0000000000000024,-0.0000000000000000,1.0000000000000000
51,1788537253,611809517,1788537253.611809492,19.0000000000000000,-15.0000000000000000,-26.4195057568001985,0.0000000000000004,-0.0000000000000024,-0.0000000000000000,1.0000000000000000
52,1788537253,678926853,1788537253.678926945,19.0000000000000000,-15.0000000000000000,-15.6513882400001059,0.0000000000000003,-0.0000000000000014,-0.0000000000000000,1.0000000000000000
53,1788537253,767649061,1788537253.767649174,19.0000000000000000,-15.0000000000000000,-26.8784546368002033,0.0000000000000004,-0.0000000000000025,-0.0000000000000000,1.0000000000000000
54,1788537253,807331027,1788537253.807331085,19.0000000000000000,-15.0000000000000000,-15.9347597536001082,0.0000000000000003,-0.0000000000000015,-0.0000000000000000,1.0000000000000000
55,1788537253,862087209,1788537253.862087250,19.0000000000000000,-15.0000000000000000,-27.2484380416002061,0.0000000000000005,-0.0000000000000025,-0.0000000000000000,1.0000000000000000
56,1788537253,950674884,1788537253.950674772,19.0000000000000000,-15.0000000000000000,-27.6209319360002112,0.0000000000000005,-0.0000000000000025,-0.0000000000000000,1.0000000000000000
57,1788537253,983659601,1788537253.983659506,19.0000000000000000,-15.0000000000000000,-27.9959363200002151,0.0000000000000005,-0.0000000000000026,-0.0000000000000000,1.0000000000000000
58,1788537254,562568,1788537254.000562668,19.0000000000000000,-15.0000000000000000,-16.2925045216001116,0.0000000000000003,-0.0000000000000015,-0.0000000000000000,1.0000000000000000
59,1788537254,55446629,1788537254.055446625,19.0000000000000000,-15.0000000000000000,-28.3734511936002178,0.0000000000000005,-0.0000000000000026,-0.0000000000000000,1.0000000000000000
60,1788537254,103052570,1788537254.103052616,19.0000000000000000,-15.0000000000000000,-28.6582348576002204,0.0000000000000005,-0.0000000000000026,-0.0000000000000000,1.0000000000000000
61,1788537254,113899039,1788537254.113898993,19.0000000000000000,-15.0000000000000000,-28.8488751616002226,0.0000000000000005,-0.0000000000000027,-0.0000000000000000,1.0000000000000000
62,1788537254,123930762,1788537254.123930693,19.0000000000000000,-15.0000000000000000,-16.6541719296001141,0.0000000000000003,-0.0000000000000015,-0.0000000000000000,1.0000000000000000
63,1788537254,222556185,1788537254.222556114,19.0000000000000000,-15.0000000000000000,-29.1360124096002266,0.0000000000000005,-0.0000000000000027,-0.0000000000000000,1.0000000000000000
64,1788537254,334445323,1788537254.334445238,19.0000000000000000,-15.0000000000000000,-29.4245618080002274,0.0000000000000005,-0.0000000000000027,-0.0000000000000000,1.0000000000000000
65,1788537254,368593464,1788537254.368593454,19.0000000000000000,-15.0000000000000000,-17.0197619776001154,0.0000000000000003,-0.0000000000000016,-0.0000000000000000,1.0000000000000000
66,1788537254,414562304,1788537254.414562225,19.0000000000000000,-15.0000000000000000,-29.8114910176002290,0.0000000000000005,-0.0000000000000027,-0.0000000000000000,1.0000000000000000
67,1788537254,563079498,1788537254.563079596,19.0000000000000000,-15.0000000000000000,-30.2009307168002330,0.0000000000000005,-0.0000000000000028,-0.0000000000000000,1.0000000000000000
68,1788537254,580161140,1788537254.580161095,19.0000000000000000,-15.0000000000000000,-17.3892746656001194,0.0000000000000003,-0.0000000000000016,-0.0000000000000000,1.0000000000000000
69,1788537254,773188312,1788537254.773188353,19.0000000000000000,-15.0000000000000000,-17.7627099936001223,0.0000000000000003,-0.0000000000000016,-0.0000000000000000,1.0000000000000000
70,1788537254,926597350,1788537254.926597357,19.0000000000000000,-15.0000000000000000,-18.1400679616001277,0.0000000000000003,-0.0000000000000017,-0.0000000000000000,1.0000000000000000
71,1788537255,108524791,1788537255.108524799,19.0000000000000000,-15.0000000000000000,-30.5928809056002358,0.0000000000000005,-0.0000000000000028,-0.0000000000000000,1.0000000000000000
72,1788537255,110169246,1788537255.110169172,19.0000000000000000,-15.0000000000000000,-30.9873415840002409,0.0000000000000005,-0.0000000000000028,-0.0000000000000000,1.0000000000000000
73,1788537255,111504827,1788537255.111504793,19.0000000000000000,-15.0000000000000000,-31.3843127520002447,0.0000000000000005,-0.0000000000000029,-0.0000000000000000,1.0000000000000000
74,1788537255,112134417,1788537255.112134457,19.0000000000000000,-15.0000000000000000,-31.5837397696002462,0.0000000000000005,-0.0000000000000029,-0.0000000000000000,1.0000000000000000
75,1788537255,117958851,1788537255.117958784,19.0000000000000000,-15.0000000000000000,-30.5928809056002358,0.0000000000000005,-0.0000000000000028,-0.0000000000000000,1.0000000000000000
76,1788537255,124151981,1788537255.124151945,19.0000000000000000,-15.0000000000000000,-30.9873415840002409,0.0000000000000005,-0.0000000000000028,-0.0000000000000000,1.0000000000000000
77,1788537255,125607327,1788537255.125607252,19.0000000000000000,-15.0000000000000000,-31.3843127520002447,0.0000000000000005,-0.0000000000000029,-0.0000000000000000,1.0000000000000000
78,1788537255,182791342,1788537255.182791233,19.0000000000000000,-15.0000000000000000,-33.0994478656002613,0.0000000000000006,-0.0000000000000030,-0.0000000000000000,1.0000000000000000
79,1788537255,298480863,1788537255.298480749,19.0000000000000000,-15.0000000000000000,-18.8291973568001332,0.0000000000000003,-0.0000000000000017,-0.0000000000000000,1.0000000000000000
80,1788537255,301122618,1788537255.301122665,19.0000000000000000,-15.0000000000000000,-33.4068259360002671,0.0000000000000006,-0.0000000000000031,-0.0000000000000000,1.0000000000000000
81,1788537255,386170089,1788537255.386170149,19.0000000000000000,-15.0000000000000000,-33.8188600416002672,0.0000000000000006,-0.0000000000000031,-0.0000000000000000,1.0000000000000000
82,1788537255,473699495,1788537255.473699570,19.0000000000000000,-15.0000000000000000,-19.1395566336001366,0.0000000000000003,-0.0000000000000018,-0.0000000000000000,1.0000000000000000
83,1788537255,638300435,1788537255.638300419,19.0000000000000000,-15.0000000000000000,-19.5310361056001405,0.0000000000000003,-0.0000000000000018,-0.0000000000000000,1.0000000000000000
84,1788537255,790855742,1788537255.790855646,19.0000000000000000,-15.0000000000000000,-19.8470439840001411,0.0000000000000003,-0.0000000000000018,-0.0000000000000000,1.0000000000000000
85,1788537255,992835892,1788537255.992835999,19.0000000000000000,-15.0000000000000000,-20.2455842080001460,0.0000000000000003,-0.0000000000000019,-0.0000000000000000,1.0000000000000000
86,1788537256,114107084,1788537256.114107132,19.0000000000000000,-15.0000000000000000,-34.3374330496002784,0.0000000000000006,-0.0000000000000032,-0.0000000000000000,1.0000000000000000
87,1788537256,116540306,1788537256.116540194,19.0000000000000000,-15.0000000000000000,-34.6504597216002779,0.0000000000000006,-0.0000000000000032,-0.0000000000000000,1.0000000000000000
88,1788537256,118184145,1788537256.118184090,19.0000000000000000,-15.0000000000000000,-34.9648985440002846,0.0000000000000006,-0.0000000000000032,-0.0000000000000000,1.0000000000000000
89,1788537256,119781170,1788537256.119781256,19.0000000000000000,-15.0000000000000000,-35.3863469856002837,0.0000000000000006,-0.0000000000000033,-0.0000000000000000,1.0000000000000000
90,1788537256,120980270,1788537256.120980263,19.0000000000000000,-15.0000000000000000,-35.9166879136002919,0.0000000000000006,-0.0000000000000033,-0.0000000000000000,1.0000000000000000
91,1788537256,122565690,1788537256.122565746,19.0000000000000000,-15.0000000000000000,-36.3437849568002918,0.0000000000000006,-0.0000000000000033,-0.0000000000000000,1.0000000000000000
92,1788537256,123793394,1788537256.123793364,19.0000000000000000,-15.0000000000000000,-36.7733924896002975,0.0000000000000006,-0.0000000000000034,-0.0000000000000000,1.0000000000000000
93,1788537256,127004873,1788537256.127004862,19.0000000000000000,-15.0000000000000000,-37.3139322816003016,0.0000000000000006,-0.0000000000000034,-0.0000000000000000,1.0000000000000000
94,1788537256,151872726,1788537256.151872635,19.0000000000000000,-15.0000000000000000,-20.5672406880001475,0.0000000000000003,-0.0000000000000019,-0.0000000000000000,1.0000000000000000
95,1788537256,177316182,1788537256.177316189,19.0000000000000000,-15.0000000000000000,-37.6401390240003053,0.0000000000000006,-0.0000000000000035,-0.0000000000000000,1.0000000000000000
96,1788537256,296746427,1788537256.296746492,19.0000000000000000,-15.0000000000000000,-38.0772780256003145,0.0000000000000006,-0.0000000000000035,-0.0000000000000000,1.0000000000000000
97,1788537256,307793335,1788537256.307793379,19.0000000000000000,-15.0000000000000000,-20.9728416640001534,0.0000000000000003,-0.0000000000000019,-0.0000000000000000,1.0000000000000000
98,1788537256,363167132,1788537256.363167048,19.0000000000000000,-15.0000000000000000,-38.6272321536003176,0.0000000000000006,-0.0000000000000036,-0.0000000000000000,1.0000000000000000
99,1788537256,582424827,1788537256.582424879,19.0000000000000000,-15.0000000000000000,-21.3823652800001547,0.0000000000000004,-0.0000000000000020,-0.0000000000000000,1.0000000000000000
100,1788537256,727232450,1788537256.727232456,19.0000000000000000,-15.0000000000000000,-21.7958115360001585,0.0000000000000004,-0.0000000000000020,-0.0000000000000000,1.0000000000000000
101,1788537257,3189816,1788537257.003189802,19.0000000000000000,-15.0000000000000000,-22.2131804320001613,0.0000000000000004,-0.0000000000000020,-0.0000000000000000,1.0000000000000000
102,1788537257,82763554,1788537257.082763672,19.0000000000000000,-15.0000000000000000,-39.1811089216003197,0.0000000000000007,-0.0000000000000036,-0.0000000000000000,1.0000000000000000
103,1788537257,84067792,1788537257.084067822,19.0000000000000000,-15.0000000000000000,-39.6270346368003246,0.0000000000000007,-0.0000000000000037,-0.0000000000000000,1.0000000000000000
104,1788537257,85095503,1788537257.085095406,19.0000000000000036,-15.0000000000000000,-40.1879721568003276,0.0000000000000007,-0.0000000000000037,-0.0000000000000000,1.0000000000000000
105,1788537257,85744545,1788537257.085744619,19.0000000000000036,-15.0000000000000000,-40.4134455040003289,0.0000000000000007,-0.0000000000000037,-0.0000000000000000,1.0000000000000000
106,1788537257,86977844,1788537257.086977959,19.0000000000000036,-15.0000000000000000,-40.8662750656003411,0.0000000000000007,-0.0000000000000038,-0.0000000000000000,1.0000000000000000
107,1788537257,87596424,1788537257.087596416,19.0000000000000036,-15.0000000000000000,-41.4358423936003391,0.0000000000000007,-0.0000000000000038,-0.0000000000000000,1.0000000000000000
108,1788537257,88188437,1788537257.088188410,19.0000000000000036,-15.0000000000000000,-42.0093323616003502,0.0000000000000007,-0.0000000000000039,-0.0000000000000000,1.0000000000000000
109,1788537257,88773634,1788537257.088773727,19.0000000000000036,-15.0000000000000000,-42.3553092096003496,0.0000000000000007,-0.0000000000000039,-0.0000000000000000,1.0000000000000000
110,1788537257,109520981,1788537257.109520912,19.0000000000000036,-15.0000000000000000,-42.7026982080003563,0.0000000000000007,-0.0000000000000039,-0.0000000000000000,1.0000000000000000
111,1788537257,161125275,1788537257.161125183,19.0000000000000000,-15.0000000000000000,-22.4654846368001664,0.0000000000000004,-0.0000000000000021,-0.0000000000000000,1.0000000000000000
112,1788537257,195326321,1788537257.195326328,19.0000000000000036,-15.0000000000000000,-43.0514993568003632,0.0000000000000007,-0.0000000000000040,-0.0000000000000000,1.0000000000000000
113,1788537257,319602649,1788537257.319602728,19.0000000000000036,-15.0000000000000000,-43.7533381056003705,0.0000000000000007,-0.0000000000000040,-0.0000000000000000,1.0000000000000000
114,1788537257,402115658,1788537257.402115583,19.0000000000000036,-15.0000000000000000,-44.3425186336003705,0.0000000000000007,-0.0000000000000041,-0.0000000000000000,1.0000000000000000
115,1788537257,403802301,1788537257.403802395,19.0000000000000000,-15.0000000000000000,-22.9743294976001700,0.0000000000000004,-0.0000000000000021,-0.0000000000000000,1.0000000000000000
116,1788537257,452498922,1788537257.452498913,19.0000000000000036,-15.0000000000000000,-44.8166873568003794,0.0000000000000007,-0.0000000000000041,-0.0000000000000000,1.0000000000000000
117,1788537257,495981745,1788537257.495981693,19.0000000000000036,-15.0000000000000000,-45.4129286368003804,0.0000000000000008,-0.0000000000000042,-0.0000000000000000,1.0000000000000000
118,1788537257,593943557,1788537257.593943596,19.0000000000000000,-15.0000000000000000,-23.4026817856001728,0.0000000000000004,-0.0000000000000021,-0.0000000000000000,1.0000000000000000
119,1788537257,614061224,1788537257.614061117,19.0000000000000036,-15.0000000000000000,-45.8927459616003901,0.0000000000000008,-0.0000000000000042,-0.0000000000000000,1.0000000000000000
120,1788537257,704534841,1788537257.704534769,19.0000000000000036,-15.0000000000000000,-46.4960479936003921,0.0000000000000008,-0.0000000000000043,-0.0000000000000000,1.0000000000000000
121,1788537257,809485359,1788537257.809485435,19.0000000000000000,-15.0000000000000000,-23.7481879168001768,0.0000000000000004,-0.0000000000000022,-0.0000000000000000,1.0000000000000000
122,1788537257,833844390,1788537257.833844423,19.0000000000000036,-15.0000000000000000,-47.1032726656004073,0.0000000000000008,-0.0000000000000043,-0.0000000000000000,1.0000000000000000
123,1788537257,931411099,1788537257.931411028,19.0000000000000036,-15.0000000000000000,-47.5918767040004056,0.0000000000000008,-0.0000000000000044,-0.0000000000000000,1.0000000000000000
124,1788537257,981326517,1788537257.981326580,19.0000000000000000,-15.0000000000000000,-24.1836009568001806,0.0000000000000004,-0.0000000000000022,-0.0000000000000000,1.0000000000000000
125,1788537258,61284833,1788537258.061284781,19.0000000000000036,-15.0000000000000000,-48.2061621280004147,0.0000000000000008,-0.0000000000000045,-0.0000000000000000,1.0000000000000000
126,1788537258,122955191,1788537258.122955084,19.0000000000000036,-15.0000000000000000,-48.7004147680004138,0.0000000000000008,-0.0000000000000045,-0.0000000000000000,1.0000000000000000
127,1788537258,177095525,1788537258.177095413,19.0000000000000000,-15.0000000000000000,-24.6229366368001834,0.0000000000000004,-0.0000000000000023,-0.0000000000000000,1.0000000000000000
128,1788537258,256782071,1788537258.256782055,19.0000000000000036,-15.0000000000000000,-49.3217609440004239,0.0000000000000008,-0.0000000000000046,-0.0000000000000000,1.0000000000000000
129,1788537258,308455796,1788537258.308455706,19.0000000000000000,-15.0000000000000000,-24.9772294816001867,0.0000000000000004,-0.0000000000000023,-0.0000000000000000,1.0000000000000000
130,1788537258,347242122,1788537258.347242117,19.0000000000000036,-15.0000000000000000,-49.8216621856004238,0.0000000000000008,-0.0000000000000046,-0.0000000000000000,1.0000000000000000
131,1788537258,454423342,1788537258.454423428,19.0000000000000036,-15.0000000000000000,-50.4500691136004349,0.0000000000000008,-0.0000000000000047,-0.0000000000000000,1.0000000000000000
132,1788537258,536408887,1788537258.536408901,19.0000000000000000,-15.0000000000000000,-25.4236259136001905,0.0000000000000004,-0.0000000000000023,-0.0000000000000000,1.0000000000000000
133,1788537258,546563621,1788537258.546563625,19.0000000000000036,-15.0000000000000000,-50.9556189568004356,0.0000000000000008,-0.0000000000000047,-0.0000000000000000,1.0000000000000000
134,1788537258,640227743,1788537258.640227795,19.0000000000000036,-15.0000000000000000,-51.5910866368004477,0.0000000000000009,-0.0000000000000048,-0.0000000000000000,1.0000000000000000
135,1788537258,713131551,1788537258.713131666,19.0000000000000000,-15.0000000000000000,-25.7835673600001947,0.0000000000000004,-0.0000000000000024,-0.0000000000000000,1.0000000000000000
136,1788537258,737454044,1788537258.737453938,19.0000000000000036,-15.0000000000000000,-52.1022850816004492,0.0000000000000009,-0.0000000000000048,-0.0000000000000000,1.0000000000000000
137,1788537258,836725918,1788537258.836725950,19.0000000000000036,-15.0000000000000000,-52.6159940160004567,0.0000000000000009,-0.0000000000000049,-0.0000000000000000,1.0000000000000000
138,1788537258,897665472,1788537258.897665501,19.0000000000000000,-15.0000000000000000,-26.1460192960001976,0.0000000000000004,-0.0000000000000024,-0.0000000000000000,1.0000000000000000
139,1788537259,4119314,1788537259.004119396,19.0000000000000036,-15.0000000000000000,-53.2616605600004576,0.0000000000000009,-0.0000000000000049,-0.0000000000000000,1.0000000000000000
140,1788537259,37141405,1788537259.037141323,19.0000000000000000,-15.0000000000000000,-26.4195057568001985,0.0000000000000004,-0.0000000000000024,-0.0000000000000000,1.0000000000000000
141,1788537259,146102808,1788537259.146102905,19.0000000000000036,-15.0000000000000000,-53.9112497440004645,0.0000000000000009,-0.0000000000000050,-0.0000000000000000,1.0000000000000000
142,1788537259,226298584,1788537259.226298571,19.0000000000000000,-15.0000000000000000,-26.8784546368002033,0.0000000000000004,-0.0000000000000025,-0.0000000000000000,1.0000000000000000
143,1788537259,256348414,1788537259.256348372,19.0000000000000036,-15.0000000000000000,-54.5647615680004705,0.0000000000000009,-0.0000000000000050,-0.0000000000000000,1.0000000000000000
144,1788537259,358627380,1788537259.358627319,19.0000000000000000,-15.0000000000000000,-27.2484380416002061,0.0000000000000005,-0.0000000000000025,-0.0000000000000000,1.0000000000000000
145,1788537259,400311058,1788537259.400310993,19.0000000000000036,-15.0000000000000000,-54.9587515296004767,0.0000000000000009,-0.0000000000000051,-0.0000000000000000,1.0000000000000000
146,1788537259,510950242,1788537259.510950327,19.0000000000000036,-15.0000000000000000,-55.4862681568004774,0.0000000000000009,-0.0000000000000051,-0.0000000000000000,1.0000000000000000
147,1788537259,512188974,1788537259.512188911,19.0000000000000036,-15.0000000000000000,-56.1491943168004823,0.0000000000000009,-0.0000000000000052,-0.0000000000000000,1.0000000000000000
148,1788537259,528788476,1788537259.528788567,19.0000000000000000,-15.0000000000000000,-27.6209319360002112,0.0000000000000005,-0.0000000000000025,-0.0000000000000000,1.0000000000000000
149,1788537259,615170546,1788537259.615170479,19.0000000000000036,-15.0000000000000000,-56.6823595456004838,0.0000000000000009,-0.0000000000000052,-0.0000000000000000,1.0000000000000000
150,1788537259,665079062,1788537259.665079117,19.0000000000000000,-15.0000000000000000,-27.9959363200002151,0.0000000000000005,-0.0000000000000026,-0.0000000000000000,1.0000000000000000
151,1788537259,732474100,1788537259.732474089,19.0000000000000036,-15.0000000000000000,-57.3523464576004898,0.0000000000000009,-0.0000000000000053,-0.0000000000000000,1.0000000000000000
152,1788537259,823612458,1788537259.823612452,19.0000000000000000,-15.0000000000000000,-28.3734511936002178,0.0000000000000005,-0.0000000000000026,-0.0000000000000000,1.0000000000000000
153,1788537259,829216943,1788537259.829216957,19.0000000000000036,-15.0000000000000000,-58.0262560096004947,0.0000000000000010,-0.0000000000000054,-0.0000000000000000,1.0000000000000000
154,1788537259,903018323,1788537259.903018236,19.0000000000000036,-15.0000000000000000,-58.7040882016004915,0.0000000000000010,-0.0000000000000054,-0.0000000000000000,1.0000000000000000
155,1788537259,905090426,1788537259.905090332,19.0000000000000000,-15.0000000000000000,-28.6582348576002204,0.0000000000000005,-0.0000000000000026,-0.0000000000000000,1.0000000000000000
156,1788537259,961551394,1788537259.961551428,19.0000000000000000,-15.0000000000000000,-28.8488751616002226,0.0000000000000005,-0.0000000000000027,-0.0000000000000000,1.0000000000000000
157,1788537259,989286441,1788537259.989286423,19.0000000000000036,-15.0000000000000000,-59.2491782560004978,0.0000000000000010,-0.0000000000000055,-0.0000000000000000,1.0000000000000000
158,1788537260,32220947,1788537260.032220840,19.0000000000000036,-15.0000000000000000,-59.6596433056004969,0.0000000000000010,-0.0000000000000055,-0.0000000000000000,1.0000000000000000
159,1788537260,55994402,1788537260.055994511,19.0000000000000000,-15.0000000000000000,-29.1360124096002266,0.0000000000000005,-0.0000000000000027,-0.0000000000000000,1.0000000000000000
160,1788537260,140831612,1788537260.140831709,19.0000000000000000,-15.0000000000000000,-29.4245618080002274,0.0000000000000005,-0.0000000000000027,-0.0000000000000000,1.0000000000000000
161,1788537260,185114052,1788537260.185114145,19.0000000000000036,-15.0000000000000000,-60.3468898336004997,0.0000000000000010,-0.0000000000000056,-0.0000000000000000,1.0000000000000000
162,1788537260,223820922,1788537260.223820925,19.0000000000000000,-15.0000000000000000,-29.8114910176002290,0.0000000000000005,-0.0000000000000027,-0.0000000000000000,1.0000000000000000
163,1788537260,273818872,1788537260.273818970,19.0000000000000036,-15.0000000000000000,-60.6228867840005066,0.0000000000000010,-0.0000000000000056,-0.0000000000000000,1.0000000000000000
164,1788537260,357273995,1788537260.357274055,19.0000000000000036,-15.0000000000000000,-61.1767635520005015,0.0000000000000010,-0.0000000000000057,-0.0000000000000000,1.0000000000000000
165,1788537260,400409983,1788537260.400409937,19.0000000000000000,-15.0000000000000000,-30.2009307168002330,0.0000000000000005,-0.0000000000000028,-0.0000000000000000,1.0000000000000000
166,1788537260,495687476,1788537260.495687485,19.0000000000000036,-15.0000000000000000,-61.8726398880005064,0.0000000000000010,-0.0000000000000057,-0.0000000000000000,1.0000000000000000
167,1788537260,527981892,1788537260.527981997,19.0000000000000000,-15.0000000000000000,-30.5928809056002358,0.0000000000000005,-0.0000000000000028,-0.0000000000000000,1.0000000000000000
168,1788537260,612296095,1788537260.612296104,19.0000000000000036,-15.0000000000000000,-62.4321652576005022,0.0000000000000010,-0.0000000000000058,-0.0000000000000000,1.0000000000000000
169,1788537260,653844241,1788537260.653844357,19.0000000000000000,-15.0000000000000000,-30.9873415840002409,0.0000000000000005,-0.0000000000000028,-0.0000000000000000,1.0000000000000000
170,1788537260,781422062,1788537260.781422138,19.0000000000000036,-15.0000000000000000,-63.1351023456005080,0.0000000000000010,-0.0000000000000058,-0.0000000000000000,1.0000000000000000
171,1788537260,825384407,1788537260.825384378,19.0000000000000000,-15.0000000000000000,-31.3843127520002447,0.0000000000000005,-0.0000000000000029,-0.0000000000000000,1.0000000000000000
172,1788537260,903727646,1788537260.903727531,19.0000000000000036,-15.0000000000000000,-63.8419620736005058,0.0000000000000011,-0.0000000000000059,-0.0000000000000000,1.0000000000000000
173,1788537260,955357570,1788537260.955357552,19.0000000000000000,-15.0000000000000000,-31.5837397696002462,0.0000000000000005,-0.0000000000000029,-0.0000000000000000,1.0000000000000000
174,1788537261,19059758,1788537261.019059658,19.0000000000000036,-15.0000000000000000,-64.4102741568005115,0.0000000000000011,-0.0000000000000060,-0.0000000000000000,1.0000000000000000
175,1788537261,88688010,1788537261.088687897,19.0000000000000036,-15.0000000000000000,-65.1241946368005102,0.0000000000000011,-0.0000000000000060,-0.0000000000000000,1.0000000000000000
176,1788537261,122799302,1788537261.122799397,19.0000000000000000,-15.0000000000000000,-32.0850531616002499,0.0000000000000005,-0.0000000000000030,-0.0000000000000000,1.0000000000000000
177,1788537261,159926612,1788537261.159926653,19.0000000000000036,-15.0000000000000000,-65.8420377568005080,0.0000000000000011,-0.0000000000000061,-0.0000000000000000,1.0000000000000000
178,1788537261,177864945,1788537261.177865028,19.0000000000000036,-15.0000000000000000,-66.2746264960005078,0.0000000000000011,-0.0000000000000061,-0.0000000000000000,1.0000000000000000
179,1788537261,276553369,1788537261.276553392,19.0000000000000036,-15.0000000000000000,-66.8536081600005048,0.0000000000000011,-0.0000000000000062,-0.0000000000000000,1.0000000000000000
180,1788537261,324720136,1788537261.324720144,19.0000000000000000,-15.0000000000000000,-32.5902891936002561,0.0000000000000005,-0.0000000000000030,-0.0000000000000000,1.0000000000000000
181,1788537261,384623430,1788537261.384623528,19.0000000000000036,-15.0000000000000000,-67.4351003136005147,0.0000000000000011,-0.0000000000000062,-0.0000000000000000,1.0000000000000000
182,1788537261,520537134,1788537261.520537138,19.0000000000000036,-15.0000000000000000,-68.0191029568005092,0.0000000000000011,-0.0000000000000063,-0.0000000000000000,1.0000000000000000
183,1788537261,523345359,1788537261.523345470,19.0000000000000000,-15.0000000000000000,-33.0994478656002613,0.0000000000000006,-0.0000000000000030,-0.0000000000000000,1.0000000000000000
184,1788537261,608508723,1788537261.608508825,19.0000000000000036,-15.0000000000000000,-68.6056160896005167,0.0000000000000011,-0.0000000000000064,-0.0000000000000000,1.0000000000000000
185,1788537261,618528115,1788537261.618528128,19.0000000000000036,-15.0000000000000000,-69.1946397120005088,0.0000000000000011,-0.0000000000000064,-0.0000000000000000,1.0000000000000000
186,1788537261,659902095,1788537261.659902096,19.0000000000000000,-15.0000000000000000,-33.4068259360002671,0.0000000000000006,-0.0000000000000031,-0.0000000000000000,1.0000000000000000
187,1788537261,690217831,1788537261.690217733,19.0000000000000036,-15.0000000000000000,-69.9344496160005065,0.0000000000000012,-0.0000000000000065,-0.0000000000000000,1.0000000000000000
188,1788537261,827243487,1788537261.827243567,19.0000000000000000,-15.0000000000000000,-33.8188600416002672,0.0000000000000006,-0.0000000000000031,-0.0000000000000000,1.0000000000000000
189,1788537261,839941051,1788537261.839941025,19.0000000000000036,-15.0000000000000000,-70.6781821600005031,0.0000000000000012,-0.0000000000000066,-0.0000000000000000,1.0000000000000000
190,1788537261,953044966,1788537261.953044891,19.0000000000000036,-15.0000000000000000,-71.4258373440004988,0.0000000000000012,-0.0000000000000066,-0.0000000000000000,1.0000000000000000
191,1788537262,40061339,1788537262.040061235,19.0000000000000000,-15.0000000000000000,-34.3374330496002784,0.0000000000000006,-0.0000000000000032,-0.0000000000000000,1.0000000000000000
192,1788537262,65287816,1788537262.065287828,19.0000000000000036,-15.0000000000000000,-72.0267857920004957,0.0000000000000012,-0.0000000000000067,-0.0000000000000000,1.0000000000000000
193,1788537262,134956773,1788537262.134956837,19.0000000000000000,-15.0000000000000000,-34.6504597216002779,0.0000000000000006,-0.0000000000000032,-0.0000000000000000,1.0000000000000000
194,1788537262,176113158,1788537262.176113129,19.0000000000000036,-15.0000000000000000,-72.7815017280004923,0.0000000000000012,-0.0000000000000067,-0.0000000000000000,1.0000000000000000
195,1788537262,315357696,1788537262.315357685,19.0000000000000036,-15.0000000000000000,-73.3880987776004901,0.0000000000000012,-0.0000000000000068,-0.0000000000000000,1.0000000000000000
196,1788537262,417793209,1788537262.417793274,19.0000000000000036,-15.0000000000000000,-74.3027015200004826,0.0000000000000012,-0.0000000000000069,-0.0000000000000000,1.0000000000000000
197,1788537262,447118529,1788537262.447118521,19.0000000000000000,-15.0000000000000000,-34.9648985440002846,0.0000000000000006,-0.0000000000000032,-0.0000000000000000,1.0000000000000000
198,1788537262,468749425,1788537262.468749523,19.0000000000000000,-15.0000000000000000,-35.3863469856002837,0.0000000000000006,-0.0000000000000033,-0.0000000000000000,1.0000000000000000
199,1788537262,612729268,1788537262.612729311,19.0000000000000036,-15.0000000000000000,-75.0691853760004904,0.0000000000000012,-0.0000000000000070,-0.0000000000000000,1.0000000000000000
200,1788537262,679751062,1788537262.679751158,19.0000000000000000,-15.0000000000000000,-35.9166879136002919,0.0000000000000006,-0.0000000000000033,-0.0000000000000000,1.0000000000000000
201,1788537262,765458902,1788537262.765458822,19.0000000000000036,-15.0000000000000000,-75.6851967616004799,0.0000000000000012,-0.0000000000000070,-0.0000000000000000,1.0000000000000000
202,1788537262,819144753,1788537262.819144726,19.0000000000000000,-15.0000000000000000,-36.3437849568002918,0.0000000000000006,-0.0000000000000033,-0.0000000000000000,1.0000000000000000
203,1788537262,875674133,1788537262.875674248,19.0000000000000036,-15.0000000000000000,-76.3037186368004825,0.0000000000000013,-0.0000000000000071,-0.0000000000000000,1.0000000000000000
204,1788537262,951678736,1788537262.951678753,19.0000000000000036,-15.0000000000000000,-76.9247510016004696,0.0000000000000013,-0.0000000000000071,-0.0000000000000000,1.0000000000000000
205,1788537262,996264620,1788537262.996264696,19.0000000000000036,-15.0000000000000000,-77.7045718336004683,0.0000000000000013,-0.0000000000000072,-0.0000000000000000,1.0000000000000000
206,1788537263,6025475,1788537263.006025553,19.0000000000000000,-15.0000000000000000,-36.7733924896002975,0.0000000000000006,-0.0000000000000034,-0.0000000000000000,1.0000000000000000
207,1788537263,20611862,1788537263.020611763,19.0000000000000036,-15.0000000000000000,-78.3312528000004562,0.0000000000000013,-0.0000000000000073,-0.0000000000000000,1.0000000000000000
208,1788537263,86240275,1788537263.086240292,19.0000000000000036,-15.0000000000000000,-79.1181343840004558,0.0000000000000013,-0.0000000000000073,-0.0000000000000000,1.0000000000000000
209,1788537263,163291465,1788537263.163291454,19.0000000000000000,-15.0000000000000000,-37.3139322816003016,0.0000000000000006,-0.0000000000000034,-0.0000000000000000,1.0000000000000000
210,1788537263,201520129,1788537263.201520205,19.0000000000000036,-15.0000000000000000,-79.5921462016004426,0.0000000000000013,-0.0000000000000074,-0.0000000000000000,1.0000000000000000
211,1788537263,286370431,1788537263.286370516,19.0000000000000036,-15.0000000000000000,-80.0675701696004438,0.0000000000000013,-0.0000000000000074,-0.0000000000000000,1.0000000000000000
212,1788537263,303825807,1788537263.303825855,19.0000000000000000,-15.0000000000000000,-37.6401390240003053,0.0000000000000006,-0.0000000000000035,-0.0000000000000000,1.0000000000000000
213,1788537263,398500552,1788537263.398500443,19.0000000000000036,-15.0000000000000000,-80.8630815616004384,0.0000000000000013,-0.0000000000000075,-0.0000000000000000,1.0000000000000000
214,1788537263,423194259,1788537263.423194170,19.0000000000000000,-15.0000000000000000,-38.0772780256003145,0.0000000000000006,-0.0000000000000035,-0.0000000000000000,1.0000000000000000
215,1788537263,507855655,1788537263.507855654,19.0000000000000036,-15.0000000000000000,-81.5023149760004344,0.0000000000000013,-0.0000000000000076,-0.0000000000000000,1.0000000000000000
216,1788537263,631871016,1788537263.631870985,19.0000000000000036,-15.0000000000000000,-82.3048871200004299,0.0000000000000014,-0.0000000000000076,-0.0000000000000000,1.0000000000000000
217,1788537263,644625161,1788537263.644625187,19.0000000000000000,-15.0000000000000000,-38.6272321536003176,0.0000000000000006,-0.0000000000000036,-0.0000000000000000,1.0000000000000000
218,1788537263,694859906,1788537263.694859982,19.0000000000000036,-15.0000000000000000,-82.7883132736004228,0.0000000000000014,-0.0000000000000077,-0.0000000000000000,1.0000000000000000
219,1788537263,812569174,1788537263.812569141,19.0000000000000036,-15.0000000000000000,-83.5971616416004224,0.0000000000000014,-0.0000000000000078,-0.0000000000000000,1.0000000000000000
220,1788537263,816039537,1788537263.816039562,19.0000000000000000,-15.0000000000000000,-39.1811089216003197,0.0000000000000007,-0.0000000000000036,-0.0000000000000000,1.0000000000000000
221,1788537263,957139274,1788537263.957139254,19.0000000000000036,-15.0000000000000000,-84.4099326496004210,0.0000000000000014,-0.0000000000000078,-0.0000000000000000,1.0000000000000000
222,1788537264,10734758,1788537264.010734797,19.0000000000000000,-15.0000000000000000,-39.6270346368003246,0.0000000000000007,-0.0000000000000037,-0.0000000000000000,1.0000000000000000
223,1788537264,107098328,1788537264.107098341,19.0000000000000036,-15.0000000000000000,-85.2266262976004043,0.0000000000000014,-0.0000000000000079,-0.0000000000000000,1.0000000000000000
224,1788537264,176395906,1788537264.176395893,19.0000000000000036,-15.0000000000000000,-40.1879721568003276,0.0000000000000007,-0.0000000000000037,-0.0000000000000000,1.0000000000000000
225,1788537264,217979281,1788537264.217979193,19.0000000000000036,-15.0000000000000000,-85.8828055168004028,0.0000000000000014,-0.0000000000000080,-0.0000000000000000,1.0000000000000000
226,1788537264,281248627,1788537264.281248569,19.0000000000000036,-15.0000000000000000,-40.4134455040003289,0.0000000000000007,-0.0000000000000037,-0.0000000000000000,1.0000000000000000
227,1788537264,320147754,1788537264.320147753,19.0000000000000036,-15.0000000000000000,-86.5414952256003858,0.0000000000000014,-0.0000000000000080,-0.0000000000000000,1.0000000000000000
228,1788537264,420118383,1788537264.420118332,19.0000000000000036,-15.0000000000000000,-87.3683877376003863,0.0000000000000014,-0.0000000000000081,-0.0000000000000000,1.0000000000000000
229,1788537264,449659360,1788537264.449659348,19.0000000000000036,-15.0000000000000000,-40.8662750656003411,0.0000000000000007,-0.0000000000000038,-0.0000000000000000,1.0000000000000000
230,1788537264,544483331,1788537264.544483423,19.0000000000000036,-15.0000000000000000,-88.0327260480003702,0.0000000000000015,-0.0000000000000082,-0.0000000000000000,1.0000000000000000
231,1788537264,628194051,1788537264.628194094,19.0000000000000036,-15.0000000000000000,-41.4358423936003391,0.0000000000000007,-0.0000000000000038,-0.0000000000000000,1.0000000000000000
232,1788537264,682014809,1788537264.682014704,19.0000000000000036,-15.0000000000000000,-88.8666793120003717,0.0000000000000015,-0.0000000000000083,-0.0000000000000000,1.0000000000000000
233,1788537264,803894458,1788537264.803894520,19.0000000000000036,-15.0000000000000000,-42.0093323616003502,0.0000000000000007,-0.0000000000000039,-0.0000000000000000,1.0000000000000000
234,1788537264,837802766,1788537264.837802649,19.0000000000000036,-15.0000000000000000,-89.7045552160003581,0.0000000000000015,-0.0000000000000083,-0.0000000000000000,1.0000000000000000
235,1788537264,933030013,1788537264.933030128,19.0000000000000036,-15.0000000000000000,-90.3776802400003589,0.0000000000000015,-0.0000000000000084,-0.0000000000000000,1.0000000000000000
236,1788537264,946351920,1788537264.946352005,19.0000000000000036,-15.0000000000000000,-42.3553092096003496,0.0000000000000007,-0.0000000000000039,-0.0000000000000000,1.0000000000000000
237,1788537265,19889219,1788537265.019889116,19.0000000000000036,-15.0000000000000000,-91.2226168960003463,0.0000000000000015,-0.0000000000000085,-0.0000000000000000,1.0000000000000000
238,1788537265,50374878,1788537265.050374985,19.0000000000000036,-15.0000000000000000,-42.7026982080003563,0.0000000000000007,-0.0000000000000039,-0.0000000000000000,1.0000000000000000
239,1788537265,95202756,1788537265.095202684,19.0000000000000036,-15.0000000000000000,-92.0714761920003326,0.0000000000000015,-0.0000000000000086,-0.0000000000000000,1.0000000000000000
240,1788537265,164000477,1788537265.164000511,19.0000000000000036,-15.0000000000000000,-92.9242581280003179,0.0000000000000015,-0.0000000000000086,-0.0000000000000000,1.0000000000000000
241,1788537265,189097350,1788537265.189097404,19.0000000000000036,-15.0000000000000000,-43.0514993568003632,0.0000000000000007,-0.0000000000000040,-0.0000000000000000,1.0000000000000000
242,1788537265,234193219,1788537265.234193325,19.0000000000000036,-15.0000000000000000,-93.6093079776003094,0.0000000000000016,-0.0000000000000087,-0.0000000000000000,1.0000000000000000
243,1788537265,323545264,1788537265.323545218,19.0000000000000036,-15.0000000000000000,-94.4691506656002957,0.0000000000000016,-0.0000000000000088,-0.0000000000000000,1.0000000000000000
244,1788537265,450566207,1788537265.450566292,19.0000000000000036,-15.0000000000000000,-43.7533381056003705,0.0000000000000007,-0.0000000000000040,-0.0000000000000000,1.0000000000000000
245,1788537265,464363450,1788537265.464363337,19.0000000000000036,-15.0000000000000000,-95.1598491168002880,0.0000000000000016,-0.0000000000000088,-0.0000000000000000,1.0000000000000000
246,1788537265,537941117,1788537265.537941217,19.0000000000000036,-15.0000000000000000,-95.6795204640002765,0.0000000000000016,-0.0000000000000089,-0.0000000000000000,1.0000000000000000
247,1788537265,585432121,1788537265.585432053,19.0000000000000036,-15.0000000000000000,-44.3425186336003705,0.0000000000000007,-0.0000000000000041,-0.0000000000000000,1.0000000000000000
248,1788537265,667179740,1788537265.667179823,19.0000000000000036,-15.0000000000000000,-96.3746122720002774,0.0000000000000016,-0.0000000000000090,-0.0000000000000000,1.0000000000000000
249,1788537265,704743352,1788537265.704743385,19.0000000000000036,-15.0000000000000000,-44.8166873568003794,0.0000000000000007,-0.0000000000000041,-0.0000000000000000,1.0000000000000000
250,1788537265,795672049,1788537265.795671940,19.0000000000000036,-15.0000000000000000,-97.2470074080002576,0.0000000000000016,-0.0000000000000090,-0.0000000000000000,1.0000000000000000
251,1788537265,881977114,1788537265.881977081,19.0000000000000036,-15.0000000000000000,-98.1233251840002509,0.0000000000000016,-0.0000000000000091,-0.0000000000000000,1.0000000000000000
252,1788537265,914736081,1788537265.914736032,19.0000000000000036,-15.0000000000000000,-45.4129286368003804,0.0000000000000008,-0.0000000000000042,-0.0000000000000000,1.0000000000000000
253,1788537266,9504403,1788537266.009504318,19.0000000000000036,-15.0000000000000000,-99.0035656000002433,0.0000000000000017,-0.0000000000000092,-0.0000000000000000,1.0000000000000000
254,1788537266,107942856,1788537266.107942820,19.0000000000000036,-15.0000000000000000,-99.8877286560002204,0.0000000000000017,-0.0000000000000093,-0.0000000000000000,1.0000000000000000
255,1788537266,119808653,1788537266.119808674,19.0000000000000036,-15.0000000000000000,-45.8927459616003901,0.0000000000000008,-0.0000000000000042,-0.0000000000000000,1.0000000000000000
256,1788537266,194785896,1788537266.194785833,19.0000000000000036,-15.0000000000000000,-46.4960479936003921,0.0000000000000008,-0.0000000000000043,-0.0000000000000000,1.0000000000000000
257,1788537266,225330538,1788537266.225330591,19.0000000000000036,-15.0000000000000000,-100.5978834016002139,0.0000000000000017,-0.0000000000000094,-0.0000000000000000,1.0000000000000000
258,1788537266,323160444,1788537266.323160410,19.0000000000000036,-15.0000000000000000,-101.4891072096001920,0.0000000000000017,-0.0000000000000094,-0.0000000000000000,1.0000000000000000
259,1788537266,351692453,1788537266.351692438,19.0000000000000036,-15.0000000000000000,-47.1032726656004073,0.0000000000000008,-0.0000000000000043,-0.0000000000000000,1.0000000000000000
260,1788537266,456530823,1788537266.456530809,19.0000000000000036,-15.0000000000000000,-102.2049105568001863,0.0000000000000017,-0.0000000000000095,-0.0000000000000000,1.0000000000000000
261,1788537266,468107748,1788537266.468107700,19.0000000000000036,-15.0000000000000000,-47.5918767040004056,0.0000000000000008,-0.0000000000000044,-0.0000000000000000,1.0000000000000000
262,1788537266,519509875,1788537266.519509792,19.0000000000000036,-15.0000000000000000,-102.9232243936001652,0.0000000000000017,-0.0000000000000096,-0.0000000000000000,1.0000000000000000
263,1788537266,632109365,1788537266.632109404,19.0000000000000036,-15.0000000000000000,-103.6440487200001570,0.0000000000000017,-0.0000000000000096,-0.0000000000000000,1.0000000000000000
264,1788537266,659877866,1788537266.659877777,19.0000000000000036,-15.0000000000000000,-48.2061621280004147,0.0000000000000008,-0.0000000000000045,-0.0000000000000000,1.0000000000000000
265,1788537266,761723250,1788537266.761723280,19.0000000000000036,-15.0000000000000000,-104.5486095040001402,0.0000000000000017,-0.0000000000000097,-0.0000000000000000,1.0000000000000000
266,1788537266,811766325,1788537266.811766386,19.0000000000000036,-15.0000000000000000,-48.7004147680004138,0.0000000000000008,-0.0000000000000045,-0.0000000000000000,1.0000000000000000
267,1788537266,891550976,1788537266.891551018,19.0000000000000036,-15.0000000000000000,-105.2750824320001328,0.0000000000000018,-0.0000000000000098,-0.0000000000000000,1.0000000000000000
00
268,1788537266,659881731,1788537266.659881830,19.0000000000000036,-15.0000000000000000,-48.2061621280004147,0.0000000000000008,-0.0000000000000045,-0.0000000000000000,1.0000000000000000
269,1788537266,761915594,1788537266.761915684,19.0000000000000036,-15.0000000000000000,-104.5486095040001402,0.0000000000000017,-0.0000000000000097,-0.0000000000000000,1.0000000000000000
270,1788537266,811844654,1788537266.811844587,19.0000000000000036,-15.0000000000000000,-48.7004147680004138,0.0000000000000008,-0.0000000000000045,-0.0000000000000000,1.0000000000000000
271,1788537266,890836044,1788537266.890836000,19.0000000000000036,-15.0000000000000000,-105.2750824320001328,0.0000000000000018,-0.0000000000000098,-0.0000000000000000,1.0000000000000000
272,1788537267,3776410,1788537267.003776312,19.0000000000000036,-15.0000000000000000,-49.3217609440004239,0.0000000000000008,-0.0000000000000046,-0.0000000000000000,1.0000000000000000
