frame_idx,timestamp_sec,timestamp_nanosec,timestamp_total_sec,pos_x,pos_y,pos_z,rot_x,rot_y,rot_z,rot_w,num_detected,num_matched,num_inliers,inlier_ratio,rel_tx,rel_ty,rel_tz,rel_rot_deg
0,46,600000000,46.6,0.0,0.0,0.0,0.0,0.0,0.0,1.0,2000,0,0,0.0,-0.0,-0.0,-0.0,0.0
1,46,632000000,46.632,0.0,0.0,0.0,0.0,0.0,0.0,1.0,2000,2000,0,0.0,-0.0,-0.0,-0.0,0.0
2,46,664000000,46.664,0.0,0.0,0.0,0.0,0.0,0.0,1.0,2000,2000,0,0.0,-0.0,-0.0,-0.0,0.0
3,46,696000000,46.696,0.0,0.0,0.0,0.0,0.0,0.0,1.0,2000,2000,0,0.0,-0.0,-0.0,-0.0,0.0
4,46,732000000,46.732,0.0,0.0,0.0,0.0,0.0,0.0,1.0,2000,2000,0,0.0,-0.0,-0.0,-0.0,0.0
5,46,764000000,46.764,0.0,0.0,0.0,0.0,0.0,0.0,1.0,2000,2000,0,0.0,-0.0,-0.0,-0.0,0.0
6,46,796000000,46.796,0.0,0.0,0.0,0.0,0.0,0.0,1.0,2000,2000,0,0.0,-0.0,-0.0,-0.0,0.0
7,46,828000000,46.828,0.0,0.0,0.0,0.0,0.0,0.0,1.0,2000,2000,0,0.0,-0.0,-0.0,-0.0,0.0
8,46,864000000,46.864,0.0,0.0,0.0,0.0,0.0,0.0,1.0,2000,2000,0,0.0,-0.0,-0.0,-0.0,0.0
9,46,896000000,46.896,0.0,0.0,0.0,0.0,0.0,0.0,1.0,2000,2000,0,0.0,-0.0,-0.0,-0.0,0.0
10,46,928000000,46.928,0.0,0.0,0.0,0.0,0.0,0.0,1.0,2000,2000,0,0.0,-0.0,-0.0,-0.0,0.0
11,46,960000000,46.96,0.0,0.0,0.0,0.0,0.0,0.0,1.0,2000,2000,0,0.0,-0.0,-0.0,-0.0,0.0
12,46,996000000,46.996,0.0,0.0,0.0,0.0,0.0,0.0,1.0,2000,2000,0,0.0,-0.0,-0.0,-0.0,0.0
13,47,60000000,47.06,0.0,0.0,0.0,0.0,0.0,0.0,1.0,2000,2000,0,0.0,-0.0,-0.0,-0.0,0.0
14,47,92000000,47.092,0.0,0.0,0.0,0.0,0.0,0.0,1.0,2000,2000,0,0.0,-0.0,-0.0,-0.0,0.0
15,47,160000000,47.16,0.0,0.0,0.0,0.0,0.0,0.0,1.0,2000,2000,0,0.0,-0.0,-0.0,-0.0,0.0
16,47,192000000,47.192,0.0,0.0,0.0,0.0,0.0,0.0,1.0,2000,2000,0,0.0,-0.0,-0.0,-0.0,0.0
17,47,260000000,47.26,0.0,0.0,0.0,0.0,0.0,0.0,1.0,2000,2000,0,0.0,-0.0,-0.0,-0.0,0.0
18,47,324000000,47.324,0.0,0.0,0.0,0.0,0.0,0.0,1.0,2000,2000,0,0.0,-0.0,-0.0,-0.0,0.0
19,47,356000000,47.356,0.0,0.0,0.0,0.0,0.0,0.0,1.0,2000,2000,0,0.0,-0.0,-0.0,-0.0,0.0
20,47,392000000,47.392,0.0,0.0,0.0,0.0,0.0,0.0,1.0,2000,2000,0,0.0,-0.0,-0.0,-0.0,0.0
21,47,456000000,47.456,0.0,0.0,0.0,0.0,0.0,0.0,1.0,2000,2000,0,0.0,-0.0,-0.0,-0.0,0.0
22,47,524000000,47.524,0.0,0.0,0.0,0.0,0.0,0.0,1.0,2000,2000,0,0.0,-0.0,-0.0,-0.0,0.0
23,47,556000000,47.556,0.0,0.0,0.0,0.0,0.0,0.0,1.0,2000,2000,0,0.0,-0.0,-0.0,-0.0,0.0
24,47,620000000,47.62,0.0,0.0,0.0,0.0,0.0,0.0,1.0,2000,2000,0,0.0,-0.0,-0.0,-0.0,0.0
25,47,656000000,47.656,0.0,0.0,0.0,0.0,0.0,0.0,1.0,2000,2000,0,0.0,-0.0,-0.0,-0.0,0.0
26,47,688000000,47.688,0.0,0.0,0.0,0.0,0.0,0.0,1.0,2000,2000,0,0.0,-0.0,-0.0,-0.0,0.0
27,47,752000000,47.752,0.0,0.0,0.0,0.0,0.0,0.0,1.0,2000,2000,0,0.0,-0.0,-0.0,-0.0,0.0
28,47,788000000,47.788,0.0,0.0,0.0,0.0,0.0,0.0,1.0,2000,2000,0,0.0,-0.0,-0.0,-0.0,0.0
29,47,852000000,47.852,0.0,0.0,0.0,0.0,0.0,0.0,1.0,2000,2000,0,0.0,-0.0,-0.0,-0.0,0.0
30,47,884000000,47.884,0.0,0.0,0.0,0.0,0.0,0.0,1.0,2000,2000,0,0.0,-0.0,-0.0,-0.0,0.0
31,47,920000000,47.92,0.0,0.0,0.0,0.0,0.0,0.0,1.0,2000,2000,0,0.0,-0.0,-0.0,-0.0,0.0
32,47,952000000,47.952,0.0,0.0,0.0,0.0,0.0,0.0,1.0,2000,2000,0,0.0,-0.0,-0.0,-0.0,0.0
33,47,984000000,47.984,0.0,0.0,0.0,0.0,0.0,0.0,1.0,2000,2000,0,0.0,-0.0,-0.0,-0.0,0.0
34,48,84000000,48.084,0.0,0.0,0.0,0.0,0.0,0.0,1.0,2000,2000,0,0.0,-0.0,-0.0,-0.0,0.0
35,48,116000000,48.116,0.0,0.0,0.0,0.0,0.0,0.0,1.0,2000,2000,0,0.0,-0.0,-0.0,-0.0,0.0
36,48,148000000,48.148,0.0,0.0,0.0,0.0,0.0,0.0,1.0,2000,2000,0,0.0,-0.0,-0.0,-0.0,0.0
37,48,216000000,48.216,0.0,0.0,0.0,0.0,0.0,0.0,1.0,2000,2000,0,0.0,-0.0,-0.0,-0.0,0.0
38,48,280000000,48.28,0.0,0.0,0.0,0.0,0.0,0.0,1.0,2000,2000,0,0.0,-0.0,-0.0,-0.0,0.0
39,48,316000000,48.316,0.0,0.0,0.0,0.0,0.0,0.0,1.0,2000,2000,0,0.0,-0.0,-0.0,-0.0,0.0
40,48,380000000,48.38,0.0,0.0,0.0,0.0,0.0,0.0,1.0,2000,2000,0,0.0,-0.0,-0.0,-0.0,0.0
41,48,448000000,48.448,0.0,0.0,0.0,0.0,0.0,0.0,1.0,2000,2000,0,0.0,-0.0,-0.0,-0.0,0.0
42,48,480000000,48.48,0.0,0.0,0.0,0.0,0.0,0.0,1.0,2000,2000,0,0.0,-0.0,-0.0,-0.0,0.0
43,48,512000000,48.512,0.0,0.0,0.0,0.0,0.0,0.0,1.0,2000,2000,0,0.0,-0.0,-0.0,-0.0,0.0
44,48,544000000,48.544,0.0,0.0,0.0,0.0,0.0,0.0,1.0,2000,2000,0,0.0,-0.0,-0.0,-0.0,0.0
45,48,580000000,48.58,0.0,0.0,0.0,0.0,0.0,0.0,1.0,2000,2000,0,0.0,-0.0,-0.0,-0.0,0.0
46,48,644000000,48.644,0.0,0.0,0.0,0.0,0.0,0.0,1.0,2000,2000,0,0.0,-0.0,-0.0,-0.0,0.0
47,48,676000000,48.676,0.0,0.0,0.0,0.0,0.0,0.0,1.0,2000,2000,0,0.0,-0.0,-0.0,-0.0,0.0
48,48,712000000,48.712,0.0,0.0,0.0,0.0,0.0,0.0,1.0,2000,2000,0,0.0,-0.0,-0.0,-0.0,0.0
49,48,744000000,48.744,0.0,0.0,0.0,0.0,0.0,0.0,1.0,2000,2000,0,0.0,-0.0,-0.0,-0.0,0.0
50,48,776000000,48.776,0.0,0.0,0.0,0.0,0.0,0.0,1.0,2000,2000,0,0.0,-0.0,-0.0,-0.0,0.0
51,48,844000000,48.844,0.0,0.0,0.0,0.0,0.0,0.0,1.0,2000,2000,0,0.0,-0.0,-0.0,-0.0,0.0
52,48,876000000,48.876,0.0,0.0,0.0,0.0,0.0,0.0,1.0,2000,2000,0,0.0,-0.0,-0.0,-0.0,0.0
53,48,940000000,48.94,0.0,0.0,0.0,0.0,0.0,0.0,1.0,2000,1979,7,0.0035,-0.0,-0.0,-0.0,0.0
54,49,8000000,49.008,-0.0254202502942289,-0.0117543970376298,0.9996077455808656,1.3449169565137542e-07,-3.309040350263224e-07,-1.2654696760265272e-08,0.9999999999999362,1979,1872,35,0.0187,-0.0254202502942289,-0.0117543970376298,0.9996077455808656,0.0
55,49,72000000,49.072,-0.0254202502942289,-0.0117543970376298,0.9996077455808656,1.3449169565137542e-07,-3.309040350263224e-07,-1.2654696760265272e-08,0.9999999999999362,2000,0,0,0.0,-0.0,-0.0,-0.0,0.0
56,49,172000000,49.172,0.8937874342103815,0.3762642231113488,0.932534776619032,1.998744117732145e-06,-4.115306215405896e-07,2.097449892531635e-06,0.9999999999957182,2000,2000,10,0.005,0.9192076845046104,0.3880186201489786,-0.0670729689618337,0.0
57,49,272000000,49.272,0.8937874342103815,0.3762642231113488,0.932534776619032,1.998744117732145e-06,-4.115306215405896e-07,2.097449892531635e-06,0.9999999999957182,2000,0,0,0.0,-0.0,-0.0,-0.0,0.0
58,49,372000000,49.372,1.4605964467840393,1.0545465325895444,1.4001464230888347,8.077177303528574e-07,-8.73231939015811e-07,2.1034267230514845e-06,0.9999999999970804,2000,2000,9,0.0045,0.5668090125736579,0.6782823094781957,0.4676116464698028,0.0
59,49,436000000,49.436,1.4605964467840393,1.0545465325895444,1.4001464230888347,8.077177303528574e-07,-8.73231939015811e-07,2.1034267230514845e-06,0.9999999999970804,2000,0,0,0.0,-0.0,-0.0,-0.0,0.0
60,49,536000000,49.536,1.4605964467840393,1.0545465325895444,1.4001464230888347,8.077177303528574e-07,-8.73231939015811e-07,2.1034267230514845e-06,0.9999999999970804,2000,2000,1,0.0005,-0.0,-0.0,-0.0,0.0
61,49,600000000,49.6,1.4605964467840393,1.0545465325895444,1.4001464230888347,8.077177303528574e-07,-8.73231939015811e-07,2.1034267230514845e-06,0.9999999999970804,2000,1952,3,0.0015,-0.0,-0.0,-0.0,0.0
62,49,668000000,49.668,1.4605964467840393,1.0545465325895444,1.4001464230888347,8.077177303528574e-07,-8.73231939015811e-07,2.1034267230514845e-06,0.9999999999970804,1952,1950,0,0.0,-0.0,-0.0,-0.0,0.0
63,49,732000000,49.732,1.4605964467840393,1.0545465325895444,1.4001464230888347,8.077177303528574e-07,-8.73231939015811e-07,2.1034267230514845e-06,0.9999999999970804,1950,1948,1,0.0005,-0.0,-0.0,-0.0,0.0
64,49,800000000,49.8,1.2255966061671204,0.9410312857456372,0.4348022545955508,2.111650974779457e-06,3.2159540271148204e-06,-8.385326450109599e-07,0.9999999999922478,1948,1919,10,0.0052,-0.2349998406169189,-0.1135152468439072,-0.965344168493284,0.0
65,49,864000000,49.864,1.2255966061671204,0.9410312857456372,0.4348022545955508,2.111650974779457e-06,3.2159540271148204e-06,-8.385326450109599e-07,0.9999999999922478,2000,0,0,0.0,-0.0,-0.0,-0.0,0.0
66,49,932000000,49.932,1.2255966061671204,0.9410312857456372,0.4348022545955508,2.111650974779457e-06,3.2159540271148204e-06,-8.385326450109599e-07,0.9999999999922478,2000,2000,4,0.002,-0.0,-0.0,-0.0,0.0
67,49,996000000,49.996,0.7393016630284249,0.7264957490388178,1.281851091303122,2.200068731742898e-06,3.333392204745779e-06,-1.162314876822497e-06,0.9999999999913486,2000,1959,8,0.0041,-0.4862949431386955,-0.2145355367068195,0.8470488367075713,0.0
68,50,64000000,50.064,0.7393016630284249,0.7264957490388178,1.281851091303122,2.200068731742898e-06,3.333392204745779e-06,-1.162314876822497e-06,0.9999999999913486,2000,0,0,0.0,-0.0,-0.0,-0.0,0.0
69,50,128000000,50.128,0.7393016630284249,0.7264957490388178,1.281851091303122,2.200068731742898e-06,3.333392204745779e-06,-1.162314876822497e-06,0.9999999999913486,2000,2000,1,0.0005,-0.0,-0.0,-0.0,0.0
70,50,196000000,50.196,0.578649769471599,0.6641537069205942,0.2968107678233488,1.99160985968164e-06,3.23129319271277e-06,-1.2958937854117209e-06,0.9999999999919564,2000,1925,12,0.0062,-0.160651893556826,-0.0623420421182236,-0.9850403234797732,0.0
71,50,260000000,50.26,0.578649769471599,0.6641537069205942,0.2968107678233488,1.99160985968164e-06,3.23129319271277e-06,-1.2958937854117209e-06,0.9999999999919564,2000,0,0,0.0,-0.0,-0.0,-0.0,0.0
72,50,392000000,50.392,0.578649769471599,0.6641537069205942,0.2968107678233488,1.99160985968164e-06,3.23129319271277e-06,-1.2958937854117209e-06,0.9999999999919564,2000,2000,0,0.0,-0.0,-0.0,-0.0,0.0
73,50,492000000,50.492,0.578649769471599,0.6641537069205942,0.2968107678233488,1.99160985968164e-06,3.23129319271277e-06,-1.2958937854117209e-06,0.9999999999919564,2000,1989,3,0.0015,-0.0,-0.0,-0.0,0.0
74,50,560000000,50.56,0.578649769471599,0.6641537069205942,0.2968107678233488,1.99160985968164e-06,3.23129319271277e-06,-1.2958937854117209e-06,0.9999999999919564,1989,1989,0,0.0,-0.0,-0.0,-0.0,0.0
75,50,624000000,50.624,0.578649769471599,0.6641537069205942,0.2968107678233488,1.99160985968164e-06,3.23129319271277e-06,-1.2958937854117209e-06,0.9999999999919564,1989,1989,0,0.0,-0.0,-0.0,-0.0,0.0
76,50,724000000,50.724,1.4979782443384377,1.057370980101286,0.2821365942059543,2.4760281436017367e-06,3.032365274622718e-06,-7.970876105686628e-07,0.9999999999920194,1989,1928,108,0.056,0.9193284748668388,0.393217273180692,-0.0146741736173945,0.0
77,50,856000000,50.856,1.1655256815849788,0.9127205178304951,1.2140977185472568,0.0186248172645026,-0.0256008088426141,0.0025713822685151,0.9994954240824202,108,108,74,0.6852,-0.3324525627534588,-0.1446504622707909,0.9319611243413024,3.64
78,50,888000000,50.888,1.1655256815849788,0.9127205178304951,1.2140977185472568,0.0186248172645026,-0.0256008088426141,0.0025713822685151,0.9994954240824202,2000,0,0,0.0,-0.0,-0.0,-0.0,0.0
79,50,988000000,50.988,1.8565990443449794,1.6105717911322626,1.0258924911100606,0.0186235246865526,-0.0256016232230152,0.0025701504262673,0.9994954304764893,2000,2000,12,0.006,0.6910733627600004,0.6978512733017673,-0.1882052274371962,0.0
80,51,52000000,51.052,1.8565990443449794,1.6105717911322626,1.0258924911100606,0.0186235246865526,-0.0256016232230152,0.0025701504262673,0.9994954304764893,2000,0,0,0.0,-0.0,-0.0,-0.0,0.0
81,51,120000000,51.12,1.8565990443449794,1.6105717911322626,1.0258924911100606,0.0186235246865526,-0.0256016232230152,0.0025701504262673,0.9994954304764893,2000,2000,0,0.0,-0.0,-0.0,-0.0,0.0
82,51,184000000,51.184,1.5884308348248946,1.6655899611711746,1.9876922688020506,0.0186274221567515,-0.025605190276815,0.0025714282946281,0.999495263185978,2000,2000,19,0.0095,-0.2681682095200848,0.055018170038912,0.96179977769199,0.0
83,51,284000000,51.284,1.5884308348248946,1.6655899611711746,1.9876922688020506,0.0186274221567515,-0.025605190276815,0.0025714282946281,0.999495263185978,2000,0,0,0.0,-0.0,-0.0,-0.0,0.0
84,51,384000000,51.384,1.5884308348248946,1.6655899611711746,1.9876922688020506,0.0186274221567515,-0.025605190276815,0.0025714282946281,0.999495263185978,2000,2000,0,0.0,-0.0,-0.0,-0.0,0.0
85,51,448000000,51.448,1.5884308348248946,1.6655899611711746,1.9876922688020506,0.0186274221567515,-0.025605190276815,0.0025714282946281,0.999495263185978,2000,2000,0,0.0,-0.0,-0.0,-0.0,0.0
86,51,516000000,51.516,1.5884308348248946,1.6655899611711746,1.9876922688020506,0.0186274221567515,-0.025605190276815,0.0025714282946281,0.999495263185978,2000,2000,0,0.0,-0.0,-0.0,-0.0,0.0
87,51,616000000,51.616,1.5884308348248946,1.6655899611711746,1.9876922688020506,0.0186274221567515,-0.025605190276815,0.0025714282946281,0.999495263185978,2000,2000,1,0.0005,-0.0,-0.0,-0.0,0.0
88,51,680000000,51.68,1.6302024754696716,1.0307554454871573,1.2161741110545594,0.0186274221567059,-0.0256051902768263,0.0025714282946515,0.9994952631859786,2000,1889,89,0.0471,0.041771640644777,-0.6348345156840174,-0.7715181577474911,0.0
89,51,780000000,51.78,1.6302024754696716,1.0307554454871573,1.2161741110545594,0.0186274221567059,-0.0256051902768263,0.0025714282946515,0.9994952631859786,2000,0,0,0.0,-0.0,-0.0,-0.0,0.0
90,51,880000000,51.88,1.6302024754696716,1.0307554454871573,1.2161741110545594,0.0186274221567059,-0.0256051902768263,0.0025714282946515,0.9994952631859786,2000,1998,1,0.0005,-0.0,-0.0,-0.0,0.0
91,51,976000000,51.976,1.6302024754696716,1.0307554454871573,1.2161741110545594,0.0186274221567059,-0.0256051902768263,0.0025714282946515,0.9994952631859786,1998,1998,0,0.0,-0.0,-0.0,-0.0,0.0
92,52,44000000,52.044,1.6302024754696716,1.0307554454871573,1.2161741110545594,0.0186274221567059,-0.0256051902768263,0.0025714282946515,0.9994952631859786,1998,1998,0,0.0,-0.0,-0.0,-0.0,0.0
93,52,144000000,52.144,1.6302024754696716,1.0307554454871573,1.2161741110545594,0.0186274221567059,-0.0256051902768263,0.0025714282946515,0.9994952631859786,1998,1998,0,0.0,-0.0,-0.0,-0.0,0.0
94,52,176000000,52.176,1.6302024754696716,1.0307554454871573,1.2161741110545594,0.0186274221567059,-0.0256051902768263,0.0025714282946515,0.9994952631859786,1998,1998,5,0.0025,-0.0,-0.0,-0.0,0.0
95,52,276000000,52.276,0.7334513440222872,0.5885214584583682,1.1998490087744236,0.0186275851930427,-0.0256050677720198,0.0025714578914475,0.9994952632096756,1998,1926,64,0.0332,-0.8967511314473844,-0.442233987028789,-0.0163251022801359,0.0
96,52,408000000,52.408,0.7334513440222872,0.5885214584583682,1.1998490087744236,0.0186275851930427,-0.0256050677720198,0.0025714578914475,0.9994952632096756,2000,0,0,0.0,-0.0,-0.0,-0.0,0.0
97,52,472000000,52.472,0.1926097456200444,-0.0486858803571093,0.650797851961687,0.0186257009593562,-0.0256044080845446,0.0025718592104374,0.9994953141914246,2000,1996,11,0.0055,-0.5408415984022428,-0.6372073388154775,-0.5490511568127365,0.0
98,52,540000000,52.54,0.1926097456200444,-0.0486858803571093,0.650797851961687,0.0186257009593562,-0.0256044080845446,0.0025718592104374,0.9994953141914246,2000,0,0,0.0,-0.0,-0.0,-0.0,0.0
99,52,636000000,52.636,0.1926097456200444,-0.0486858803571093,0.650797851961687,0.0186257009593562,-0.0256044080845446,0.0025718592104374,0.9994953141914246,2000,2000,0,0.0,-0.0,-0.0,-0.0,0.0
100,52,704000000,52.704,0.6241930533835346,0.2009055873923691,1.5176542112776845,0.0186259019028794,-0.0256040107182165,0.0025716274165451,0.999495321222604,2000,2000,9,0.0045,0.4315833077634902,0.2495914677494784,0.8668563593159974,0.0
101,52,804000000,52.804,0.6241930533835346,0.2009055873923691,1.5176542112776845,0.0186259019028794,-0.0256040107182165,0.0025716274165451,0.999495321222604,2000,0,0,0.0,-0.0,-0.0,-0.0,0.0
102,52,900000000,52.9,0.6241930533835346,0.2009055873923691,1.5176542112776845,0.0186259019028794,-0.0256040107182165,0.0025716274165451,0.999495321222604,2000,2000,0,0.0,-0.0,-0.0,-0.0,0.0
103,53,0,53.0,-0.047541058899393196,-0.433384492945582,1.134967163704419,0.0185631275703595,-0.0256975847854753,0.002577399363398,0.9994940727405648,2000,2000,19,0.0095,-0.6717341122829278,-0.6342900803379511,-0.3826870475732656,0.01
104,53,100000000,53.1,-0.047541058899393196,-0.433384492945582,1.134967163704419,0.0185631275703595,-0.0256975847854753,0.002577399363398,0.9994940727405648,2000,0,0,0.0,-0.0,-0.0,-0.0,0.0
105,53,200000000,53.2,-0.9577660190991112,-0.837128762399322,1.2270599794540078,0.020911276043941,-0.0266586362975824,0.0029538010759737,0.9994214880140264,2000,1999,12,0.006,-0.910224960199718,-0.40374426945374,0.0920928157495888,0.29
106,53,332000000,53.332,-0.9577660190991112,-0.837128762399322,1.2270599794540078,0.020911276043941,-0.0266586362975824,0.0029538010759737,0.9994214880140264,2000,0,0,0.0,-0.0,-0.0,-0.0,0.0
107,53,464000000,53.464,-0.9577660190991112,-0.837128762399322,1.2270599794540078,0.020911276043941,-0.0266586362975824,0.0029538010759737,0.9994214880140264,2000,1983,4,0.002,-0.0,-0.0,-0.0,0.0
108,53,560000000,53.56,-1.0695294655353975,-0.9312715727183258,0.23779456344780625,0.0183647091280553,-0.0225019795458897,0.0028627322914554,0.9995740108361092,1983,1814,9,0.005,-0.1117634464362864,-0.0941428103190038,-0.9892654160062015,0.56
109,53,692000000,53.692,-1.0695294655353975,-0.9312715727183258,0.23779456344780625,0.0183647091280553,-0.0225019795458897,0.0028627322914554,0.9995740108361092,2000,0,0,0.0,-0.0,-0.0,-0.0,0.0
110,53,824000000,53.824,-1.0394280337616648,-0.868642820171271,1.2353774137211915,0.014640649852721,-0.0184765997491123,0.0025572667833454,0.9997188239801228,2000,1976,1431,0.7242,0.0301014317737326,0.0626287525470548,0.9975828502733852,0.63
111,54,56000000,54.056,-0.11907969914008076,-0.47928071140611656,1.1985522699030209,0.0020582990527252,-0.0139497588798421,0.0008454077889841,0.9999002214810606,1431,1426,121,0.0849,0.920348334621584,0.3893621087651545,-0.0368251438181705,1.54
112,54,124000000,54.124,0.4755370798709262,0.21452092974815778,1.6048405528379472,0.0031369046515983,-0.0182900661448111,0.0010684725768732,0.9998272309134102,121,110,8,0.0727,0.594616779011007,0.6938016411542743,0.4062882829349264,0.51
113,54,188000000,54.188,0.4755370798709262,0.21452092974815778,1.6048405528379472,0.0031369046515983,-0.0182900661448111,0.0010684725768732,0.9998272309134102,2000,0,0,0.0,-0.0,-0.0,-0.0,0.0
114,54,288000000,54.288,1.371325322892885,0.5988448646866065,1.8281308049696943,0.0091998195877594,-0.0171073090804719,0.0012358726426966,0.9998105700153348,2000,2000,20,0.01,0.8957882430219589,0.3843239349384487,0.223290252131747,0.71
115,54,388000000,54.388,1.371325322892885,0.5988448646866065,1.8281308049696943,0.0091998195877594,-0.0171073090804719,0.0012358726426966,0.9998105700153348,2000,0,0,0.0,-0.0,-0.0,-0.0,0.0
116,54,452000000,54.452,1.40783350360082,0.5573588092744421,2.8266026673412563,0.0127740440101682,-0.0132252875432654,0.0014441303628256,0.9998299005613502,2000,2000,11,0.0055,0.036508180707935,-0.0414860554121643,0.9984718623715622,0.61
117,54,552000000,54.552,1.40783350360082,0.5573588092744421,2.8266026673412563,0.0127740440101682,-0.0132252875432654,0.0014441303628256,0.9998299005613502,2000,0,0,0.0,-0.0,-0.0,-0.0,0.0
118,54,652000000,54.652,1.5601050512055772,0.636570912283736,3.811761953206693,0.0073882746390908,0.0011643874489428,0.0015205163912269,0.9999708723906062,2000,1945,1375,0.7069,0.1522715476047571,0.0792121030092938,0.9851592858654368,1.76
119,54,784000000,54.784,1.7219746353216996,0.7242565847758342,4.794670626775953,-0.0083394470981005,0.0157355408020875,0.0004944248582611,0.9998412883662204,1375,1354,1015,0.7496,0.1618695841161223,0.0876856724920982,0.98290867356926,2.46
120,54,848000000,54.848,2.0902994088570255,0.5485586938464683,5.707614826781147,-0.0144925019201258,0.0152000176376294,-0.0045850720480324,0.9997689252853508,1015,1015,1015,1.0,0.3683247735353257,-0.1756978909293659,0.912944200005194,0.92
121,54,916000000,54.916,1.831066752266242,1.0517169565498434,6.532011692635334,-0.0233653448372186,0.0159104561011852,-0.0007005467624232,0.9996001336942306,1015,1000,734,0.734,-0.2592326565907835,0.5031582627033752,0.824396865854187,1.11
122,54,980000000,54.98,1.8299113577682746,1.2806587256831992,7.505451126503535,-0.0284282256533261,0.0117830241377677,0.0001731006912492,0.9995263710200564,734,698,696,0.9971,-0.0011553944979675,0.2289417691333558,0.9734394338682008,0.76
123,55,48000000,55.048,1.8299113577682746,1.2806587256831992,7.505451126503535,-0.0284282256533261,0.0117830241377677,0.0001731006912492,0.9995263710200564,696,696,0,0.0,-0.0,-0.0,-0.0,0.0
124,55,80000000,55.08,1.8299113577682746,1.2806587256831992,7.505451126503535,-0.0284282256533261,0.0117830241377677,0.0001731006912492,0.9995263710200564,696,690,6,0.0087,-0.0,-0.0,-0.0,0.0
125,55,144000000,55.144,1.5324355525250757,1.4938670063878114,8.436069401809739,-0.0263680007695014,0.0023732938134435,0.0026847518657113,0.9996458813596514,690,660,466,0.7061,-0.297475805243199,0.2132082807046123,0.930618275306204,1.14
126,55,180000000,55.18,1.5324355525250757,1.4938670063878114,8.436069401809739,-0.0263680007695014,0.0023732938134435,0.0026847518657113,0.9996458813596514,466,466,0,0.0,-0.0,-0.0,-0.0,0.0
127,55,212000000,55.212,1.5324355525250757,1.4938670063878114,8.436069401809739,-0.0263680007695014,0.0023732938134435,0.0026847518657113,0.9996458813596514,466,466,0,0.0,-0.0,-0.0,-0.0,0.0
128,55,244000000,55.244,0.9273391800568942,2.002333265415426,9.048703422621765,-0.0213949372260199,-0.0025098052557272,0.008007727162797,0.999735882043032,466,465,63,0.1355,-0.6050963724681815,0.5084662590276144,0.6126340208120264,1.01
129,55,312000000,55.312,0.9273391800568942,2.002333265415426,9.048703422621765,-0.0213949372260199,-0.0025098052557272,0.008007727162797,0.999735882043032,2000,0,0,0.0,-0.0,-0.0,-0.0,0.0
130,55,408000000,55.408,0.6517406444949847,1.8068672436466706,9.989893351132492,-0.0083272837992736,-0.0110644965955502,0.0091238211327371,0.9998624851186044,2000,1989,1545,0.7768,-0.2755985355619095,-0.1954660217687551,0.9411899285107272,1.79
131,55,540000000,55.54,0.3862233567218416,1.3668754553994344,10.84774403520787,0.001485323900654,-0.0031098022150942,0.0094943734573747,0.9999489886067914,1545,1390,546,0.3928,-0.2655172877731431,-0.4399917882472363,0.8578506840753773,1.45
132,55,608000000,55.608,0.3862233567218416,1.3668754553994344,10.84774403520787,0.001485323900654,-0.0031098022150942,0.0094943734573747,0.9999489886067914,546,541,0,0.0,-0.0,-0.0,-0.0,0.0
133,55,640000000,55.64,0.3862233567218416,1.3668754553994344,10.84774403520787,0.001485323900654,-0.0031098022150942,0.0094943734573747,0.9999489886067914,541,541,1,0.0018,-0.0,-0.0,-0.0,0.0
134,55,672000000,55.672,0.3862233567218416,1.3668754553994344,10.84774403520787,0.001485323900654,-0.0031098022150942,0.0094943734573747,0.9999489886067914,541,541,0,0.0,-0.0,-0.0,-0.0,0.0
135,55,708000000,55.708,0.3862233567218416,1.3668754553994344,10.84774403520787,0.001485323900654,-0.0031098022150942,0.0094943734573747,0.9999489886067914,541,541,0,0.0,-0.0,-0.0,-0.0,0.0
136,55,740000000,55.74,0.3862233567218416,1.3668754553994344,10.84774403520787,0.001485323900654,-0.0031098022150942,0.0094943734573747,0.9999489886067914,541,537,1,0.0019,-0.0,-0.0,-0.0,0.0
137,55,772000000,55.772,0.3862233567218416,1.3668754553994344,10.84774403520787,0.001485323900654,-0.0031098022150942,0.0094943734573747,0.9999489886067914,537,535,0,0.0,-0.0,-0.0,-0.0,0.0
138,55,804000000,55.804,0.3862233567218416,1.3668754553994344,10.84774403520787,0.001485323900654,-0.0031098022150942,0.0094943734573747,0.9999489886067914,535,535,0,0.0,-0.0,-0.0,-0.0,0.0
139,55,840000000,55.84,0.3862233567218416,1.3668754553994344,10.84774403520787,0.001485323900654,-0.0031098022150942,0.0094943734573747,0.9999489886067914,535,535,0,0.0,-0.0,-0.0,-0.0,0.0
140,55,904000000,55.904,0.3862233567218416,1.3668754553994344,10.84774403520787,0.001485323900654,-0.0031098022150942,0.0094943734573747,0.9999489886067914,535,535,0,0.0,-0.0,-0.0,-0.0,0.0
141,55,936000000,55.936,0.3862233567218416,1.3668754553994344,10.84774403520787,0.001485323900654,-0.0031098022150942,0.0094943734573747,0.9999489886067914,535,533,0,0.0,-0.0,-0.0,-0.0,0.0
142,55,972000000,55.972,0.3862233567218416,1.3668754553994344,10.84774403520787,0.001485323900654,-0.0031098022150942,0.0094943734573747,0.9999489886067914,533,533,0,0.0,-0.0,-0.0,-0.0,0.0
143,56,4000000,56.004,0.3862233567218416,1.3668754553994344,10.84774403520787,0.001485323900654,-0.0031098022150942,0.0094943734573747,0.9999489886067914,533,533,0,0.0,-0.0,-0.0,-0.0,0.0
144,56,36000000,56.036,0.4182257260242966,0.9716932067190587,9.929698917206062,-0.0027868225495016,0.0010562989630198,0.0073737503958452,0.9999683723286842,533,532,160,0.3008,0.032002369302455,-0.3951822486803758,-0.9180451180018068,0.73
145,56,104000000,56.104,0.51397902977349,0.9401124643496654,8.934794921067484,-0.0078351893353923,0.0042983028539677,0.0067291680482965,0.9999374243911624,160,159,157,0.9874,0.0957533037491934,-0.0315807423693932,-0.9949039961385786,0.69
146,56,136000000,56.136,0.872130730172775,0.7676779752112326,8.017192770646798,-0.0138024881079495,0.0082826326506003,0.0034494377812866,0.9998644861666997,157,157,157,1.0,0.358151700399285,-0.1724344891384328,-0.9176021504206868,0.9
147,56,168000000,56.168,1.4592040591669972,0.2996058735513809,7.356697945510846,-0.0209188553114881,0.0120340058765578,-0.0062856972789356,0.9996889887383664,157,157,157,1.0,0.5870733289942223,-0.4680721016598517,-0.6604948251359515,1.45
148,56,200000000,56.2,1.1066496566516146,0.5128372175464891,6.445524094259033,-0.0282899716756055,0.0183627027278443,-0.0017677882112707,0.999429519063732,157,157,157,1.0,-0.3525544025153826,0.2132313439951082,-0.9111738512518132,1.23
149,56,236000000,56.236,1.1066496566516146,0.5128372175464891,6.445524094259033,-0.0282899716756055,0.0183627027278443,-0.0017677882112707,0.999429519063732,157,157,0,0.0,-0.0,-0.0,-0.0,0.0
150,56,268000000,56.268,1.1066496566516146,0.5128372175464891,6.445524094259033,-0.0282899716756055,0.0183627027278443,-0.0017677882112707,0.999429519063732,157,156,1,0.0064,-0.0,-0.0,-0.0,0.0
151,56,300000000,56.3,1.1066496566516146,0.5128372175464891,6.445524094259033,-0.0282899716756055,0.0183627027278443,-0.0017677882112707,0.999429519063732,156,156,0,0.0,-0.0,-0.0,-0.0,0.0
152,56,332000000,56.332,1.1066496566516146,0.5128372175464891,6.445524094259033,-0.0282899716756055,0.0183627027278443,-0.0017677882112707,0.999429519063732,156,156,0,0.0,-0.0,-0.0,-0.0,0.0
153,56,368000000,56.368,1.1066496566516146,0.5128372175464891,6.445524094259033,-0.0282899716756055,0.0183627027278443,-0.0017677882112707,0.999429519063732,156,156,0,0.0,-0.0,-0.0,-0.0,0.0
154,56,400000000,56.4,1.1066496566516146,0.5128372175464891,6.445524094259033,-0.0282899716756055,0.0183627027278443,-0.0017677882112707,0.999429519063732,156,156,1,0.0064,-0.0,-0.0,-0.0,0.0
155,56,432000000,56.432,1.1066496566516146,0.5128372175464891,6.445524094259033,-0.0282899716756055,0.0183627027278443,-0.0017677882112707,0.999429519063732,156,155,3,0.0194,-0.0,-0.0,-0.0,0.0
156,56,464000000,56.464,0.44854105369455455,-0.22909634781916877,6.317353694799136,-0.0195215824396542,0.018698686337035,-0.0008947659868157,0.99963416625391,155,155,8,0.0516,-0.6581086029570601,-0.7419335653656579,-0.1281703994598969,1.01
157,56,500000000,56.5,0.44854105369455455,-0.22909634781916877,6.317353694799136,-0.0195215824396542,0.018698686337035,-0.0008947659868157,0.99963416625391,2000,0,0,0.0,-0.0,-0.0,-0.0,0.0
158,56,532000000,56.532,0.44854105369455455,-0.22909634781916877,6.317353694799136,-0.0195215824396542,0.018698686337035,-0.0008947659868157,0.99963416625391,2000,2000,0,0.0,-0.0,-0.0,-0.0,0.0
159,56,564000000,56.564,0.44854105369455455,-0.22909634781916877,6.317353694799136,-0.0195215824396542,0.018698686337035,-0.0008947659868157,0.99963416625391,2000,1985,0,0.0,-0.0,-0.0,-0.0,0.0
160,56,596000000,56.596,0.44854105369455455,-0.22909634781916877,6.317353694799136,-0.0195215824396542,0.018698686337035,-0.0008947659868157,0.99963416625391,1985,1963,2,0.001,-0.0,-0.0,-0.0,0.0
161,56,632000000,56.632,0.44854105369455455,-0.22909634781916877,6.317353694799136,-0.0195215824396542,0.018698686337035,-0.0008947659868157,0.99963416625391,1963,1806,0,0.0,-0.0,-0.0,-0.0,0.0
162,56,664000000,56.664,0.44854105369455455,-0.22909634781916877,6.317353694799136,-0.0195215824396542,0.018698686337035,-0.0008947659868157,0.99963416625391,1806,1715,3,0.0017,-0.0,-0.0,-0.0,0.0
163,56,696000000,56.696,1.3352852738367453,0.2038326785481686,6.155313125270863,-0.0198407895249723,0.0236669291641215,0.0017138533438611,0.9995215266524689,1715,1657,15,0.0091,0.8867442201421908,0.4329290263673374,-0.1620405695282737,0.64
164,56,728000000,56.728,1.3352852738367453,0.2038326785481686,6.155313125270863,-0.0198407895249723,0.0236669291641215,0.0017138533438611,0.9995215266524689,2000,0,0,0.0,-0.0,-0.0,-0.0,0.0
165,56,828000000,56.828,1.699798522873691,0.35956899470082737,7.073396068750224,-0.0274866803745434,0.0273089372303887,0.0079219501095015,0.9992176675058329,2000,1947,1240,0.6369,0.3645132490369455,0.1557363161526588,0.9180829434793618,1.2
166,57,28000000,57.028,2.1138262169301787,0.6819961590420169,7.924643266836166,-0.0548649343373373,0.0394223002699052,0.0178069451875894,0.9975563312037448,1240,1129,350,0.31,0.4140276940564877,0.3224271643411895,0.8512471980859418,3.62
167,58,876000000,58.876,2.3329636331151686,0.7604335136721547,8.897179319754716,0.0636178617906746,-0.3382310829634425,-0.0423012761300534,0.9379568775889052,350,239,22,0.0921,0.21913741618499,0.0784373546301378,0.9725360529185498,46.7
168,59,832000000,59.832,2.3329636331151686,0.7604335136721547,8.897179319754716,0.0636178617906746,-0.3382310829634425,-0.0423012761300534,0.9379568775889052,2000,0,0,0.0,-0.0,-0.0,-0.0,0.0
169,59,896000000,59.896,2.2124181073355675,1.7502756570947486,8.972553767142971,0.0600121026516254,-0.339929279626271,-0.0337727042177602,0.9379264559857104,2000,1919,1256,0.6545,-0.1205455257796012,0.989842143422594,0.0753744473882537,1.08
170,59,964000000,59.964,2.0588954939773525,2.737940884631681,8.941760821488431,0.0566569826044416,-0.3386818270041243,-0.0290511850365545,0.9387441797568068,1256,1248,1199,0.9607,-0.1535226133582152,0.9876652275369324,-0.0307929456545397,0.69
171,60,64000000,60.064,1.971194917966752,3.7318005480680143,9.009226207884915,0.0512304437147429,-0.3413556892320771,-0.0158000379677028,0.9384040141995896,1199,1188,1040,0.8754,-0.0877005760106004,0.9938596634363336,0.0674653863964833,1.67
172,60,128000000,60.128,1.8411225756047604,4.721672819030163,9.066095117956271,0.0478369535869548,-0.3423726224169862,-0.0065676873777658,0.9383226943719006,1040,1034,1010,0.9768,-0.1300723423619916,0.9898722709621482,0.0568689100713559,1.13
173,60,160000000,60.16,1.687871149675051,5.706299686669061,9.149904019477074,0.0461331067719237,-0.3432163002630579,-0.0003050489410196,0.938122707665928,1010,1001,999,0.998,-0.1532514259297096,0.9846268676388976,0.0838089015208019,0.75
174,60,196000000,60.196,1.6070844801950173,6.701948094031929,9.19635574657208,0.044145444883185,-0.3438806273761153,0.0044159629688329,0.9379647078022352,999,995,990,0.995,-0.0807866694800337,0.9956484073628676,0.046451727095005,0.59
175,60,228000000,60.228,2.578088307393604,6.529953731192838,9.030315068672742,0.0447948534263997,-0.3432468839358009,-0.004424033090578,0.9381659904868028,990,989,100,0.1011,0.9710038271985868,-0.1719943628390908,-0.1660406778993381,1.02
176,60,260000000,60.26,2.6728178163345557,6.56928667729177,8.035589357993167,0.0294969802545615,-0.3267652240969168,-0.0131468582689973,0.9445536388127508,100,99,99,1.0,0.0947295089409517,0.0393329460989321,-0.9947257106795744,2.86
177,60,292000000,60.292,2.6728178163345557,6.56928667729177,8.035589357993167,0.0294969802545615,-0.3267652240969168,-0.0131468582689973,0.9445536388127508,2000,0,0,0.0,-0.0,-0.0,-0.0,0.0
178,60,360000000,60.36,2.5984365298956345,7.565902044770347,8.070592694023231,0.0259471798739822,-0.3275000232274427,-0.0046464695693555,0.9444833979288112,2000,1885,1100,0.5836,-0.0743812864389215,0.9966153674785764,0.0350033360300636,1.06
179,60,424000000,60.424,2.54317632413498,8.56397039793299,8.098980580075157,0.0225460495850496,-0.3281885342027004,0.0033315601236045,0.9443372609259544,1100,1096,974,0.8887,-0.0552602057606545,0.9980683531626444,0.0283878860519261,1.0
180,60,460000000,60.46,2.557848017478305,9.562109427862385,8.158168571644778,0.0205257720140651,-0.3293151571744254,0.0077773077157594,0.9439649005249636,974,968,948,0.9793,0.0146716933433247,0.998139029929395,0.0591879915696214,0.58
181,60,524000000,60.524,2.476728212265977,10.558567475136039,8.180325674927738,0.0172908282891285,-0.3293412717212877,0.0163933608008222,0.9439102773673644,948,939,931,0.9915,-0.0811198052123279,0.9964580472736532,0.0221571032829617,1.05
182,60,556000000,60.556,3.4730012417826397,10.47291109511307,8.190476301462676,0.0209374768080917,-0.3286136138331588,0.0065665679786608,0.9442095080295494,931,926,176,0.1901,0.9962730295166627,-0.085656380022969,0.0101506265349368,1.2
183,60,592000000,60.592,4.377276400958486,10.092545405117109,8.384405098631623,0.0265829998666775,-0.3316329033871008,-0.0109090498921463,0.9429708129839336,176,175,175,1.0,0.9042751591758464,-0.38036568999596,0.1939287971689475,2.14
184,60,624000000,60.624,5.283662390982664,10.406319525992725,8.101544288061078,0.0293332966699617,-0.3286709474555975,-0.017827719785143,0.9438205011613036,175,174,19,0.1092,0.9063859900241776,0.3137741208756153,-0.2828608105705452,0.92
185,60,656000000,60.656,5.283662390982664,10.406319525992725,8.101544288061078,0.0293332966699617,-0.3286709474555975,-0.017827719785143,0.9438205011613036,2000,0,0,0.0,-0.0,-0.0,-0.0,0.0
186,60,724000000,60.724,5.2887916751507085,11.405642171543635,8.137985206450338,0.0252575865471121,-0.3297675120929135,-0.0100400628297065,0.943670832138114,2000,1849,960,0.5192,0.0051292841680448,0.9993226455509104,0.0364409183892606,1.02
187,60,820000000,60.82,5.275777279964364,12.40531213439722,8.160134492810002,0.0196059951402055,-0.3305033380718827,0.0019067087730622,0.9435992332232788,960,956,628,0.6569,-0.0130143951863438,0.9996699628535866,0.0221492863596634,1.52
188,60,952000000,60.952,5.334670120611949,13.40251555719919,8.206145001093388,0.0119241023393802,-0.3336126582773593,0.0180665845559673,0.9424616748404128,628,614,252,0.4104,0.0588928406475842,0.9972034228019692,0.0460105082833851,2.09
189,61,448000000,61.448,5.370253770256383,14.40148877292326,8.234186365965506,-0.0071375979201634,-0.3380330728741433,0.1043777813946761,0.9353010077458056,252,233,48,0.206,0.0355836496444338,0.9989732157240708,0.0280413648721191,10.18
190,62,140000000,62.14,5.370253770256383,14.40148877292326,8.234186365965506,-0.0071375979201634,-0.3380330728741433,0.1043777813946761,0.9353010077458056,2000,0,0,0.0,-0.0,-0.0,-0.0,0.0
191,62,208000000,62.208,5.526037098255848,15.388064470552868,8.283175625646233,-0.0103092052599754,-0.338428026018257,0.1108079580135906,0.9343884566566264,2000,1994,1592,0.7984,0.1557833279994653,0.9865756976296068,0.0489892596807272,0.83
192,62,308000000,62.308,5.546462119161623,16.381571256510092,8.171251165504847,-0.0184549327149776,-0.3292481719047108,0.1286708272889366,0.9352533747389914,1592,1578,614,0.3891,0.0204250209057747,0.9935067859572264,-0.1119244601413865,2.49
193,63,724000000,63.724,6.287863189161815,15.71892751159489,8.065290225874591,-0.08148525947298,-0.322363144117228,0.1169207996756519,0.935826737386084,614,184,17,0.0924,0.7414010700001924,-0.6626437449152017,-0.1059609396302563,7.39
194,64,848000000,64.848,6.287863189161815,15.71892751159489,8.065290225874591,-0.08148525947298,-0.322363144117228,0.1169207996756519,0.935826737386084,2000,0,0,0.0,-0.0,-0.0,-0.0,0.0
195,64,948000000,64.948,7.270818198199031,15.537436974849868,8.094626811917463,-0.0859240429629171,-0.3205342130327861,0.1306428797381481,0.9342415721268686,2000,1968,1566,0.7957,0.982955009037216,-0.1814905367450214,0.0293365860428716,1.68
196,65,44000000,65.044,8.215619070664207,15.228008705622747,8.202355441316287,-0.089560707414901,-0.320086518596849,0.141851670993747,0.9324170760642329,1566,1562,1513,0.9686,0.9448008724651766,-0.3094282692271216,0.1077286293988241,1.37
197,65,112000000,65.112,9.138628715153974,14.886226502562016,8.025612345694906,-0.0926640394245355,-0.3156702311015959,0.1493407913900683,0.9324500034965848,1513,1503,1079,0.7179,0.9230096444897664,-0.3417822030607306,-0.1767430956213813,1.06
198,65,176000000,65.176,10.113735528339232,14.667175054936827,8.06000952832659,-0.0955354142196219,-0.3142327874256265,0.1581499113845186,0.9311924320277069,1079,1073,1013,0.9441,0.9751068131852588,-0.2190514476251897,0.0343971826316839,1.08
199,65,212000000,65.212,11.02995370638987,14.268035792986243,8.095110807208018,-0.0968143713309204,-0.3135024513931128,0.1620392779643329,0.9306376646531695,1013,1013,138,0.1362,0.9162181780506388,-0.3991392619505835,0.0351012788814268,0.48
200,65,244000000,65.244,11.02995370638987,14.268035792986243,8.095110807208018,-0.0968143713309204,-0.3135024513931128,0.1620392779643329,0.9306376646531695,138,137,0,0.0,-0.0,-0.0,-0.0,0.0
201,65,276000000,65.276,11.02995370638987,14.268035792986243,8.095110807208018,-0.0968143713309204,-0.3135024513931128,0.1620392779643329,0.9306376646531695,137,135,0,0.0,-0.0,-0.0,-0.0,0.0
202,65,308000000,65.308,11.02995370638987,14.268035792986243,8.095110807208018,-0.0968143713309204,-0.3135024513931128,0.1620392779643329,0.9306376646531695,135,127,4,0.0315,-0.0,-0.0,-0.0,0.0
203,65,344000000,65.344,11.649631410844712,15.024745605355696,7.88680861695221,-0.1011991300740774,-0.3111847254025442,0.1731406624830423,0.9289483913239348,127,118,9,0.0763,0.6196777044548415,0.7567098123694519,-0.2083021902558084,1.41
204,65,376000000,65.376,11.649631410844712,15.024745605355696,7.88680861695221,-0.1011991300740774,-0.3111847254025442,0.1731406624830423,0.9289483913239348,2000,0,0,0.0,-0.0,-0.0,-0.0,0.0
205,65,408000000,65.408,12.57548667980589,14.649170318961469,7.9284646511695955,-0.1024209320004289,-0.3104566965068269,0.1769014988613758,0.9283493157119416,2000,2000,45,0.0225,0.9258552689611772,-0.3755752863942276,0.0416560342173863,0.47
206,65,440000000,65.44,12.57548667980589,14.649170318961469,7.9284646511695955,-0.1024209320004289,-0.3104566965068269,0.1769014988613758,0.9283493157119416,2000,0,0,0.0,-0.0,-0.0,-0.0,0.0
207,65,508000000,65.508,13.523996661479469,14.333513119331357,7.954720069415399,-0.1049225908679706,-0.3086894392378315,0.1854537944594083,0.9269891963497704,2000,1885,1628,0.8637,0.9485099816735796,-0.315657199630111,0.0262554182458034,1.05
208,65,572000000,65.572,14.478334357241527,14.062063466125448,8.079438344828244,-0.107951480649223,-0.3082210724097397,0.1942785954223141,0.9249876084083306,1628,1539,1511,0.9818,0.9543376957620592,-0.2714496532059102,0.1247182754128442,1.09
209,65,640000000,65.64,15.399885453717673,13.673824933452916,8.075641196964902,-0.1105435896100757,-0.3061702746702174,0.2021781643720885,0.9236687001060584,1511,1506,1499,0.9954,0.9215510964761444,-0.3882385326725308,-0.0037971478633412,0.99
210,65,672000000,65.672,15.399885453717673,13.673824933452916,8.075641196964902,-0.1105435896100757,-0.3061702746702174,0.2021781643720885,0.9236687001060584,1499,1495,0,0.0,-0.0,-0.0,-0.0,0.0
211,65,740000000,65.74,16.314374557115283,13.302272309232118,8.235823365765523,-0.1132271662554935,-0.3063247765168545,0.2103672087497363,0.9214610016688144,1495,1483,1476,0.9953,0.9144891033976118,-0.3715526242207982,0.1601821688006206,1.02
212,65,772000000,65.772,17.172022563889087,12.788171236680096,8.22399189595906,-0.1140106545039413,-0.3053845874414936,0.2131850941702203,0.9210287400708004,1476,1474,14,0.0095,0.8576480067738045,-0.5141010725520215,-0.0118314698064633,0.36
213,65,836000000,65.836,17.172022563889087,12.788171236680096,8.22399189595906,-0.1140106545039413,-0.3053845874414936,0.2131850941702203,0.9210287400708004,2000,0,0,0.0,-0.0,-0.0,-0.0,0.0
214,65,936000000,65.936,18.025962022883743,12.26942570488841,8.18287652635016,-0.1170318413159109,-0.3016541928864248,0.2219002248640174,0.9198198661898674,2000,1952,1918,0.9826,0.8539394589946558,-0.518745531791685,-0.0411153696088993,1.15
215,66,4000000,66.004,18.953896089115926,11.902492470365667,8.248438482761532,-0.1204052999970423,-0.3004348828072641,0.230634361233686,0.9176324080717384,1918,1902,1901,0.9995,0.9279340662321812,-0.3669332345227443,0.0655619564113727,1.11
216,66,68000000,66.068,19.666859423785358,11.228796036255227,8.44290287046253,-0.121782842476941,-0.3026881346660953,0.2322655460709237,0.916297740103604,1901,1871,1869,0.9989,0.7129633346694307,-0.673696434110439,0.1944643877009988,0.39
217,66,136000000,66.136,20.58586018261642,10.866324615242322,8.597990182054474,-0.1252889907999397,-0.3028125990921762,0.2414731613033603,0.913399097320298,1869,1849,1845,0.9978,0.919000758831062,-0.3624714210129062,0.1550873115919439,1.18
218,66,200000000,66.2,21.412281011624565,10.304410566972525,8.562196107984384,-0.1265585934845906,-0.3004284591260655,0.2466039810895824,0.9126402028582288,1845,1821,1819,0.9989,0.8264208290081472,-0.561914048269797,-0.0357940740700896,0.67
219,66,232000000,66.232,22.368114236748955,10.010505490246572,8.56382448847314,-0.1284257630943308,-0.2991200476263984,0.2518132232692093,0.9113858244829088,1819,1811,293,0.1618,0.9558332251243916,-0.2939050767259528,0.0016283804887557,0.67
220,66,300000000,66.3,23.31930498626958,9.70284434168898,8.53972520021358,-0.1317003739839537,-0.2957102136317472,0.262607480873869,0.908981733609336,293,286,285,0.9965,0.9511907495206234,-0.3076611485575926,-0.0240992882595603,1.38
221,66,332000000,66.332,24.18800548730959,9.250241812749284,8.338453269010483,-0.1324553998469329,-0.2926991314056173,0.2664757623676685,0.908720778675362,285,282,160,0.5674,0.8687005010400112,-0.4526025289396968,-0.2012719312030977,0.57
222,66,364000000,66.364,25.153010839939792,9.394592111603536,8.119529399558694,-0.1389441164914703,-0.2876347891841026,0.2757098696465901,0.9066117296411302,160,157,157,1.0,0.9650053526302038,0.1443502988542533,-0.2189238694517885,1.44
223,66,400000000,66.4,26.07040954145444,9.125284623146237,7.826522404556754,-0.1412162393185453,-0.2826911064011287,0.2818185852834811,0.90593708230939,157,157,156,0.9936,0.9173987015146444,-0.2693074884572985,-0.2930069950019395,0.94
224,66,432000000,66.432,27.016912965047354,8.825265128616621,7.707696599156218,-0.1428910421251907,-0.2800969339934621,0.2873678989240172,0.9047361760844068,156,156,151,0.9679,0.9465034235929144,-0.3000194945296154,-0.1188258054005362,0.74
225,66,464000000,66.464,27.465657694396032,7.945140116201608,7.8626421715461845,-0.1422103905049461,-0.2824571682133101,0.2830964739428752,0.9054559842413432,151,151,151,1.0,0.4487447293486785,-0.8801250124150133,0.1549455723899658,0.57
226,66,496000000,66.496,28.262765013652587,7.341703019169102,7.840651457310086,-0.1425834306255449,-0.2813156395866121,0.2853506076532519,0.9050450303421071,151,151,151,1.0,0.7971073192565528,-0.6034370970325064,-0.021990714236098,0.3
227,66,532000000,66.532,28.815657042895907,6.524652043810045,8.0041693696745,-0.1422117391571299,-0.2836796694627239,0.2826673761837949,0.9052076119989232,151,151,151,1.0,0.5528920292433217,-0.8170509753590567,0.1635179123644132,0.41
228,66,564000000,66.564,29.396687381793527,5.7276899622660515,8.169260816641273,-0.1414531200349475,-0.2857357960230623,0.2809770011650004,0.9052060508634314,151,151,151,1.0,0.58103033889762,-0.7969620815439931,0.1650914469667726,0.32
229,66,596000000,66.596,30.108925648847446,5.027285703857592,8.215634578051395,-0.1418496859649128,-0.2857838709304289,0.2813058938112546,0.9050266514389104,151,151,151,1.0,0.7122382670539208,-0.7004042584084601,0.046373761410121,0.06
230,66,628000000,66.628,30.590018197424367,4.168885200893666,8.393675405433886,-0.1404312733305807,-0.2888976261743957,0.2770177223136521,0.9055818022606832,151,151,151,1.0,0.4810925485769213,-0.8584005029639259,0.1780408273824903,0.63
231,66,664000000,66.664,31.29339265233827,3.4654732022593238,8.496027427161884,-0.1404073573493296,-0.2898453594623066,0.2773834999662632,0.9051706112920426,151,151,151,1.0,0.703374454913904,-0.7034119986343419,0.1023520217279987,0.13
232,66,696000000,66.696,32.12693789582272,3.060388376184521,8.120383166260167,-0.1419199429289187,-0.2839484615616107,0.2820760427175711,0.9053535812601848,151,151,148,0.9801,0.8335452434844491,-0.4050848260748029,-0.3756442609017169,0.88
233,66,728000000,66.728,33.02361918655668,2.6853179853002804,8.355510503525807,-0.1439017420784433,-0.2854213860726557,0.2878008214297795,0.902772179557776,148,148,148,1.0,0.8966812907339557,-0.3750703908842407,0.2351273372656405,0.77
234,66,760000000,66.76,33.97947224383324,2.4453198512641934,8.185964555316344,-0.1463625366404576,-0.2820198247877852,0.295056285073539,0.9011018893185389,148,148,136,0.9189,0.9558530572765618,-0.2399981340360872,-0.1695459482094628,0.98
235,66,796000000,66.796,34.901148561276045,2.3542947519538515,7.808834342842436,-0.1504468199256016,-0.2747831525698262,0.3048926643458261,0.899388924029068,136,136,136,1.0,0.9216763174428032,-0.091025099310342,-0.377130212473908,1.49
236,66,828000000,66.828,35.890729883243104,2.2369239118995403,7.892218352813581,-0.1529369296832012,-0.2742360450127765,0.3143132007479645,0.8958862087287623,136,136,98,0.7206,0.9895813219670616,-0.117370840054311,0.0833840099711445,1.19
237,66,860000000,66.86,35.890729883243104,2.2369239118995403,7.892218352813581,-0.1529369296832012,-0.2742360450127765,0.3143132007479645,0.8958862087287623,2000,0,0,0.0,-0.0,-0.0,-0.0,0.0
238,66,892000000,66.892,36.703496048704245,1.6578222572697834,7.955877082667968,-0.153837298042222,-0.27470574294832,0.3166819428342484,0.8947532551519475,2000,1991,1981,0.995,0.812766165461139,-0.5791016546297569,0.0636587298543865,0.32
239,66,928000000,66.928,37.674918996485395,1.4584702360448363,7.827050733819169,-0.1568740827938963,-0.2716188281849134,0.3258741370292645,0.8918630955132409,1981,1952,711,0.3642,0.9714229477811483,-0.199352021224947,-0.128826348848799,1.21
240,66,960000000,66.96,38.45819530971039,0.8368146638345089,7.831801173852752,-0.15744573250342,-0.2709308764771816,0.3275438218052963,0.891359829858261,711,699,670,0.9585,0.7832763132249931,-0.6216555722103274,0.0047504400335834,0.22
241,66,992000000,66.992,39.41359656540502,0.5594854500692621,7.730327296379422,-0.1595780782173087,-0.2673293701293971,0.3355715370928847,0.8890790675253856,670,655,446,0.6809,0.9554012556946307,-0.2773292137652468,-0.10147387747333,1.07
242,67,60000000,67.06,40.3765256952994,0.2903083483839705,7.712687037618203,-0.1653705038980558,-0.2625875427317938,0.3536109931798207,0.8824169333965447,446,441,75,0.1701,0.9629291298943776,-0.2691771016852916,-0.0176402587612196,2.36
243,68,444000000,68.444,40.3765256952994,0.2903083483839705,7.712687037618203,-0.1653705038980558,-0.2625875427317938,0.3536109931798207,0.8824169333965447,2000,0,0,0.0,-0.0,-0.0,-0.0,0.0
244,68,544000000,68.544,39.79357877168092,1.0939747170781349,7.59313264801377,-0.1830565813831882,-0.2410126198428555,0.4143563164014743,0.8583193159582189,2000,1940,511,0.2634,-0.5829469236184776,0.8036663686941644,-0.1195543896044321,8.14
245,69,928000000,69.928,40.443728825438605,1.6608522005051887,7.087212865457,-0.077086452123322,-0.0122698770253503,0.3180547465433002,0.944853590361014,511,197,12,0.0609,0.6501500537576852,0.5668774834270539,-0.5059197825567701,32.58
246,70,788000000,70.788,40.443728825438605,1.6608522005051887,7.087212865457,-0.077086452123322,-0.0122698770253503,0.3180547465433002,0.944853590361014,958,0,0,0.0,-0.0,-0.0,-0.0,0.0
247,70,852000000,70.852,39.96210228293784,2.5358004893440054,7.037199213152995,-0.0769779042333771,-0.011183022879782,0.3258196906169081,0.9422265499684296,958,785,37,0.0471,-0.4816265425007645,0.8749482888388166,-0.0500136523040051,0.95
248,70,920000000,70.92,39.96210228293784,2.5358004893440054,7.037199213152995,-0.0769779042333771,-0.011183022879782,0.3258196906169081,0.9422265499684296,781,0,0,0.0,-0.0,-0.0,-0.0,0.0
249,71,20000000,71.02,39.44234597893855,3.3900836754345645,7.029876480332754,-0.0768086161760028,-0.0094275676981725,0.3380232073143528,0.9379508882480692,781,672,24,0.0357,-0.5197563039992944,0.854283186090559,-0.0073227328202415,1.5
250,71,52000000,71.052,39.44234597893855,3.3900836754345645,7.029876480332754,-0.0768086161760028,-0.0094275676981725,0.3380232073143528,0.9379508882480692,2000,0,0,0.0,-0.0,-0.0,-0.0,0.0
251,71,152000000,71.152,39.71824905080666,2.4301230652058896,7.078385466542836,-0.0763934881603023,-0.0078200517012265,0.3498903202878677,0.933637855662968,2000,1743,25,0.0143,0.2759030718681121,-0.9599606102286748,0.0485089862100822,1.46
252,71,248000000,71.248,39.71824905080666,2.4301230652058896,7.078385466542836,-0.0763934881603023,-0.0078200517012265,0.3498903202878677,0.933637855662968,2000,0,0,0.0,-0.0,-0.0,-0.0,0.0
253,71,348000000,71.348,39.83043900543902,1.4365263787469,7.091766002305881,-0.0760835415033487,-0.0063610951898494,0.3574031517274697,0.9308242682244404,2000,1717,794,0.4624,0.1121899546323583,-0.9935966864589896,0.0133805357630442,0.94
254,71,448000000,71.448,39.50436046012469,2.38108977837501,7.053389363986771,-0.0753098551501445,-0.0043377340882311,0.3703269080493894,0.9258334574613424,794,738,18,0.0244,-0.3260785453143333,0.94456339962811,-0.0383766383191102,1.61
255,71,480000000,71.48,39.50436046012469,2.38108977837501,7.053389363986771,-0.0753098551501445,-0.0043377340882311,0.3703269080493894,0.9258334574613424,725,0,0,0.0,-0.0,-0.0,-0.0,0.0
256,71,580000000,71.58,39.10406369681032,3.297330083464866,7.037073586074259,-0.0745551145480598,-0.0023674179278084,0.3839879196798071,0.9203201659026355,725,600,34,0.0567,-0.4002967633143666,0.9162403050898555,-0.0163157779125118,1.71
257,71,644000000,71.644,39.10406369681032,3.297330083464866,7.037073586074259,-0.0745551145480598,-0.0023674179278084,0.3839879196798071,0.9203201659026355,2000,0,0,0.0,-0.0,-0.0,-0.0,0.0
258,71,744000000,71.744,38.77743028510372,4.241891272253108,7.003685339761401,-0.0738093104204978,-0.0004629962426156,0.396754244076718,0.9149524802615936,2000,1682,40,0.0238,-0.3266334117066015,0.9445611887882426,-0.0333882463128574,1.6
259,71,812000000,71.812,38.77743028510372,4.241891272253108,7.003685339761401,-0.0738093104204978,-0.0004629962426156,0.396754244076718,0.9149524802615936,1886,0,0,0.0,-0.0,-0.0,-0.0,0.0
260,71,876000000,71.876,38.3345717966221,5.138478414486887,7.000882562417301,-0.0733972039721079,0.0010001539328924,0.4056702561517184,0.9110672277142814,1886,1608,73,0.0454,-0.4428584884816204,0.8965871422337783,-0.0028027773440999,1.13
261,71,976000000,71.976,38.3345717966221,5.138478414486887,7.000882562417301,-0.0733972039721079,0.0010001539328924,0.4056702561517184,0.9110672277142814,745,0,0,0.0,-0.0,-0.0,-0.0,0.0
262,72,76000000,72.076,38.53504809916055,4.158787801462978,6.996938595714687,-0.0731971472049433,0.0027017001508625,0.4157803630120261,0.9065106553102068,745,681,27,0.0396,0.2004763025384476,-0.9796906130239084,-0.0039439667026147,1.29
263,72,108000000,72.108,38.53504809916055,4.158787801462978,6.996938595714687,-0.0731971472049433,0.0027017001508625,0.4157803630120261,0.9065106553102068,797,0,0,0.0,-0.0,-0.0,-0.0,0.0
264,72,208000000,72.208,38.79786211663896,3.194273104735503,7.022240611712658,-0.0732207854101347,0.0036777857518832,0.4241945139690095,0.9025985845294032,797,602,158,0.2625,0.2628140174784155,-0.9645146967274753,0.0253020159979716,1.07
265,72,272000000,72.272,38.71148005535113,2.1980601174116123,7.0321311817101675,-0.0739352115257157,0.0042961648570236,0.4273012623043972,0.9010708954889386,158,145,65,0.4483,-0.0863820612878279,-0.9962129873238906,0.009890569997509,0.41
266,72,304000000,72.304,38.71148005535113,2.1980601174116123,7.0321311817101675,-0.0739352115257157,0.0042961648570236,0.4273012623043972,0.9010708954889386,808,0,0,0.0,-0.0,-0.0,-0.0,0.0
267,72,372000000,72.372,38.97121835774406,1.2325369221914828,7.049479777098614,-0.0738450792500525,0.0049660247280691,0.4320402882761653,0.8988122341040989,808,669,120,0.1794,0.259738302392927,-0.9655231952201296,0.0173485953884461,0.61
268,72,404000000,72.404,37.997657520709275,1.4573136254811672,7.090158152807962,-0.0736969026616446,0.0055947873270944,0.4374284653284922,0.8962108025532859,120,119,8,0.0672,-0.9735608370347846,0.2247767032896843,0.0406783757093475,0.69
269,72,436000000,72.436,37.997657520709275,1.4573136254811672,7.090158152807962,-0.0736969026616446,0.0055947873270944,0.4374284653284922,0.8962108025532859,760,0,0,0.0,-0.0,-0.0,-0.0,0.0
270,72,536000000,72.536,38.22593910134705,0.48444521375532734,7.127768967842487,-0.0734217099843227,0.0071529468984103,0.4490769949005636,0.8904425531749511,760,567,21,0.037,0.2282815806377736,-0.9728684117258398,0.0376108150345254,1.5
271,72,604000000,72.604,38.22593910134705,0.48444521375532734,7.127768967842487,-0.0734217099843227,0.0071529468984103,0.4490769949005636,0.8904425531749511,1970,0,0,0.0,-0.0,-0.0,-0.0,0.0
272,72,700000000,72.7,38.588117151183056,-0.44604319245147905,7.072829126818795,-0.0733109643294168,0.0086949665294271,0.4582831561193358,0.8857349766625701,1970,1640,285,0.1738,0.3621780498360015,-0.9304884062068064,-0.0549398410236915,1.2
273,72,800000000,72.8,39.06548731596919,-1.3231451856761123,7.019821398576267,-0.0727450045627273,0.0103253878711278,0.4702884381534437,0.8794488817524724,285,274,57,0.208,0.4773701647861351,-0.8771019932246332,-0.0530077282425273,1.57
274,72,832000000,72.832,39.06548731596919,-1.3231451856761123,7.019821398576267,-0.0727450045627273,0.0103253878711278,0.4702884381534437,0.8794488817524724,796,0,0,0.0,-0.0,-0.0,-0.0,0.0
275,72,932000000,72.932,39.08690593875637,-2.322495609531179,7.048803685211378,-0.0725240607069592,0.011652061666329,0.4805130108906171,0.873906022660521,796,580,37,0.0638,0.0214186227871708,-0.9993504238550664,0.0289822866351102,1.34
276,72,964000000,72.964,39.08690593875637,-2.322495609531179,7.048803685211378,-0.0725240607069592,0.011652061666329,0.4805130108906171,0.873906022660521,1887,0,0,0.0,-0.0,-0.0,-0.0,0.0
277,73,64000000,73.064,39.274936812758035,-3.3044487961638973,7.069109587900433,-0.0720316357261179,0.0131988490430273,0.492244291029709,0.8673711960788288,1887,1612,55,0.0341,0.1880308740016718,-0.9819531866327184,0.0203059026890557,1.55
278,73,132000000,73.132,39.274936812758035,-3.3044487961638973,7.069109587900433,-0.0720316357261179,0.0131988490430273,0.492244291029709,0.8673711960788288,2000,0,0,0.0,-0.0,-0.0,-0.0,0.0
279,73,228000000,73.228,38.94222370884948,-2.361427155581043,7.065620192543016,-0.0713828274475952,0.0147652144512396,0.5046073100365298,0.8602662047561168,2000,1761,33,0.0187,-0.3327131039085499,0.9430216405828544,-0.0034893953574171,1.65
280,73,328000000,73.328,38.94222370884948,-2.361427155581043,7.065620192543016,-0.0713828274475952,0.0147652144512396,0.5046073100365298,0.8602662047561168,1696,0,0,0.0,-0.0,-0.0,-0.0,0.0
281,73,360000000,73.36,38.4104135784447,-1.5147496286458377,7.0833726735450515,-0.071138621608898,0.0152450679597966,0.5088439400714162,0.857778951170454,1696,1601,36,0.0225,-0.5318101304047871,0.8466775269352055,0.0177524810020355,0.57
282,73,460000000,73.46,38.4104135784447,-1.5147496286458377,7.0833726735450515,-0.071138621608898,0.0152450679597966,0.5088439400714162,0.857778951170454,835,0,0,0.0,-0.0,-0.0,-0.0,0.0
283,73,528000000,73.528,38.70243923584922,-0.5623146847339153,6.996259568716037,-0.0706737289813115,0.016785600563634,0.5188385118510462,0.8517805270524714,835,717,50,0.0697,0.2920256574045204,0.9524349439119224,-0.0871131048290144,1.35
284,73,592000000,73.592,38.70243923584922,-0.5623146847339153,6.996259568716037,-0.0706737289813115,0.016785600563634,0.5188385118510462,0.8517805270524714,805,0,0,0.0,-0.0,-0.0,-0.0,0.0
285,73,692000000,73.692,38.88407629548576,-1.5421624460835615,6.913155157613628,-0.0709379549103434,0.0186866451684871,0.5246939615398273,0.8481243202320797,805,614,398,0.6482,0.1816370596365422,-0.979847761349646,-0.0831044111024093,0.82
286,73,756000000,73.756,39.42024133054966,-2.381615587023661,6.824580447110392,-0.0703744309473497,0.019971841425416,0.5316842758540186,0.8437774563405346,398,395,34,0.0861,0.5361650350638971,-0.8394531409400992,-0.0885747105032355,0.96
287,73,792000000,73.792,39.42024133054966,-2.381615587023661,6.824580447110392,-0.0703744309473497,0.019971841425416,0.5316842758540186,0.8437774563405346,865,0,0,0.0,-0.0,-0.0,-0.0,0.0
288,73,856000000,73.856,39.745115961822066,-3.3272013637799756,6.806580092898002,-0.0703035199165545,0.0208922574327906,0.5371990988573105,0.8402607076697076,865,675,88,0.1304,0.3248746312724108,-0.9455857767563148,-0.018000354212391,0.76
289,73,888000000,73.888,39.745115961822066,-3.3272013637799756,6.806580092898002,-0.0703035199165545,0.0208922574327906,0.5371990988573105,0.8402607076697076,1841,0,0,0.0,-0.0,-0.0,-0.0,0.0
290,73,988000000,73.988,40.17841501198907,-4.225077937059932,6.72867250482459,-0.0703760314100545,0.0222050905481097,0.5470016652221196,0.8338724880945225,1841,1726,337,0.1952,0.4332990501670027,-0.8978765732799563,-0.0779075880734117,1.35
291,74,88000000,74.088,40.357070894468585,-5.207130372250268,6.789129846745927,-0.0710249418683046,0.0217673890701198,0.5536587357847511,0.8294236810550475,337,319,307,0.9624,0.1786558824795213,-0.9820524351903364,0.0604573419213366,0.92
292,74,120000000,74.12,40.54692639846776,-6.188127797306819,6.829116589969601,-0.0711344661249405,0.0216487683583805,0.5556569582313412,0.8280800464488794,307,302,10,0.0331,0.1898555039991745,-0.980997425056551,0.0399867432236744,0.28
293,74,152000000,74.152,40.54692639846776,-6.188127797306819,6.829116589969601,-0.0711344661249405,0.0216487683583805,0.5556569582313412,0.8280800464488794,901,0,0,0.0,-0.0,-0.0,-0.0,0.0
294,74,188000000,74.188,40.33570528207941,-5.21070303970049,6.823970405959445,-0.0708579687447625,0.0223007989023072,0.5593080369179743,0.8256248194383735,901,812,12,0.0148,-0.2112211163883502,0.9774247576063296,-0.0051461840101561,0.51
295,74,252000000,74.252,40.33570528207941,-5.21070303970049,6.823970405959445,-0.0708579687447625,0.0223007989023072,0.5593080369179743,0.8256248194383735,925,0,0,0.0,-0.0,-0.0,-0.0,0.0
296,74,320000000,74.32,40.54514841661891,-6.188442154561472,6.836611476528516,-0.0702062957573788,0.0235074113555899,0.5668378841971997,0.8204957590909466,925,873,12,0.0137,0.2094431345394981,-0.9777391148609826,0.0126410705690708,1.06
297,74,384000000,74.384,40.54514841661891,-6.188442154561472,6.836611476528516,-0.0702062957573788,0.0235074113555899,0.5668378841971997,0.8204957590909466,927,0,0,0.0,-0.0,-0.0,-0.0,0.0
298,74,484000000,74.484,40.943036834523724,-7.105606258168902,6.814367062596411,-0.0694390778053868,0.0249727913438919,0.5768970459589607,0.8134767191074718,927,766,134,0.1749,0.3978884179048159,-0.9171641036074296,-0.0222444139321054,1.42
299,74,548000000,74.548,41.52196007091735,-7.918682603360766,6.753091102767411,-0.0686475261583975,0.0252470529802145,0.582974114829592,0.8091917479230741,134,134,52,0.3881,0.5789232363936306,-0.8130763451918641,-0.0612759598289993,0.86
300,74,584000000,74.584,41.52196007091735,-7.918682603360766,6.753091102767411,-0.0686475261583975,0.0252470529802145,0.582974114829592,0.8091917479230741,955,0,0,0.0,-0.0,-0.0,-0.0,0.0
301,74,648000000,74.648,41.59696961676923,-8.91459432957981,6.803424010596183,-0.0676091652431515,0.02536690234946,0.5893300387179891,0.8046587018761251,955,802,9,0.0112,0.075009545851874,-0.995911726219044,0.0503329078287719,0.9
302,74,748000000,74.748,41.59696961676923,-8.91459432957981,6.803424010596183,-0.0676091652431515,0.02536690234946,0.5893300387179891,0.8046587018761251,676,0,0,0.0,-0.0,-0.0,-0.0,0.0
303,74,848000000,74.848,42.03560580172717,-9.800342976103137,6.65160954347385,-0.0515545197777147,0.031214373317835,0.595861339233252,0.8008227386856716,676,571,18,0.0315,0.4386361849579406,-0.8857486465233267,-0.1518144671223336,2.14
304,74,912000000,74.912,42.03560580172717,-9.800342976103137,6.65160954347385,-0.0515545197777147,0.031214373317835,0.595861339233252,0.8008227386856716,863,0,0,0.0,-0.0,-0.0,-0.0,0.0
305,74,980000000,74.98,42.92914253587721,-9.351620479801891,6.636110316471677,-0.0390987041033084,0.0422300766801177,0.5976776925350658,0.799668236087312,863,779,65,0.0834,0.8935367341500366,0.448722496301246,-0.0154992270021731,1.92
306,75,44000000,75.044,42.92914253587721,-9.351620479801891,6.636110316471677,-0.0390987041033084,0.0422300766801177,0.5976776925350658,0.799668236087312,1180,0,0,0.0,-0.0,-0.0,-0.0,0.0
307,75,144000000,75.144,41.95076193884968,-9.174737306596116,6.743272578470493,-0.0247906512090801,0.0598884250580022,0.5932811568231495,0.802381623116636,1180,1085,116,0.1069,-0.9783805970275332,0.1768831732057758,0.107162261998816,2.67
308,75,208000000,75.208,42.25134024771472,-8.272410851531472,7.052238027558739,-0.0118738901721188,0.061065867428999,0.609224578687096,0.7905538459149097,116,116,113,0.9741,0.300578308865044,0.9023264550646448,0.3089654490882464,2.72
309,75,244000000,75.244,42.25134024771472,-8.272410851531472,7.052238027558739,-0.0118738901721188,0.061065867428999,0.609224578687096,0.7905538459149097,113,111,7,0.0631,-0.0,-0.0,-0.0,0.0
310,75,276000000,75.276,42.25134024771472,-8.272410851531472,7.052238027558739,-0.0118738901721188,0.061065867428999,0.609224578687096,0.7905538459149097,111,108,4,0.037,-0.0,-0.0,-0.0,0.0
311,75,308000000,75.308,42.16986988947306,-7.303148512289168,7.284386898877363,-0.0094494955869275,0.0594413032643053,0.6147403746196306,0.7864297236955823,108,108,82,0.7593,-0.081470358241661,0.9692623392423044,0.2321488713186243,0.86
312,75,340000000,75.34,42.16986988947306,-7.303148512289168,7.284386898877363,-0.0094494955869275,0.0594413032643053,0.6147403746196306,0.7864297236955823,1540,0,0,0.0,-0.0,-0.0,-0.0,0.0
313,75,376000000,75.376,41.644981120462646,-6.4681718690669685,7.449631521906743,-0.0098006897989163,0.0570740946551201,0.613439386857041,0.7876157774265454,1540,1494,57,0.0382,-0.5248887690104135,0.8349766432221989,0.1652446230293794,0.34
314,75,440000000,75.44,41.644981120462646,-6.4681718690669685,7.449631521906743,-0.0098006897989163,0.0570740946551201,0.613439386857041,0.7876157774265454,2000,0,0,0.0,-0.0,-0.0,-0.0,0.0
315,75,508000000,75.508,41.29669855207959,-7.39585382041613,7.315075029304137,-0.016521646362829,0.0483530006239374,0.6029636626855808,0.7961305445797896,2000,1962,1421,0.7243,-0.3482825683830523,-0.9276819513491622,-0.1345564926026061,2.0
316,75,604000000,75.604,40.696518073254666,-8.194687495902098,7.274477594076482,-0.0263419141744439,0.0320000651096067,0.5952695524689544,0.8024563908986069,1421,1382,551,0.3987,-0.600180478824926,-0.7988336754859668,-0.0405974352276544,2.47
317,75,672000000,75.672,40.402772683374664,-9.150175724983374,7.2469841401033515,-0.0362639288701884,0.0207346731937918,0.5868944199410185,0.8085851474226693,551,540,491,0.9093,-0.293745389880002,-0.955488229081276,-0.0274934539731311,2.09
318,75,704000000,75.704,40.016080757753826,-10.071241323696968,7.201076433495254,-0.0420497382633783,0.0159570822944435,0.5817628942093541,0.8121139858158986,491,487,334,0.6858,-0.3866919256208398,-0.9210655987135944,-0.0459077066080972,1.12
319,75,736000000,75.736,39.017216751882096,-10.025052894581327,7.2127950848558555,-0.0472713196149527,0.0112748472804139,0.5848340325857722,0.8096959024782874,334,329,90,0.2736,-0.9988640058717292,0.0461884291156422,0.0117186513606012,0.92
320,75,772000000,75.772,39.017216751882096,-10.025052894581327,7.2127950848558555,-0.0472713196149527,0.0112748472804139,0.5848340325857722,0.8096959024782874,801,0,0,0.0,-0.0,-0.0,-0.0,0.0
321,75,868000000,75.868,38.71152310258717,-9.073941584131552,7.256825391637244,-0.0591156466514228,0.0018467516596595,0.5940603720667759,0.8022432325480692,801,607,521,0.8583,-0.3056936492949235,0.9511113104497756,0.0440303067813884,2.2
322,75,936000000,75.936,37.71203218116173,-9.10278668900285,7.270458363179944,-0.0650698227746128,-0.0030405887178725,0.5874157493645058,0.806659414116556,521,517,289,0.559,-0.9994909214254424,-0.0288451048712987,0.0136329715427005,1.27
323,75,968000000,75.968,38.05737199251132,-8.166212047696627,7.330194080796392,-0.0667623640901877,-0.0045528583056429,0.606459800027618,0.792293234334864,289,285,285,1.0,0.3453398113495894,0.9365746413062218,0.0597357176164481,2.75
324,76,0,76.0,37.07997808079554,-8.377389577068698,7.340450416849557,-0.0684620512572296,-0.0062274731830537,0.6027022116971262,0.7949995032267625,285,278,56,0.2014,-0.9773939117157794,-0.2111775293720706,0.0102563360531645,0.6
325,76,36000000,76.036,37.07997808079554,-8.377389577068698,7.340450416849557,-0.0684620512572296,-0.0062274731830537,0.6027022116971262,0.7949995032267625,2000,0,0,0.0,-0.0,-0.0,-0.0,0.0
326,76,100000000,76.1,36.87366724209774,-9.355327574517865,7.373208789533786,-0.0705967191147072,-0.0096764606572431,0.5922162405316682,0.802622198677513,2000,1577,1296,0.8218,-0.2063108386978058,-0.977937997449168,0.0327583726842291,1.56
327,76,232000000,76.232,36.21133520135191,-10.10316194006096,7.418596337542267,-0.0722787410629619,-0.0123017324612431,0.5873384618184193,0.8060136365084517,1296,1220,577,0.473,-0.6623320407458293,-0.7478343655430946,0.0453875480084808,0.77
328,76,332000000,76.332,35.704641411134645,-10.96523049603869,7.428556646259394,-0.0728565924332976,-0.0140453332805652,0.5763069334742799,0.813858073610822,577,574,496,0.8641,-0.5066937902172607,-0.8620685559777286,0.009960308717127,1.57
329,76,396000000,76.396,35.39209438343001,-11.91442565405147,7.465202348300603,-0.0721618309902028,-0.0148791752052576,0.5695216560004697,0.8186674316472076,496,493,444,0.9006,-0.3125470277046299,-0.949195158012781,0.036645702041209,0.96
330,76,432000000,76.432,36.357256404318974,-12.16755978548588,7.398980109313325,-0.0714863987508283,-0.0148441012704259,0.5706033877917327,0.8179737901007026,444,442,15,0.0339,0.9651620208889592,-0.2531341314344086,-0.066222238987278,0.17
331,76,464000000,76.464,36.357256404318974,-12.16755978548588,7.398980109313325,-0.0714863987508283,-0.0148441012704259,0.5706033877917327,0.8179737901007026,527,0,0,0.0,-0.0,-0.0,-0.0,0.0
332,76,564000000,76.564,35.90856151057543,-11.27522688054141,7.448121528521941,-0.0698932540230039,-0.0148572149381175,0.5772223242024866,0.8134547219413245,527,380,104,0.2737,-0.4486948937435419,0.892332904944469,0.0491414192086156,0.94
333,76,828000000,76.828,34.98038024299952,-11.64639943262083,7.474776192354563,-0.0663818167528309,-0.0213864067911727,0.5082420374954933,0.8583857567152344,104,85,57,0.6706,-0.9281812675759084,-0.3711725520794202,0.0266546638326217,9.47
334,76,960000000,76.96,34.98038024299952,-11.64639943262083,7.474776192354563,-0.0663818167528309,-0.0213864067911727,0.5082420374954933,0.8583857567152344,2000,0,0,0.0,-0.0,-0.0,-0.0,0.0
335,77,56000000,77.056,34.39198968638935,-12.454901482019539,7.48577569280075,-0.0656210139163341,-0.0229565761156799,0.500587269663155,0.8628900646066248,2000,1119,506,0.4522,-0.5883905566101685,-0.8085020493987077,0.0109995004461878,1.04
336,77,288000000,77.288,34.007241269162826,-11.531884139414807,7.488539873073747,-0.057993856794171,-0.0151720591361656,0.5728666798025412,0.8174535389658049,506,378,193,0.5106,-0.384748417226525,0.9230173426047326,0.0027641802729966,9.87
337,77,584000000,77.584,34.31453736310812,-12.483467944609085,7.480965420094101,-0.050596963957573,-0.0168367270707207,0.5754112502455473,0.8161239887116898,193,155,47,0.3032,0.3072960939452964,-0.9515838051942788,-0.0075744529796459,0.93
338,77,716000000,77.716,34.31453736310812,-12.483467944609085,7.480965420094101,-0.050596963957573,-0.0168367270707207,0.5754112502455473,0.8161239887116898,2000,0,0,0.0,-0.0,-0.0,-0.0,0.0
339,77,816000000,77.816,33.67043588930443,-11.71883512835609,7.502643698460226,-0.0495471821942863,-0.0172875339258442,0.60147708374349,0.7971646853936742,2000,573,316,0.5515,-0.6441014738036963,0.7646328162529955,0.0216782783661249,3.7
340,78,80000000,78.08,33.61273292673829,-10.72050606449298,7.505717516492492,-0.0516341040144998,-0.0176798614192306,0.6850269888654112,0.7264704855180314,316,255,136,0.5333,-0.0577029625661373,0.9983290638631108,0.0030738180322667,12.55
341,78,412000000,78.412,34.094789796381924,-11.596410444448072,7.485402704042926,-0.0504733899422378,-0.0171261243015005,0.6789717264928223,0.7322271009717576,136,112,89,0.7946,0.4820568696436385,-0.8759043799550924,-0.020314812449566,0.97
342,78,444000000,78.444,34.094789796381924,-11.596410444448072,7.485402704042926,-0.0504733899422378,-0.0171261243015005,0.6789717264928223,0.7322271009717576,199,0,0,0.0,-0.0,-0.0,-0.0,0.0
343,78,508000000,78.508,34.094789796381924,-11.596410444448072,7.485402704042926,-0.0504733899422378,-0.0171261243015005,0.6789717264928223,0.7322271009717576,199,88,6,0.0682,-0.0,-0.0,-0.0,0.0
344,78,676000000,78.676,34.094789796381924,-11.596410444448072,7.485402704042926,-0.0504733899422378,-0.0171261243015005,0.6789717264928223,0.7322271009717576,2000,0,0,0.0,-0.0,-0.0,-0.0,0.0
345,78,772000000,78.772,34.88277250743891,-12.210482626880527,7.440696979153069,-0.0504876706513926,-0.0171555998824643,0.6787591041986559,0.7324225276248044,2000,487,13,0.0267,0.7879827110569845,-0.6140721824324544,-0.0447057248898567,0.03
346,78,808000000,78.808,34.88277250743891,-12.210482626880527,7.440696979153069,-0.0504876706513926,-0.0171555998824643,0.6787591041986559,0.7324225276248044,2000,0,0,0.0,-0.0,-0.0,-0.0,0.0
347,78,904000000,78.904,34.88277250743891,-12.210482626880527,7.440696979153069,-0.0504876706513926,-0.0171555998824643,0.6787591041986559,0.7324225276248044,2000,496,1,0.002,-0.0,-0.0,-0.0,0.0
348,78,972000000,78.972,35.37821347409326,-11.342111029689924,7.419040161444841,-0.0504475669305485,-0.0170070583697477,0.680110178768221,0.731174362031557,496,478,9,0.0188,0.495440966654347,0.8683715971906031,-0.0216568177082279,0.21
