frame_idx,timestamp_sec,timestamp_nanosec,timestamp_total_sec,pos_x,pos_y,pos_z,rot_x,rot_y,rot_z,rot_w,num_detected,num_matched,num_inliers,inlier_ratio,feature_survival_rate,feature_vel_mean,feature_vel_max,consecutive_low_inliers,failure_triggered,rel_tx,rel_ty,rel_tz,rel_rot_deg
0,7,196000000,7.196000000,0.0,0.0,0.0,0.0,0.0,0.0,1.0,2000,0,0,0.0000,0.0000,0.0000,0.0000,1,False,0.0,0.0,0.0,0.00
1,7,228000000,7.228000000,0.0,0.0,0.0,0.0,0.0,0.0,1.0,2000,2000,0,0.0000,1.0000,0.0004,0.0167,2,False,0.0,0.0,0.0,0.00
2,7,264000000,7.264000000,0.0,0.0,0.0,0.0,0.0,0.0,1.0,2000,2000,0,0.0000,1.0000,0.0036,0.0119,3,False,0.0,0.0,0.0,0.00
3,7,296000000,7.296000000,0.0,0.0,0.0,0.0,0.0,0.0,1.0,2000,2000,0,0.0000,1.0000,0.0023,0.0134,4,False,0.0,0.0,0.0,0.00
4,7,328000000,7.328000000,0.0,0.0,0.0,0.0,0.0,0.0,1.0,2000,2000,0,0.0000,1.0000,0.0003,0.0099,5,False,0.0,0.0,0.0,0.00
5,7,360000000,7.360000000,0.0,0.0,0.0,0.0,0.0,0.0,1.0,2000,2000,0,0.0000,1.0000,0.0024,0.0148,6,False,0.0,0.0,0.0,0.00
6,7,396000000,7.396000000,0.0,0.0,0.0,0.0,0.0,0.0,1.0,2000,2000,0,0.0000,1.0000,0.0026,0.0102,7,False,0.0,0.0,0.0,0.00
7,7,428000000,7.428000000,0.0,0.0,0.0,0.0,0.0,0.0,1.0,2000,2000,0,0.0000,1.0000,0.0023,0.0248,8,False,0.0,0.0,0.0,0.00
8,7,460000000,7.460000000,0.0,0.0,0.0,0.0,0.0,0.0,1.0,2000,2000,0,0.0000,1.0000,0.0019,0.0101,9,False,0.0,0.0,0.0,0.00
9,7,492000000,7.492000000,0.0,0.0,0.0,0.0,0.0,0.0,1.0,2000,2000,0,0.0000,1.0000,0.0026,0.0108,10,True,0.0,0.0,0.0,0.00
10,7,528000000,7.528000000,0.0,0.0,0.0,0.0,0.0,0.0,1.0,2000,2000,0,0.0000,1.0000,0.0023,0.0094,11,True,0.0,0.0,0.0,0.00
11,7,560000000,7.560000000,0.0,0.0,0.0,0.0,0.0,0.0,1.0,2000,2000,0,0.0000,1.0000,0.0019,0.0105,12,True,0.0,0.0,0.0,0.00
12,7,592000000,7.592000000,0.0,0.0,0.0,0.0,0.0,0.0,1.0,2000,2000,0,0.0000,1.0000,0.0026,0.0171,13,True,0.0,0.0,0.0,0.00
13,7,624000000,7.624000000,0.0,0.0,0.0,0.0,0.0,0.0,1.0,2000,2000,0,0.0000,1.0000,0.0027,0.0183,14,True,0.0,0.0,0.0,0.00
14,7,660000000,7.660000000,0.0,0.0,0.0,0.0,0.0,0.0,1.0,2000,2000,0,0.0000,1.0000,0.0020,0.0172,15,True,0.0,0.0,0.0,0.00
15,7,692000000,7.692000000,0.0,0.0,0.0,0.0,0.0,0.0,1.0,2000,2000,0,0.0000,1.0000,0.0026,0.0104,16,True,0.0,0.0,0.0,0.00
16,7,724000000,7.724000000,0.0,0.0,0.0,0.0,0.0,0.0,1.0,2000,2000,0,0.0000,1.0000,0.0024,0.0339,17,True,0.0,0.0,0.0,0.00
17,7,756000000,7.756000000,0.0,0.0,0.0,0.0,0.0,0.0,1.0,2000,2000,0,0.0000,1.0000,0.0004,0.0207,18,True,0.0,0.0,0.0,0.00
18,7,792000000,7.792000000,0.0,0.0,0.0,0.0,0.0,0.0,1.0,2000,2000,0,0.0000,1.0000,0.0036,0.0131,19,True,0.0,0.0,0.0,0.00
19,7,824000000,7.824000000,0.0,0.0,0.0,0.0,0.0,0.0,1.0,2000,2000,0,0.0000,1.0000,0.0023,0.0134,20,True,0.0,0.0,0.0,0.00
20,7,856000000,7.856000000,0.0,0.0,0.0,0.0,0.0,0.0,1.0,2000,2000,0,0.0000,1.0000,0.0003,0.0136,21,True,0.0,0.0,0.0,0.00
21,7,888000000,7.888000000,0.0,0.0,0.0,0.0,0.0,0.0,1.0,2000,2000,0,0.0000,1.0000,0.0018,0.0109,22,True,0.0,0.0,0.0,0.00
22,7,924000000,7.924000000,0.0,0.0,0.0,0.0,0.0,0.0,1.0,2000,2000,0,0.0000,1.0000,0.0030,0.0235,23,True,0.0,0.0,0.0,0.00
23,7,956000000,7.956000000,0.0,0.0,0.0,0.0,0.0,0.0,1.0,2000,2000,0,0.0000,1.0000,0.0022,0.0107,24,True,0.0,0.0,0.0,0.00
24,7,988000000,7.988000000,0.0,0.0,0.0,0.0,0.0,0.0,1.0,2000,2000,0,0.0000,1.0000,0.0018,0.0130,25,True,0.0,0.0,0.0,0.00
25,8,20000000,8.020000000,0.0,0.0,0.0,0.0,0.0,0.0,1.0,2000,2000,0,0.0000,1.0000,0.0026,0.0127,26,True,0.0,0.0,0.0,0.00
26,8,56000000,8.056000000,0.0,0.0,0.0,0.0,0.0,0.0,1.0,2000,2000,0,0.0000,1.0000,0.0021,0.0088,27,True,0.0,0.0,0.0,0.00
27,8,88000000,8.088000000,0.0,0.0,0.0,0.0,0.0,0.0,1.0,2000,2000,0,0.0000,1.0000,0.0016,0.0111,28,True,0.0,0.0,0.0,0.00
28,8,120000000,8.120000000,0.0,0.0,0.0,0.0,0.0,0.0,1.0,2000,2000,0,0.0000,1.0000,0.0026,0.0102,29,True,0.0,0.0,0.0,0.00
29,8,152000000,8.152000000,0.0,0.0,0.0,0.0,0.0,0.0,1.0,2000,2000,0,0.0000,1.0000,0.0023,0.0096,30,True,0.0,0.0,0.0,0.00
30,8,188000000,8.188000000,0.0,0.0,0.0,0.0,0.0,0.0,1.0,2000,2000,0,0.0000,1.0000,0.0003,0.0094,31,True,0.0,0.0,0.0,0.00
31,8,220000000,8.220000000,0.0,0.0,0.0,0.0,0.0,0.0,1.0,2000,2000,0,0.0000,1.0000,0.0040,0.0167,32,True,0.0,0.0,0.0,0.00
32,8,252000000,8.252000000,0.0,0.0,0.0,0.0,0.0,0.0,1.0,2000,2000,0,0.0000,1.0000,0.0022,0.0100,33,True,0.0,0.0,0.0,0.00
33,8,284000000,8.284000000,0.0,0.0,0.0,0.0,0.0,0.0,1.0,2000,2000,0,0.0000,1.0000,0.0003,0.0093,34,True,0.0,0.0,0.0,0.00
34,8,320000000,8.320000000,0.0,0.0,0.0,0.0,0.0,0.0,1.0,2000,2000,0,0.0000,1.0000,0.0018,0.0102,35,True,0.0,0.0,0.0,0.00
35,8,352000000,8.352000000,0.0,0.0,0.0,0.0,0.0,0.0,1.0,2000,2000,0,0.0000,1.0000,0.0040,0.0126,36,True,0.0,0.0,0.0,0.00
36,8,384000000,8.384000000,0.0,0.0,0.0,0.0,0.0,0.0,1.0,2000,2000,0,0.0000,1.0000,0.0003,0.0066,37,True,0.0,0.0,0.0,0.00
37,8,416000000,8.416000000,0.0,0.0,0.0,0.0,0.0,0.0,1.0,2000,2000,0,0.0000,1.0000,0.0017,0.0105,38,True,0.0,0.0,0.0,0.00
38,8,452000000,8.452000000,0.0,0.0,0.0,0.0,0.0,0.0,1.0,2000,2000,0,0.0000,1.0000,0.0025,0.0134,39,True,0.0,0.0,0.0,0.00
39,8,484000000,8.484000000,0.0,0.0,0.0,0.0,0.0,0.0,1.0,2000,2000,0,0.0000,1.0000,0.0023,0.0100,40,True,0.0,0.0,0.0,0.00
40,8,516000000,8.516000000,0.0,0.0,0.0,0.0,0.0,0.0,1.0,2000,2000,0,0.0000,1.0000,0.0022,0.0165,41,True,0.0,0.0,0.0,0.00
41,8,548000000,8.548000000,0.0,0.0,0.0,0.0,0.0,0.0,1.0,2000,2000,0,0.0000,1.0000,0.0026,0.0100,42,True,0.0,0.0,0.0,0.00
42,8,584000000,8.584000000,0.0,0.0,0.0,0.0,0.0,0.0,1.0,2000,2000,0,0.0000,1.0000,0.0022,0.0091,43,True,0.0,0.0,0.0,0.00
43,8,616000000,8.616000000,0.0,0.0,0.0,0.0,0.0,0.0,1.0,2000,2000,0,0.0000,1.0000,0.0016,0.0092,44,True,0.0,0.0,0.0,0.00
44,8,648000000,8.648000000,0.0,0.0,0.0,0.0,0.0,0.0,1.0,2000,2000,0,0.0000,1.0000,0.0025,0.0091,45,True,0.0,0.0,0.0,0.00
45,8,680000000,8.680000000,0.0,0.0,0.0,0.0,0.0,0.0,1.0,2000,2000,0,0.0000,1.0000,0.0022,0.0098,46,True,0.0,0.0,0.0,0.00
46,8,716000000,8.716000000,0.0,0.0,0.0,0.0,0.0,0.0,1.0,2000,2000,0,0.0000,1.0000,0.0004,0.0207,47,True,0.0,0.0,0.0,0.00
47,8,748000000,8.748000000,0.0,0.0,0.0,0.0,0.0,0.0,1.0,2000,2000,0,0.0000,1.0000,0.0034,0.0117,48,True,0.0,0.0,0.0,0.00
48,8,780000000,8.780000000,0.0,0.0,0.0,0.0,0.0,0.0,1.0,2000,2000,0,0.0000,1.0000,0.0026,0.0137,49,True,0.0,0.0,0.0,0.00
49,8,812000000,8.812000000,0.0,0.0,0.0,0.0,0.0,0.0,1.0,2000,2000,0,0.0000,1.0000,0.0005,0.0146,50,True,0.0,0.0,0.0,0.00
50,8,848000000,8.848000000,0.0,0.0,0.0,0.0,0.0,0.0,1.0,2000,2000,0,0.0000,1.0000,0.0018,0.0083,51,True,0.0,0.0,0.0,0.00
51,8,880000000,8.880000000,0.0,0.0,0.0,0.0,0.0,0.0,1.0,2000,2000,0,0.0000,1.0000,0.0025,0.0095,52,True,0.0,0.0,0.0,0.00
52,8,912000000,8.912000000,0.0,0.0,0.0,0.0,0.0,0.0,1.0,2000,2000,0,0.0000,1.0000,0.0022,0.0123,53,True,0.0,0.0,0.0,0.00
53,8,944000000,8.944000000,0.0,0.0,0.0,0.0,0.0,0.0,1.0,2000,2000,0,0.0000,1.0000,0.0017,0.0094,54,True,0.0,0.0,0.0,0.00
54,8,980000000,8.980000000,0.0,0.0,0.0,0.0,0.0,0.0,1.0,2000,2000,0,0.0000,1.0000,0.0025,0.0114,55,True,0.0,0.0,0.0,0.00
55,9,12000000,9.012000000,0.0,0.0,0.0,0.0,0.0,0.0,1.0,2000,2000,0,0.0000,1.0000,0.0022,0.0110,56,True,0.0,0.0,0.0,0.00
56,9,44000000,9.044000000,0.0,0.0,0.0,0.0,0.0,0.0,1.0,2000,2000,0,0.0000,1.0000,0.0017,0.0100,57,True,0.0,0.0,0.0,0.00
57,9,76000000,9.076000000,0.0,0.0,0.0,0.0,0.0,0.0,1.0,2000,2000,0,0.0000,1.0000,0.0030,0.0141,58,True,0.0,0.0,0.0,0.00
58,9,112000000,9.112000000,0.0,0.0,0.0,0.0,0.0,0.0,1.0,2000,2000,0,0.0000,1.0000,0.0022,0.0111,59,True,0.0,0.0,0.0,0.00
59,9,144000000,9.144000000,0.0,0.0,0.0,0.0,0.0,0.0,1.0,2000,2000,0,0.0000,1.0000,0.0003,0.0107,60,True,0.0,0.0,0.0,0.00
60,9,176000000,9.176000000,0.0,0.0,0.0,0.0,0.0,0.0,1.0,2000,2000,0,0.0000,1.0000,0.0035,0.0123,61,True,0.0,0.0,0.0,0.00
61,9,208000000,9.208000000,0.0,0.0,0.0,0.0,0.0,0.0,1.0,2000,2000,0,0.0000,1.0000,0.0021,0.0094,62,True,0.0,0.0,0.0,0.00
62,9,244000000,9.244000000,0.0,0.0,0.0,0.0,0.0,0.0,1.0,2000,2000,0,0.0000,1.0000,0.0003,0.0078,63,True,0.0,0.0,0.0,0.00
63,9,276000000,9.276000000,0.0,0.0,0.0,0.0,0.0,0.0,1.0,2000,2000,0,0.0000,1.0000,0.0033,0.0098,64,True,0.0,0.0,0.0,0.00
64,9,308000000,9.308000000,0.0,0.0,0.0,0.0,0.0,0.0,1.0,2000,2000,0,0.0000,1.0000,0.0022,0.0090,65,True,0.0,0.0,0.0,0.00
65,9,340000000,9.340000000,0.0,0.0,0.0,0.0,0.0,0.0,1.0,2000,2000,0,0.0000,1.0000,0.0003,0.0153,66,True,0.0,0.0,0.0,0.00
66,9,376000000,9.376000000,0.0,0.0,0.0,0.0,0.0,0.0,1.0,2000,2000,0,0.0000,1.0000,0.0023,0.0141,67,True,0.0,0.0,0.0,0.00
67,9,408000000,9.408000000,0.0,0.0,0.0,0.0,0.0,0.0,1.0,2000,2000,0,0.0000,1.0000,0.0025,0.0087,68,True,0.0,0.0,0.0,0.00
68,9,440000000,9.440000000,0.0,0.0,0.0,0.0,0.0,0.0,1.0,2000,2000,0,0.0000,1.0000,0.0022,0.0127,69,True,0.0,0.0,0.0,0.00
69,9,472000000,9.472000000,0.0,0.0,0.0,0.0,0.0,0.0,1.0,2000,2000,0,0.0000,1.0000,0.0017,0.0108,70,True,0.0,0.0,0.0,0.00
70,9,508000000,9.508000000,0.0,0.0,0.0,0.0,0.0,0.0,1.0,2000,2000,0,0.0000,1.0000,0.0025,0.0117,71,True,0.0,0.0,0.0,0.00
71,9,540000000,9.540000000,0.0,0.0,0.0,0.0,0.0,0.0,1.0,2000,2000,0,0.0000,1.0000,0.0021,0.0109,72,True,0.0,0.0,0.0,0.00
72,9,572000000,9.572000000,0.0,0.0,0.0,0.0,0.0,0.0,1.0,2000,2000,0,0.0000,1.0000,0.0016,0.0083,73,True,0.0,0.0,0.0,0.00
73,9,604000000,9.604000000,0.0,0.0,0.0,0.0,0.0,0.0,1.0,2000,2000,0,0.0000,1.0000,0.0026,0.0281,74,True,0.0,0.0,0.0,0.00
74,9,640000000,9.640000000,0.0,0.0,0.0,0.0,0.0,0.0,1.0,2000,2000,0,0.0000,1.0000,0.0023,0.0117,75,True,0.0,0.0,0.0,0.00
75,9,672000000,9.672000000,0.0,0.0,0.0,0.0,0.0,0.0,1.0,2000,2000,0,0.0000,1.0000,0.0009,0.0139,76,True,0.0,0.0,0.0,0.00
76,9,704000000,9.704000000,0.0,0.0,0.0,0.0,0.0,0.0,1.0,2000,2000,0,0.0000,1.0000,0.0033,0.0194,77,True,0.0,0.0,0.0,0.00
77,9,736000000,9.736000000,0.0,0.0,0.0,0.0,0.0,0.0,1.0,2000,2000,0,0.0000,1.0000,0.0022,0.0093,78,True,0.0,0.0,0.0,0.00
78,9,772000000,9.772000000,0.0,0.0,0.0,0.0,0.0,0.0,1.0,2000,2000,0,0.0000,1.0000,0.0003,0.0119,79,True,0.0,0.0,0.0,0.00
79,9,804000000,9.804000000,0.0,0.0,0.0,0.0,0.0,0.0,1.0,2000,2000,0,0.0000,1.0000,0.0017,0.0090,80,True,0.0,0.0,0.0,0.00
80,9,836000000,9.836000000,0.0,0.0,0.0,0.0,0.0,0.0,1.0,2000,2000,0,0.0000,1.0000,0.0024,0.0094,81,True,0.0,0.0,0.0,0.00
81,9,868000000,9.868000000,0.0,0.0,0.0,0.0,0.0,0.0,1.0,2000,2000,0,0.0000,1.0000,0.0022,0.0142,82,True,0.0,0.0,0.0,0.00
82,9,904000000,9.904000000,0.0,0.0,0.0,0.0,0.0,0.0,1.0,2000,2000,0,0.0000,1.0000,0.0018,0.0112,83,True,0.0,0.0,0.0,0.00
83,9,936000000,9.936000000,0.0,0.0,0.0,0.0,0.0,0.0,1.0,2000,2000,0,0.0000,1.0000,0.0028,0.0163,84,True,0.0,0.0,0.0,0.00
84,9,968000000,9.968000000,0.0,0.0,0.0,0.0,0.0,0.0,1.0,2000,2000,0,0.0000,1.0000,0.0024,0.0149,85,True,0.0,0.0,0.0,0.00
85,10,0,10.000000000,0.0,0.0,0.0,0.0,0.0,0.0,1.0,2000,2000,0,0.0000,1.0000,0.0016,0.0094,86,True,0.0,0.0,0.0,0.00
86,10,36000000,10.036000000,0.0,0.0,0.0,0.0,0.0,0.0,1.0,2000,2000,0,0.0000,1.0000,0.0025,0.0100,87,True,0.0,0.0,0.0,0.00
87,10,68000000,10.068000000,0.0,0.0,0.0,0.0,0.0,0.0,1.0,2000,2000,0,0.0000,1.0000,0.0022,0.0103,88,True,0.0,0.0,0.0,0.00
88,10,100000000,10.100000000,0.0,0.0,0.0,0.0,0.0,0.0,1.0,2000,2000,0,0.0000,1.0000,0.0003,0.0074,89,True,0.0,0.0,0.0,0.00
89,10,132000000,10.132000000,0.0,0.0,0.0,0.0,0.0,0.0,1.0,2000,2000,0,0.0000,1.0000,0.0032,0.0115,90,True,0.0,0.0,0.0,0.00
90,10,168000000,10.168000000,0.0,0.0,0.0,0.0,0.0,0.0,1.0,2000,2000,0,0.0000,1.0000,0.0021,0.0102,91,True,0.0,0.0,0.0,0.00
91,10,200000000,10.200000000,0.0,0.0,0.0,0.0,0.0,0.0,1.0,2000,2000,0,0.0000,1.0000,0.0003,0.0080,92,True,0.0,0.0,0.0,0.00
92,10,232000000,10.232000000,0.0,0.0,0.0,0.0,0.0,0.0,1.0,2000,2000,0,0.0000,1.0000,0.0022,0.0126,93,True,0.0,0.0,0.0,0.00
93,10,264000000,10.264000000,0.0,0.0,0.0,0.0,0.0,0.0,1.0,2000,2000,0,0.0000,1.0000,0.0038,0.0115,94,True,0.0,0.0,0.0,0.00
94,10,300000000,10.300000000,0.0,0.0,0.0,0.0,0.0,0.0,1.0,2000,2000,0,0.0000,1.0000,0.0003,0.0081,95,True,0.0,0.0,0.0,0.00
95,10,332000000,10.332000000,0.0,0.0,0.0,0.0,0.0,0.0,1.0,2000,2000,0,0.0000,1.0000,0.0017,0.0106,96,True,0.0,0.0,0.0,0.00
96,10,364000000,10.364000000,0.0,0.0,0.0,0.0,0.0,0.0,1.0,2000,2000,0,0.0000,1.0000,0.0023,0.0096,97,True,0.0,0.0,0.0,0.00
97,10,396000000,10.396000000,0.0,0.0,0.0,0.0,0.0,0.0,1.0,2000,2000,0,0.0000,1.0000,0.0021,0.0095,98,True,0.0,0.0,0.0,0.00
98,10,432000000,10.432000000,0.0,0.0,0.0,0.0,0.0,0.0,1.0,2000,2000,0,0.0000,1.0000,0.0017,0.0089,99,True,0.0,0.0,0.0,0.00
99,10,464000000,10.464000000,0.0,0.0,0.0,0.0,0.0,0.0,1.0,2000,2000,0,0.0000,1.0000,0.0025,0.0092,100,True,0.0,0.0,0.0,0.00
100,10,496000000,10.496000000,0.0,0.0,0.0,0.0,0.0,0.0,1.0,2000,2000,0,0.0000,1.0000,0.0021,0.0279,101,True,0.0,0.0,0.0,0.00
101,10,528000000,10.528000000,0.0,0.0,0.0,0.0,0.0,0.0,1.0,2000,2000,0,0.0000,1.0000,0.0021,0.0188,102,True,0.0,0.0,0.0,0.00
102,10,564000000,10.564000000,0.0,0.0,0.0,0.0,0.0,0.0,1.0,2000,2000,0,0.0000,1.0000,0.0024,0.0097,103,True,0.0,0.0,0.0,0.00
103,10,596000000,10.596000000,0.0,0.0,0.0,0.0,0.0,0.0,1.0,2000,2000,0,0.0000,1.0000,0.0022,0.0082,104,True,0.0,0.0,0.0,0.00
104,10,628000000,10.628000000,0.0,0.0,0.0,0.0,0.0,0.0,1.0,2000,2000,0,0.0000,1.0000,0.0003,0.0071,105,True,0.0,0.0,0.0,0.00
105,10,660000000,10.660000000,0.0,0.0,0.0,0.0,0.0,0.0,1.0,2000,2000,0,0.0000,1.0000,0.0034,0.0124,106,True,0.0,0.0,0.0,0.00
106,10,696000000,10.696000000,0.0,0.0,0.0,0.0,0.0,0.0,1.0,2000,2000,0,0.0000,1.0000,0.0022,0.0094,107,True,0.0,0.0,0.0,0.00
107,10,728000000,10.728000000,0.0,0.0,0.0,0.0,0.0,0.0,1.0,2000,2000,0,0.0000,1.0000,0.0003,0.0068,108,True,0.0,0.0,0.0,0.00
108,10,760000000,10.760000000,0.0,0.0,0.0,0.0,0.0,0.0,1.0,2000,2000,0,0.0000,1.0000,0.0018,0.0076,109,True,0.0,0.0,0.0,0.00
109,10,792000000,10.792000000,0.0,0.0,0.0,0.0,0.0,0.0,1.0,2000,2000,0,0.0000,1.0000,0.0024,0.0101,110,True,0.0,0.0,0.0,0.00
110,10,828000000,10.828000000,0.0,0.0,0.0,0.0,0.0,0.0,1.0,2000,2000,0,0.0000,1.0000,0.0026,0.0134,111,True,0.0,0.0,0.0,0.00
111,10,860000000,10.860000000,0.0,0.0,0.0,0.0,0.0,0.0,1.0,2000,2000,0,0.0000,1.0000,0.0017,0.0105,112,True,0.0,0.0,0.0,0.00
112,10,892000000,10.892000000,0.0,0.0,0.0,0.0,0.0,0.0,1.0,2000,2000,0,0.0000,1.0000,0.0025,0.0082,113,True,0.0,0.0,0.0,0.00
113,10,924000000,10.924000000,0.0,0.0,0.0,0.0,0.0,0.0,1.0,2000,2000,0,0.0000,1.0000,0.0021,0.0093,114,True,0.0,0.0,0.0,0.00
114,10,960000000,10.960000000,0.0,0.0,0.0,0.0,0.0,0.0,1.0,2000,2000,0,0.0000,1.0000,0.0017,0.0089,115,True,0.0,0.0,0.0,0.00
115,10,992000000,10.992000000,0.0,0.0,0.0,0.0,0.0,0.0,1.0,2000,2000,0,0.0000,1.0000,0.0024,0.0093,116,True,0.0,0.0,0.0,0.00
116,11,24000000,11.024000000,0.0,0.0,0.0,0.0,0.0,0.0,1.0,2000,2000,0,0.0000,1.0000,0.0021,0.0098,117,True,0.0,0.0,0.0,0.00
117,11,56000000,11.056000000,0.0,0.0,0.0,0.0,0.0,0.0,1.0,2000,2000,0,0.0000,1.0000,0.0004,0.0116,118,True,0.0,0.0,0.0,0.00
118,11,92000000,11.092000000,0.0,0.0,0.0,0.0,0.0,0.0,1.0,2000,2000,0,0.0000,1.0000,0.0036,0.0136,119,True,0.0,0.0,0.0,0.00
119,11,124000000,11.124000000,0.0,0.0,0.0,0.0,0.0,0.0,1.0,2000,2000,0,0.0000,1.0000,0.0022,0.0193,120,True,0.0,0.0,0.0,0.00
120,11,156000000,11.156000000,0.0,0.0,0.0,0.0,0.0,0.0,1.0,2000,2000,0,0.0000,1.0000,0.0003,0.0080,121,True,0.0,0.0,0.0,0.00
121,11,188000000,11.188000000,0.0,0.0,0.0,0.0,0.0,0.0,1.0,2000,2000,0,0.0000,1.0000,0.0030,0.0117,122,True,0.0,0.0,0.0,0.00
122,11,224000000,11.224000000,0.0,0.0,0.0,0.0,0.0,0.0,1.0,2000,1999,3,0.0015,0.9995,0.0300,9.0970,123,True,0.0,0.0,0.0,0.00
123,11,256000000,11.256000000,0.0,0.0,0.0,0.0,0.0,0.0,1.0,1999,1988,3,0.0015,0.9945,2.7098,191.0577,124,True,0.0,0.0,0.0,0.00
124,11,288000000,11.288000000,0.2888782607065194,0.2548402674382622,-0.9228248959489396,1.9247234509553546e-07,2.292905222501018e-05,6.309118648969474e-06,0.9999999997172083,1988,1970,8,0.0041,0.9909,3.5929,177.1807,0,True,0.2888782607065194,0.2548402674382622,-0.9228248959489396,0.00
125,11,320000000,11.320000000,0.2888782607065194,0.2548402674382622,-0.9228248959489396,1.9247234509553546e-07,2.292905222501018e-05,6.309118648969474e-06,0.9999999997172083,2000,0,0,0.0000,0.0000,0.0000,0.0000,1,True,0.0,0.0,0.0,0.00
126,11,356000000,11.356000000,0.2888782607065194,0.2548402674382622,-0.9228248959489396,1.9247234509553546e-07,2.292905222501018e-05,6.309118648969474e-06,0.9999999997172083,2000,2000,0,0.0000,1.0000,0.0601,31.4895,2,True,0.0,0.0,0.0,0.00
127,11,388000000,11.388000000,0.2888782607065194,0.2548402674382622,-0.9228248959489396,1.9247234509553546e-07,2.292905222501018e-05,6.309118648969474e-06,0.9999999997172083,2000,2000,0,0.0000,1.0000,0.0024,0.0146,3,True,0.0,0.0,0.0,0.00
128,11,420000000,11.420000000,0.2888782607065194,0.2548402674382622,-0.9228248959489396,1.9247234509553546e-07,2.292905222501018e-05,6.309118648969474e-06,0.9999999997172083,2000,2000,0,0.0000,1.0000,0.0030,0.5732,4,True,0.0,0.0,0.0,0.00
129,11,488000000,11.488000000,0.2888782607065194,0.2548402674382622,-0.9228248959489396,1.9247234509553546e-07,2.292905222501018e-05,6.309118648969474e-06,0.9999999997172083,2000,2000,5,0.0025,1.0000,1.6085,160.5582,0,True,0.0,0.0,0.0,0.00
130,11,552000000,11.552000000,0.2888782607065194,0.2548402674382622,-0.9228248959489396,1.9247234509553546e-07,2.292905222501018e-05,6.309118648969474e-06,0.9999999997172083,2000,1953,0,0.0000,0.9765,0.4409,102.5501,1,True,0.0,0.0,0.0,0.00
131,11,620000000,11.620000000,0.2888782607065194,0.2548402674382622,-0.9228248959489396,1.9247234509553546e-07,2.292905222501018e-05,6.309118648969474e-06,0.9999999997172083,1953,1953,0,0.0000,1.0000,0.0039,0.0124,2,True,0.0,0.0,0.0,0.00
132,11,652000000,11.652000000,0.2888782607065194,0.2548402674382622,-0.9228248959489396,1.9247234509553546e-07,2.292905222501018e-05,6.309118648969474e-06,0.9999999997172083,1953,1952,0,0.0000,0.9995,0.2241,39.8221,3,True,0.0,0.0,0.0,0.00
133,11,684000000,11.684000000,0.2888782607065194,0.2548402674382622,-0.9228248959489396,1.9247234509553546e-07,2.292905222501018e-05,6.309118648969474e-06,0.9999999997172083,1952,1941,3,0.0015,0.9944,1.8882,111.6022,4,True,0.0,0.0,0.0,0.00
134,11,716000000,11.716000000,0.2888782607065194,0.2548402674382622,-0.9228248959489396,1.9247234509553546e-07,2.292905222501018e-05,6.309118648969474e-06,0.9999999997172083,1941,1930,6,0.0031,0.9943,3.1931,130.9675,0,True,0.0,0.0,0.0,0.00
135,11,816000000,11.816000000,0.2888782607065194,0.2548402674382622,-0.9228248959489396,1.9247234509553546e-07,2.292905222501018e-05,6.309118648969474e-06,0.9999999997172083,1930,1911,3,0.0016,0.9902,0.5762,72.0522,1,True,0.0,0.0,0.0,0.00
136,11,884000000,11.884000000,0.2888782607065194,0.2548402674382622,-0.9228248959489396,1.9247234509553546e-07,2.292905222501018e-05,6.309118648969474e-06,0.9999999997172083,1911,1911,1,0.0005,1.0000,1.5081,91.4590,2,True,0.0,0.0,0.0,0.00
137,11,948000000,11.948000000,-0.20196327044465,-0.21474368787733067,-1.656695116224527,-5.581195857024164e-06,1.9424503470626944e-05,3.038436537390776e-06,0.9999999997911534,1911,1905,9,0.0047,0.9969,1.3795,98.3895,0,True,-0.49081380202648217,-0.46957804443936396,-0.7338925479392824,0.00
138,11,980000000,11.980000000,-0.20196327044465,-0.21474368787733067,-1.656695116224527,-5.581195857024164e-06,1.9424503470626944e-05,3.038436537390776e-06,0.9999999997911534,2000,0,0,0.0000,0.0000,0.0000,0.0000,1,True,0.0,0.0,0.0,0.00
139,12,48000000,12.048000000,-0.20196327044465,-0.21474368787733067,-1.656695116224527,-5.581195857024164e-06,1.9424503470626944e-05,3.038436537390776e-06,0.9999999997911534,2000,2000,0,0.0000,1.0000,0.0135,8.3687,2,True,0.0,0.0,0.0,0.00
140,12,80000000,12.080000000,-1.0802280537605613,-0.5351707391410074,-2.01162817358256,-4.595883556810561e-06,2.0983812343823294e-05,2.4205818448560356e-06,0.9999999997663491,2000,1998,8,0.0040,0.9990,1.0483,117.1051,0,True,-0.8782529409531356,-0.3204177520838351,-0.3549707535230333,0.00
141,12,148000000,12.148000000,-1.0802280537605613,-0.5351707391410074,-2.01162817358256,-4.595883556810561e-06,2.0983812343823294e-05,2.4205818448560356e-06,0.9999999997663491,2000,0,0,0.0000,0.0000,0.0000,0.0000,1,True,0.0,0.0,0.0,0.00
142,12,180000000,12.180000000,-1.0802280537605613,-0.5351707391410074,-2.01162817358256,-4.595883556810561e-06,2.0983812343823294e-05,2.4205818448560356e-06,0.9999999997663491,2000,2000,1,0.0005,1.0000,0.0941,63.5656,2,True,0.0,0.0,0.0,0.00
143,12,212000000,12.212000000,-1.0802280537605613,-0.5351707391410074,-2.01162817358256,-4.595883556810561e-06,2.0983812343823294e-05,2.4205818448560356e-06,0.9999999997663491,2000,2000,0,0.0000,1.0000,0.0005,0.0140,3,True,0.0,0.0,0.0,0.00
144,12,244000000,12.244000000,-1.0802280537605613,-0.5351707391410074,-2.01162817358256,-4.595883556810561e-06,2.0983812343823294e-05,2.4205818448560356e-06,0.9999999997663491,2000,2000,0,0.0000,1.0000,0.0021,0.0157,4,True,0.0,0.0,0.0,0.00
145,12,280000000,12.280000000,-1.0802280537605613,-0.5351707391410074,-2.01162817358256,-4.595883556810561e-06,2.0983812343823294e-05,2.4205818448560356e-06,0.9999999997663491,2000,2000,1,0.0005,1.0000,0.2963,54.0454,5,True,0.0,0.0,0.0,0.00
146,12,344000000,12.344000000,-1.4019086556042526,-1.3296052266268945,-1.496462728807277,6.46828224609631e-05,-7.852614772367002e-05,-0.00011172659845240346,0.9999999885834718,2000,1986,10,0.0050,0.9930,1.3735,82.2611,0,True,-0.32170606767229787,-0.794437665300982,0.5151446417987398,0.02
147,12,376000000,12.376000000,-1.4019086556042526,-1.3296052266268945,-1.496462728807277,6.46828224609631e-05,-7.852614772367002e-05,-0.00011172659845240346,0.9999999885834718,2000,0,0,0.0000,0.0000,0.0000,0.0000,1,True,0.0,0.0,0.0,0.00
148,12,412000000,12.412000000,-1.4019086556042526,-1.3296052266268945,-1.496462728807277,6.46828224609631e-05,-7.852614772367002e-05,-0.00011172659845240346,0.9999999885834718,2000,2000,0,0.0000,1.0000,0.0023,0.0108,2,True,0.0,0.0,0.0,0.00
149,12,476000000,12.476000000,-1.4019086556042526,-1.3296052266268945,-1.496462728807277,6.46828224609631e-05,-7.852614772367002e-05,-0.00011172659845240346,0.9999999885834718,2000,2000,0,0.0000,1.0000,0.0727,26.9585,3,True,0.0,0.0,0.0,0.00
150,12,508000000,12.508000000,-1.4019086556042526,-1.3296052266268945,-1.496462728807277,6.46828224609631e-05,-7.852614772367002e-05,-0.00011172659845240346,0.9999999885834718,2000,1990,5,0.0025,0.9950,3.0624,143.1638,0,True,0.0,0.0,0.0,0.00
151,12,544000000,12.544000000,-1.0974917242507636,-1.0397536662879943,-2.4038305731099223,6.318609762111189e-05,-7.652929374623941e-05,-0.00011232798409356542,0.9999999887666041,1990,1957,16,0.0082,0.9834,3.6847,114.3731,0,True,0.3042096577112851,0.28980217237391404,-0.9074531310445423,0.00
152,12,576000000,12.576000000,-1.0974917242507636,-1.0397536662879943,-2.4038305731099223,6.318609762111189e-05,-7.652929374623941e-05,-0.00011232798409356542,0.9999999887666041,2000,0,0,0.0000,0.0000,0.0000,0.0000,1,True,0.0,0.0,0.0,0.00
153,12,640000000,12.640000000,-1.0974917242507636,-1.0397536662879943,-2.4038305731099223,6.318609762111189e-05,-7.652929374623941e-05,-0.00011232798409356542,0.9999999887666041,2000,2000,0,0.0000,1.0000,0.0025,0.0271,2,True,0.0,0.0,0.0,0.00
154,12,676000000,12.676000000,-1.0974917242507636,-1.0397536662879943,-2.4038305731099223,6.318609762111189e-05,-7.652929374623941e-05,-0.00011232798409356542,0.9999999887666041,2000,2000,0,0.0000,1.0000,0.0420,11.8242,3,True,0.0,0.0,0.0,0.00
155,12,708000000,12.708000000,-1.0974917242507636,-1.0397536662879943,-2.4038305731099223,6.318609762111189e-05,-7.652929374623941e-05,-0.00011232798409356542,0.9999999887666041,2000,1990,4,0.0020,0.9950,2.8657,139.5645,4,True,0.0,0.0,0.0,0.00
156,12,772000000,12.772000000,-1.0974917242507636,-1.0397536662879943,-2.4038305731099223,6.318609762111189e-05,-7.652929374623941e-05,-0.00011232798409356542,0.9999999887666041,1990,1965,4,0.0020,0.9874,1.6883,97.1048,5,True,0.0,0.0,0.0,0.00
157,12,840000000,12.840000000,-1.0974917242507636,-1.0397536662879943,-2.4038305731099223,6.318609762111189e-05,-7.652929374623941e-05,-0.00011232798409356542,0.9999999887666041,1965,1949,2,0.0010,0.9919,0.1260,44.8917,6,True,0.0,0.0,0.0,0.00
158,12,872000000,12.872000000,-1.0974917242507636,-1.0397536662879943,-2.4038305731099223,6.318609762111189e-05,-7.652929374623941e-05,-0.00011232798409356542,0.9999999887666041,1949,1949,0,0.0000,1.0000,0.0102,10.4825,7,True,0.0,0.0,0.0,0.00
159,12,904000000,12.904000000,-1.0974917242507636,-1.0397536662879943,-2.4038305731099223,6.318609762111189e-05,-7.652929374623941e-05,-0.00011232798409356542,0.9999999887666041,1949,1949,6,0.0031,1.0000,1.6447,139.8405,0,True,0.0,0.0,0.0,0.00
160,12,972000000,12.972000000,-1.0974917242507636,-1.0397536662879943,-2.4038305731099223,6.318609762111189e-05,-7.652929374623941e-05,-0.00011232798409356542,0.9999999887666041,1949,1942,3,0.0015,0.9964,0.8223,112.3812,1,True,0.0,0.0,0.0,0.00
161,13,4000000,13.004000000,-1.0974917242507636,-1.0397536662879943,-2.4038305731099223,6.318609762111189e-05,-7.652929374623941e-05,-0.00011232798409356542,0.9999999887666041,1942,1942,0,0.0000,1.0000,0.0031,0.2905,2,True,0.0,0.0,0.0,0.00
162,13,72000000,13.072000000,-1.8209638629871918,-1.7048797976610268,-2.5887502687534125,5.798211493798254e-05,-7.305688316303069e-05,-0.00011752394102136297,0.9999999887444446,1942,1942,9,0.0046,1.0000,0.1372,28.8451,0,True,-0.723350981941387,-0.6653120064994975,-0.1847249060956415,0.00
163,13,104000000,13.104000000,-1.8209638629871918,-1.7048797976610268,-2.5887502687534125,5.798211493798254e-05,-7.305688316303069e-05,-0.00011752394102136297,0.9999999887444446,2000,0,0,0.0000,0.0000,0.0000,0.0000,1,True,0.0,0.0,0.0,0.00
164,13,168000000,13.168000000,-1.8209638629871918,-1.7048797976610268,-2.5887502687534125,5.798211493798254e-05,-7.305688316303069e-05,-0.00011752394102136297,0.9999999887444446,2000,2000,2,0.0010,1.0000,0.5145,93.1726,2,True,0.0,0.0,0.0,0.00
165,13,268000000,13.268000000,-1.8209638629871918,-1.7048797976610268,-2.5887502687534125,5.798211493798254e-05,-7.305688316303069e-05,-0.00011752394102136297,0.9999999887444446,2000,2000,2,0.0010,1.0000,0.1251,30.3247,3,True,0.0,0.0,0.0,0.00
166,13,300000000,13.300000000,-1.8209638629871918,-1.7048797976610268,-2.5887502687534125,5.798211493798254e-05,-7.305688316303069e-05,-0.00011752394102136297,0.9999999887444446,2000,1989,5,0.0025,0.9945,0.8285,134.5696,0,True,0.0,0.0,0.0,0.00
167,13,400000000,13.400000000,-1.8209638629871918,-1.7048797976610268,-2.5887502687534125,5.798211493798254e-05,-7.305688316303069e-05,-0.00011752394102136297,0.9999999887444446,1989,1976,0,0.0000,0.9935,0.2730,100.0242,1,True,0.0,0.0,0.0,0.00
168,13,432000000,13.432000000,-1.8209638629871918,-1.7048797976610268,-2.5887502687534125,5.798211493798254e-05,-7.305688316303069e-05,-0.00011752394102136297,0.9999999887444446,1976,1974,1,0.0005,0.9990,0.1363,118.2073,2,True,0.0,0.0,0.0,0.00
169,13,468000000,13.468000000,-1.8209638629871918,-1.7048797976610268,-2.5887502687534125,5.798211493798254e-05,-7.305688316303069e-05,-0.00011752394102136297,0.9999999887444446,1974,1973,1,0.0005,0.9995,1.0703,187.8462,3,True,0.0,0.0,0.0,0.00
170,13,500000000,13.500000000,-1.8209638629871918,-1.7048797976610268,-2.5887502687534125,5.798211493798254e-05,-7.305688316303069e-05,-0.00011752394102136297,0.9999999887444446,1973,1964,5,0.0025,0.9954,2.3563,112.0148,0,True,0.0,0.0,0.0,0.00
171,13,532000000,13.532000000,-1.8209638629871918,-1.7048797976610268,-2.5887502687534125,5.798211493798254e-05,-7.305688316303069e-05,-0.00011752394102136297,0.9999999887444446,1964,1939,3,0.0015,0.9873,0.2545,71.5678,1,True,0.0,0.0,0.0,0.00
172,13,600000000,13.600000000,-1.8209638629871918,-1.7048797976610268,-2.5887502687534125,5.798211493798254e-05,-7.305688316303069e-05,-0.00011752394102136297,0.9999999887444446,1939,1939,0,0.0000,1.0000,0.0217,27.4137,2,True,0.0,0.0,0.0,0.00
173,13,632000000,13.632000000,-1.8209638629871918,-1.7048797976610268,-2.5887502687534125,5.798211493798254e-05,-7.305688316303069e-05,-0.00011752394102136297,0.9999999887444446,1939,1939,2,0.0010,1.0000,0.8922,97.0086,3,True,0.0,0.0,0.0,0.00
174,13,664000000,13.664000000,-1.8209638629871918,-1.7048797976610268,-2.5887502687534125,5.798211493798254e-05,-7.305688316303069e-05,-0.00011752394102136297,0.9999999887444446,1939,1933,4,0.0021,0.9969,1.1835,96.0214,4,True,0.0,0.0,0.0,0.00
175,13,732000000,13.732000000,-1.8209638629871918,-1.7048797976610268,-2.5887502687534125,5.798211493798254e-05,-7.305688316303069e-05,-0.00011752394102136297,0.9999999887444446,1933,1920,3,0.0016,0.9933,0.2600,59.3475,5,True,0.0,0.0,0.0,0.00
176,13,764000000,13.764000000,-1.8209638629871918,-1.7048797976610268,-2.5887502687534125,5.798211493798254e-05,-7.305688316303069e-05,-0.00011752394102136297,0.9999999887444446,1920,1920,4,0.0021,1.0000,0.2665,72.3372,6,True,0.0,0.0,0.0,0.00
177,13,796000000,13.796000000,-1.8209638629871918,-1.7048797976610268,-2.5887502687534125,5.798211493798254e-05,-7.305688316303069e-05,-0.00011752394102136297,0.9999999887444446,1920,1917,1,0.0005,0.9984,0.5305,73.5585,7,True,0.0,0.0,0.0,0.00
178,13,864000000,13.864000000,-1.8209638629871918,-1.7048797976610268,-2.5887502687534125,5.798211493798254e-05,-7.305688316303069e-05,-0.00011752394102136297,0.9999999887444446,1917,1913,1,0.0005,0.9979,0.1079,58.1957,8,True,0.0,0.0,0.0,0.00
179,13,928000000,13.928000000,-1.8209638629871918,-1.7048797976610268,-2.5887502687534125,5.798211493798254e-05,-7.305688316303069e-05,-0.00011752394102136297,0.9999999887444446,1913,1913,2,0.0010,1.0000,1.7663,115.1647,9,True,0.0,0.0,0.0,0.00
180,13,996000000,13.996000000,-1.8209638629871918,-1.7048797976610268,-2.5887502687534125,5.798211493798254e-05,-7.305688316303069e-05,-0.00011752394102136297,0.9999999887444446,1913,1886,3,0.0016,0.9859,0.7039,57.4340,10,True,0.0,0.0,0.0,0.00
181,14,92000000,14.092000000,-1.8209638629871918,-1.7048797976610268,-2.5887502687534125,5.798211493798254e-05,-7.305688316303069e-05,-0.00011752394102136297,0.9999999887444446,1886,1883,5,0.0027,0.9984,0.2819,44.5952,0,True,0.0,0.0,0.0,0.00
182,14,160000000,14.160000000,-1.8209638629871918,-1.7048797976610268,-2.5887502687534125,5.798211493798254e-05,-7.305688316303069e-05,-0.00011752394102136297,0.9999999887444446,1883,1883,6,0.0032,1.0000,0.5736,69.2637,0,True,0.0,0.0,0.0,0.00
183,14,224000000,14.224000000,-0.9205108664703062,-1.2866348838267019,-2.4693534802058177,5.435356095536295e-05,-7.061272579409847e-05,-0.00011735421430220366,0.9999999891437609,1883,1875,8,0.0043,0.9958,0.3243,40.4516,0,True,0.9003720947946314,0.4184703892140617,0.11921671135440248,0.00
184,14,260000000,14.260000000,-0.9205108664703062,-1.2866348838267019,-2.4693534802058177,5.435356095536295e-05,-7.061272579409847e-05,-0.00011735421430220366,0.9999999891437609,2000,0,0,0.0000,0.0000,0.0000,0.0000,1,True,0.0,0.0,0.0,0.00
185,14,356000000,14.356000000,-0.9205108664703062,-1.2866348838267019,-2.4693534802058177,5.435356095536295e-05,-7.061272579409847e-05,-0.00011735421430220366,0.9999999891437609,2000,2000,0,0.0000,1.0000,0.4577,63.2569,2,True,0.0,0.0,0.0,0.00
186,14,456000000,14.456000000,-0.9205108664703062,-1.2866348838267019,-2.4693534802058177,5.435356095536295e-05,-7.061272579409847e-05,-0.00011735421430220366,0.9999999891437609,2000,1981,2,0.0010,0.9905,9.1184,58.6883,3,True,0.0,0.0,0.0,0.00
187,14,488000000,14.488000000,-0.9205108664703062,-1.2866348838267019,-2.4693534802058177,5.435356095536295e-05,-7.061272579409847e-05,-0.00011735421430220366,0.9999999891437609,1981,1940,3,0.0015,0.9793,8.6704,83.7781,4,True,0.0,0.0,0.0,0.00
188,14,524000000,14.524000000,-0.9205108664703062,-1.2866348838267019,-2.4693534802058177,5.435356095536295e-05,-7.061272579409847e-05,-0.00011735421430220366,0.9999999891437609,1940,1888,2,0.0011,0.9732,13.9858,155.9492,5,True,0.0,0.0,0.0,0.00
189,14,556000000,14.556000000,-0.9205108664703062,-1.2866348838267019,-2.4693534802058177,5.435356095536295e-05,-7.061272579409847e-05,-0.00011735421430220366,0.9999999891437609,1888,1824,3,0.0016,0.9661,14.6681,59.7144,6,True,0.0,0.0,0.0,0.00
190,14,588000000,14.588000000,-0.9205108664703062,-1.2866348838267019,-2.4693534802058177,5.435356095536295e-05,-7.061272579409847e-05,-0.00011735421430220366,0.9999999891437609,1824,1669,0,0.0000,0.9150,16.3998,66.7404,7,True,0.0,0.0,0.0,0.00
191,14,656000000,14.656000000,-1.7977367174704062,-0.8069938532611498,-2.448876953762951,0.00021330115226080157,-0.0003908769333439585,0.028839019680318812,0.9995839697902921,1669,1598,31,0.0194,0.9575,36.8586,90.7545,0,True,-0.8773355060174919,0.479437355238785,0.020548291478134792,3.32
192,14,752000000,14.752000000,-1.7977367174704062,-0.8069938532611498,-2.448876953762951,0.00021330115226080157,-0.0003908769333439585,0.028839019680318812,0.9995839697902921,2000,0,0,0.0000,0.0000,0.0000,0.0000,1,True,0.0,0.0,0.0,0.00
193,14,788000000,14.788000000,-2.253726326327149,0.02566077715168591,-2.7631375829654297,0.001000785072816418,0.00017392210754667417,0.050666875735645905,0.9987150924480551,2000,1959,11,0.0056,0.9795,32.7590,107.9966,0,True,-0.4074746574398926,0.857432332440079,-0.3142836280028088,2.51
194,14,852000000,14.852000000,-2.253726326327149,0.02566077715168591,-2.7631375829654297,0.001000785072816418,0.00017392210754667417,0.050666875735645905,0.9987150924480551,2000,0,0,0.0000,0.0000,0.0000,0.0000,1,True,0.0,0.0,0.0,0.00
195,14,884000000,14.884000000,-2.253726326327149,0.02566077715168591,-2.7631375829654297,0.001000785072816418,0.00017392210754667417,0.050666875735645905,0.9987150924480551,2000,1912,5,0.0026,0.9560,35.1664,163.9417,0,True,0.0,0.0,0.0,0.00
196,14,952000000,14.952000000,-3.2193732293743755,0.2031248709759782,-2.9529600106140705,0.0015026258704792905,0.0031198497149397693,0.10414997819295187,0.9945555744631154,1912,1819,46,0.0253,0.9514,43.5293,224.2653,0,True,-0.94268220711777,0.2738963460972145,-0.19060705122886928,6.16
197,16,272000000,16.272000000,-3.2193732293743755,0.2031248709759782,-2.9529600106140705,0.0015026258704792905,0.0031198497149397693,0.10414997819295187,0.9945555744631154,2000,0,0,0.0000,0.0000,0.0000,0.0000,1,True,0.0,0.0,0.0,0.00
198,16,336000000,16.336000000,-3.2193732293743755,0.2031248709759782,-2.9529600106140705,0.0015026258704792905,0.0031198497149397693,0.10414997819295187,0.9945555744631154,2000,1960,4,0.0020,0.9800,62.7546,216.7389,2,True,0.0,0.0,0.0,0.00
199,16,436000000,16.436000000,-4.150892662660779,-0.15469465730708437,-2.887869837860711,0.0014663172317278097,0.008674078344865142,0.18245846277648328,0.9831742061506119,1960,1871,11,0.0059,0.9546,88.9348,390.3098,0,True,-0.9858074230404591,-0.15684806060992942,0.05985324186068377,9.09
200,17,32000000,17.032000000,-4.150892662660779,-0.15469465730708437,-2.887869837860711,0.0014663172317278097,0.008674078344865142,0.18245846277648328,0.9831742061506119,2000,0,0,0.0000,0.0000,0.0000,0.0000,1,True,0.0,0.0,0.0,0.00
201,17,96000000,17.096000000,-3.397274901181212,0.43447130728606337,-2.5964187514884842,0.00018635068215589853,0.009681886737975993,0.22992663831330643,0.9731597851003494,2000,1888,40,0.0212,0.9440,61.9560,285.5049,0,True,0.9099058590362993,0.2813368692881198,0.3048292861103962,5.56
202,17,260000000,17.260000000,-3.397274901181212,0.43447130728606337,-2.5964187514884842,0.00018635068215589853,0.009681886737975993,0.22992663831330643,0.9731597851003494,2000,0,0,0.0000,0.0000,0.0000,0.0000,1,True,0.0,0.0,0.0,0.00
203,17,296000000,17.296000000,-2.8466600643589937,1.2125773316008415,-2.8987006007555065,0.0011370137240593087,0.009792682755056313,0.2563871339329967,0.9665238994033587,2000,1975,14,0.0071,0.9875,36.7464,94.1126,0,True,0.8461776165221842,0.4479753375443924,-0.28862005863907503,3.13
204,17,328000000,17.328000000,-2.8466600643589937,1.2125773316008415,-2.8987006007555065,0.0011370137240593087,0.009792682755056313,0.2563871339329967,0.9665238994033587,2000,0,0,0.0000,0.0000,0.0000,0.0000,1,True,0.0,0.0,0.0,0.00
205,17,392000000,17.392000000,-2.800550383077257,2.2035017059297486,-2.7724358722959788,0.0023836667091585583,0.01029897161814719,0.3024602948928666,0.9531033623537104,2000,1946,58,0.0298,0.9730,49.5512,332.0637,0,True,0.5288550102311991,0.8387064688576097,0.12993782070574256,5.50
206,17,824000000,17.824000000,-2.800550383077257,2.2035017059297486,-2.7724358722959788,0.0023836667091585583,0.01029897161814719,0.3024602948928666,0.9531033623537104,2000,0,0,0.0000,0.0000,0.0000,0.0000,1,True,0.0,0.0,0.0,0.00
207,17,856000000,17.856000000,-2.800550383077257,2.2035017059297486,-2.7724358722959788,0.0023836667091585583,0.01029897161814719,0.3024602948928666,0.9531033623537104,2000,1997,4,0.0020,0.9985,29.7045,221.2782,2,True,0.0,0.0,0.0,0.00
208,17,920000000,17.920000000,-2.5678482743465514,3.1494463357534155,-2.546518883337543,0.002530800278453309,0.010648510375809479,0.3475136685583824,0.9376110357935328,1997,1958,42,0.0215,0.9805,48.9001,157.0152,0,True,0.7313996582526229,0.641140215825983,0.23236558169952462,5.46
209,18,52000000,18.052000000,-2.5678482743465514,3.1494463357534155,-2.546518883337543,0.002530800278453309,0.010648510375809479,0.3475136685583824,0.9376110357935328,2000,0,0,0.0000,0.0000,0.0000,0.0000,1,True,0.0,0.0,0.0,0.00
210,18,88000000,18.088000000,-1.9045017532312867,3.8976352913445877,-2.5329291940230294,0.002699781405411447,0.010835917809399142,0.372360516613827,0.9280209802222548,2000,1950,12,0.0062,0.9750,36.0067,106.0966,0,True,0.9903386545211771,0.1353890851048387,0.02998574654164217,3.05
211,18,152000000,18.152000000,-1.9045017532312867,3.8976352913445877,-2.5329291940230294,0.002699781405411447,0.010835917809399142,0.372360516613827,0.9280209802222548,2000,0,0,0.0000,0.0000,0.0000,0.0000,1,True,0.0,0.0,0.0,0.00
212,18,184000000,18.184000000,-1.9045017532312867,3.8976352913445877,-2.5329291940230294,0.002699781405411447,0.010835917809399142,0.372360516613827,0.9280209802222548,2000,1960,0,0.0000,0.9800,32.4648,82.8996,2,True,0.0,0.0,0.0,0.00
213,18,252000000,18.252000000,-2.486351995011985,4.665228082850462,-2.2641326118870975,0.0030800765146762085,0.011051634562227072,0.4181498236657986,0.9083056200808339,1960,1879,62,0.0330,0.9587,48.5168,208.0809,0,True,0.10531177306953748,0.9603329392063911,0.2582054924438365,5.71
214,18,712000000,18.712000000,-2.486351995011985,4.665228082850462,-2.2641326118870975,0.0030800765146762085,0.011051634562227072,0.4181498236657986,0.9083056200808339,2000,0,0,0.0000,0.0000,0.0000,0.0000,1,True,0.0,0.0,0.0,0.00
215,18,748000000,18.748000000,-3.236679237780494,5.324973772499773,-2.222363559365418,0.003870772761973525,0.01131297295608057,0.44096079714847125,0.8974467166017741,2000,1816,21,0.0116,0.9080,35.6518,104.3517,0,True,0.012711487362330898,0.9995500696663808,0.02716756004816592,2.90
216,18,780000000,18.780000000,-3.236679237780494,5.324973772499773,-2.222363559365418,0.003870772761973525,0.01131297295608057,0.44096079714847125,0.8974467166017741,2000,0,0,0.0000,0.0000,0.0000,0.0000,1,True,0.0,0.0,0.0,0.00
217,18,844000000,18.844000000,-4.232101157538129,5.388589058058783,-2.1510312587627496,0.004530180551903474,0.011745487922197621,0.4819012100411797,0.8761351178548222,2000,1956,90,0.0460,0.9780,37.8451,222.3446,0,True,-0.5589039462941964,0.8278481451119984,0.047893918730855294,5.29
218,19,636000000,19.636000000,-4.232101157538129,5.388589058058783,-2.1510312587627496,0.004530180551903474,0.011745487922197621,0.4819012100411797,0.8761351178548222,2000,0,0,0.0000,0.0000,0.0000,0.0000,1,True,0.0,0.0,0.0,0.00
219,19,672000000,19.672000000,-4.232101157538129,5.388589058058783,-2.1510312587627496,0.004530180551903474,0.011745487922197621,0.4819012100411797,0.8761351178548222,2000,1849,7,0.0038,0.9245,46.6220,411.2117,0,True,0.0,0.0,0.0,0.00
220,19,704000000,19.704000000,-4.824221149330395,4.7884970927488,-2.6888821195878774,0.004120727347916277,0.011083807468637564,0.5027034574335738,0.8643780438572312,1849,1660,9,0.0054,0.8978,43.9357,283.8492,0,True,-0.8150149331348957,0.16822737783783703,-0.5544819276702595,2.74
221,19,736000000,19.736000000,-4.824221149330395,4.7884970927488,-2.6888821195878774,0.004120727347916277,0.011083807468637564,0.5027034574335738,0.8643780438572312,2000,0,0,0.0000,0.0000,0.0000,0.0000,1,True,0.0,0.0,0.0,0.00
222,19,768000000,19.768000000,-3.94347622542881,5.047740076032795,-2.2925470913105275,0.004254670838780983,0.011084208302921679,0.5228738091918333,0.8523274123032611,2000,1832,13,0.0071,0.9160,38.2905,272.9128,0,True,0.6547480656109766,-0.6298851558234508,0.4177914085425299,2.69
223,19,804000000,19.804000000,-3.94347622542881,5.047740076032795,-2.2925470913105275,0.004254670838780983,0.011084208302921679,0.5228738091918333,0.8523274123032611,2000,0,0,0.0000,0.0000,0.0000,0.0000,1,True,0.0,0.0,0.0,0.00
224,19,868000000,19.868000000,-4.929541599985911,5.20957138930582,-2.2540022713746137,0.004436836580161702,0.011206807320206135,0.5614130200898501,0.8274479698593998,2000,1877,24,0.0128,0.9385,65.2301,359.0671,0,True,-0.3029465588328707,0.9528695513304427,0.016217294430413382,5.26
225,19,936000000,19.936000000,-4.929541599985911,5.20957138930582,-2.2540022713746137,0.004436836580161702,0.011206807320206135,0.5614130200898501,0.8274479698593998,2000,0,0,0.0000,0.0000,0.0000,0.0000,1,True,0.0,0.0,0.0,0.00
226,19,968000000,19.968000000,-4.929541599985911,5.20957138930582,-2.2540022713746137,0.004436836580161702,0.011206807320206135,0.5614130200898501,0.8274479698593998,2000,1977,2,0.0010,0.9885,31.6277,131.3807,2,True,0.0,0.0,0.0,0.00
227,20,0,20.000000000,-4.929541599985911,5.20957138930582,-2.2540022713746137,0.004436836580161702,0.011206807320206135,0.5614130200898501,0.8274479698593998,1977,1960,1,0.0005,0.9914,31.0185,179.7809,3,True,0.0,0.0,0.0,0.00
228,20,68000000,20.068000000,-5.575805807210876,5.955093048211757,-2.091091158917469,0.004112561318814905,0.010842747232826,0.6021756579154084,0.7982793988861224,1960,1914,27,0.0141,0.9765,59.8645,280.1599,0,True,0.45179686978840033,0.8791515441875997,0.15156566498373564,5.74
229,20,132000000,20.132000000,-5.575805807210876,5.955093048211757,-2.091091158917469,0.004112561318814905,0.010842747232826,0.6021756579154084,0.7982793988861224,2000,0,0,0.0000,0.0000,0.0000,0.0000,1,True,0.0,0.0,0.0,0.00
230,20,164000000,20.164000000,-5.575805807210876,5.955093048211757,-2.091091158917469,0.004112561318814905,0.010842747232826,0.6021756579154084,0.7982793988861224,2000,1987,0,0.0000,0.9935,28.4692,60.2913,2,True,0.0,0.0,0.0,0.00
231,20,200000000,20.200000000,-5.575805807210876,5.955093048211757,-2.091091158917469,0.004112561318814905,0.010842747232826,0.6021756579154084,0.7982793988861224,1987,1976,3,0.0015,0.9945,33.8055,306.2728,3,True,0.0,0.0,0.0,0.00
232,20,232000000,20.232000000,-5.575805807210876,5.955093048211757,-2.091091158917469,0.004112561318814905,0.010842747232826,0.6021756579154084,0.7982793988861224,1976,1947,3,0.0015,0.9853,30.9101,339.9526,4,True,0.0,0.0,0.0,0.00
233,20,296000000,20.296000000,-6.381063716380458,5.3779974270735895,-1.9550016891448774,0.004103248819411847,0.010877745583423575,0.6384851223636497,0.7695463511189068,1947,1905,14,0.0073,0.9784,53.0275,259.1830,0,True,-0.7776286434919545,0.6182324988098844,0.11437775236535058,5.31
234,20,364000000,20.364000000,-6.381063716380458,5.3779974270735895,-1.9550016891448774,0.004103248819411847,0.010877745583423575,0.6384851223636497,0.7695463511189068,2000,0,0,0.0000,0.0000,0.0000,0.0000,1,True,0.0,0.0,0.0,0.00
235,20,396000000,20.396000000,-6.381063716380458,5.3779974270735895,-1.9550016891448774,0.004103248819411847,0.010877745583423575,0.6384851223636497,0.7695463511189068,2000,1993,3,0.0015,0.9965,32.0781,413.7250,2,True,0.0,0.0,0.0,0.00
236,20,428000000,20.428000000,-6.381063716380458,5.3779974270735895,-1.9550016891448774,0.004103248819411847,0.010877745583423575,0.6384851223636497,0.7695463511189068,1993,1984,2,0.0010,0.9955,28.2101,154.6209,3,True,0.0,0.0,0.0,0.00
237,20,464000000,20.464000000,-6.381063716380458,5.3779974270735895,-1.9550016891448774,0.004103248819411847,0.010877745583423575,0.6384851223636497,0.7695463511189068,1984,1972,0,0.0000,0.9940,31.8725,94.7042,4,True,0.0,0.0,0.0,0.00
238,20,496000000,20.496000000,-6.381063716380458,5.3779974270735895,-1.9550016891448774,0.004103248819411847,0.010877745583423575,0.6384851223636497,0.7695463511189068,1972,1953,0,0.0000,0.9904,28.7957,60.5332,5,True,0.0,0.0,0.0,0.00
239,20,596000000,20.596000000,-7.32620417456388,5.097537281257909,-1.787515507882427,0.003993899630890375,0.010955096236826932,0.6913756147570638,0.7224014077723493,1953,1907,46,0.0241,0.9764,70.0368,351.8110,0,True,-0.4518749713510377,0.8802937060161049,0.1445406566158129,8.12
240,21,56000000,21.056000000,-7.32620417456388,5.097537281257909,-1.787515507882427,0.003993899630890375,0.010955096236826932,0.6913756147570638,0.7224014077723493,2000,0,0,0.0000,0.0000,0.0000,0.0000,1,True,0.0,0.0,0.0,0.00
241,21,88000000,21.088000000,-6.967422629829259,6.00959610146602,-1.986071574620332,0.004177323532416204,0.010836119745988321,0.7079142679175832,0.7062028871051635,2000,1973,22,0.0112,0.9865,36.5997,242.9393,0,True,0.9288829698766381,-0.322408460772946,-0.18228881670353847,2.65
242,21,188000000,21.188000000,-6.967422629829259,6.00959610146602,-1.986071574620332,0.004177323532416204,0.010836119745988321,0.7079142679175832,0.7062028871051635,2000,0,0,0.0000,0.0000,0.0000,0.0000,1,True,0.0,0.0,0.0,0.00
243,21,256000000,21.256000000,-7.810281567111209,5.777966344552501,-2.471804492545528,0.005901896803414205,0.01061828552485909,0.7414604864227832,0.6708865527794728,2000,1801,49,0.0272,0.9005,58.7733,302.4613,0,True,-0.22493341401191952,0.832885876513041,-0.5056738830175491,5.59
244,22,244000000,22.244000000,-7.810281567111209,5.777966344552501,-2.471804492545528,0.005901896803414205,0.01061828552485909,0.7414604864227832,0.6708865527794728,2000,0,0,0.0000,0.0000,0.0000,0.0000,1,True,0.0,0.0,0.0,0.00
245,22,276000000,22.276000000,-7.810281567111209,5.777966344552501,-2.471804492545528,0.005901896803414205,0.01061828552485909,0.7414604864227832,0.6708865527794728,2000,1993,2,0.0010,0.9965,30.4238,167.6431,2,True,0.0,0.0,0.0,0.00
246,22,312000000,22.312000000,-8.524455545389085,6.427115730995337,-2.2099636958166013,0.005938428171590328,0.010140186304871887,0.7584404703232772,0.6516363745743169,1993,1975,13,0.0066,0.9910,33.6332,287.3995,0,True,0.715703707060251,0.6519651686018215,0.2504188943155302,2.94
247,22,344000000,22.344000000,-8.524455545389085,6.427115730995337,-2.2099636958166013,0.005938428171590328,0.010140186304871887,0.7584404703232772,0.6516363745743169,2000,0,0,0.0000,0.0000,0.0000,0.0000,1,True,0.0,0.0,0.0,0.00
248,22,376000000,22.376000000,-8.524455545389085,6.427115730995337,-2.2099636958166013,0.005938428171590328,0.010140186304871887,0.7584404703232772,0.6516363745743169,2000,1974,4,0.0020,0.9870,30.8669,287.5436,2,True,0.0,0.0,0.0,0.00
249,22,408000000,22.408000000,-8.524455545389085,6.427115730995337,-2.2099636958166013,0.005938428171590328,0.010140186304871887,0.7584404703232772,0.6516363745743169,1974,1907,6,0.0031,0.9661,30.8698,90.2200,0,True,0.0,0.0,0.0,0.00
250,22,444000000,22.444000000,-8.524455545389085,6.427115730995337,-2.2099636958166013,0.005938428171590328,0.010140186304871887,0.7584404703232772,0.6516363745743169,1907,1832,5,0.0027,0.9607,34.8045,96.9021,0,True,0.0,0.0,0.0,0.00
251,22,508000000,22.508000000,-9.444704278922636,6.214560559617841,-1.8813871179073136,0.006197927119562656,0.009589341642060224,0.787540561312369,0.6161570372186714,1832,1786,55,0.0308,0.9749,47.2612,224.8844,0,True,-0.07285582248608355,0.9491072851639095,0.3064104932580957,5.26
252,22,640000000,22.640000000,-9.444704278922636,6.214560559617841,-1.8813871179073136,0.006197927119562656,0.009589341642060224,0.787540561312369,0.6161570372186714,2000,0,0,0.0000,0.0000,0.0000,0.0000,1,True,0.0,0.0,0.0,0.00
253,22,672000000,22.672000000,-9.444704278922636,6.214560559617841,-1.8813871179073136,0.006197927119562656,0.009589341642060224,0.787540561312369,0.6161570372186714,2000,1963,1,0.0005,0.9815,31.7409,247.0236,2,True,0.0,0.0,0.0,0.00
254,22,708000000,22.708000000,-9.444704278922636,6.214560559617841,-1.8813871179073136,0.006197927119562656,0.009589341642060224,0.787540561312369,0.6161570372186714,1963,1901,5,0.0026,0.9684,35.3136,98.3893,0,True,0.0,0.0,0.0,0.00
255,22,772000000,22.772000000,-10.386203424698214,6.399108070562779,-1.5993914181034325,0.006523412548983006,0.009424194947248426,0.8148516358474754,0.5795562450660033,1901,1783,57,0.0320,0.9379,49.0214,188.8652,0,True,0.4050928065645918,0.875636734673032,0.26298313056310746,5.23
256,23,136000000,23.136000000,-10.386203424698214,6.399108070562779,-1.5993914181034325,0.006523412548983006,0.009424194947248426,0.8148516358474754,0.5795562450660033,2000,0,0,0.0000,0.0000,0.0000,0.0000,1,True,0.0,0.0,0.0,0.00
257,23,168000000,23.168000000,-10.161694114610139,5.451908015096393,-1.828318534470733,0.00667638516152667,0.009142617429478033,0.8278620429685182,0.560817507073116,2000,1928,12,0.0062,0.9640,31.5557,85.8799,0,True,-0.968355805516984,0.09346087873954012,-0.23141326251273106,2.61
258,23,200000000,23.200000000,-10.161694114610139,5.451908015096393,-1.828318534470733,0.00667638516152667,0.009142617429478033,0.8278620429685182,0.560817507073116,2000,0,0,0.0000,0.0000,0.0000,0.0000,1,True,0.0,0.0,0.0,0.00
259,23,236000000,23.236000000,-10.548731944756252,4.554800391178034,-1.6152466472041518,0.006633469692574286,0.009337305572791589,0.8416190855232859,0.5399501149989933,2000,1904,31,0.0163,0.9520,34.3047,113.9230,0,True,-0.6894126265998254,0.6968089736767061,0.1979077676301385,2.86
260,23,300000000,23.300000000,-10.548731944756252,4.554800391178034,-1.6152466472041518,0.006633469692574286,0.009337305572791589,0.8416190855232859,0.5399501149989933,2000,0,0,0.0000,0.0000,0.0000,0.0000,1,True,0.0,0.0,0.0,0.00
261,23,368000000,23.368000000,-11.371832037189698,3.9879809231080197,-1.6502027404194677,0.007218742094419346,0.0090902382956003,0.8661414849601781,0.4996640725140053,2000,1966,68,0.0346,0.9830,45.7707,230.6104,0,True,-0.1721858578280613,0.9833973903008055,-0.057285278332045095,5.41
262,24,192000000,24.192000000,-11.371832037189698,3.9879809231080197,-1.6502027404194677,0.007218742094419346,0.0090902382956003,0.8661414849601781,0.4996640725140053,2000,0,0,0.0000,0.0000,0.0000,0.0000,1,True,0.0,0.0,0.0,0.00
263,24,224000000,24.224000000,-10.968872725003315,3.108795431761771,-1.9044794883311242,0.007407496567780484,0.009278276954299235,0.877229407068952,0.4799245877685498,2000,1904,9,0.0047,0.9520,40.0339,359.1076,0,True,-0.9636809163704543,0.0854671453496579,-0.2530107872980558,2.59
264,24,292000000,24.292000000,-10.968872725003315,3.108795431761771,-1.9044794883311242,0.007407496567780484,0.009278276954299235,0.877229407068952,0.4799245877685498,2000,0,0,0.0000,0.0000,0.0000,0.0000,1,True,0.0,0.0,0.0,0.00
265,24,356000000,24.356000000,-11.718609508155913,3.7453830432906585,-1.7237836974672054,0.007773395252172163,0.008835754059195122,0.8984338636645584,0.4389511321288882,2000,1950,19,0.0097,0.9750,58.5014,203.4355,0,True,0.9411227775865946,0.292176844017135,0.1700606048674417,5.29
266,24,388000000,24.388000000,-11.718609508155913,3.7453830432906585,-1.7237836974672054,0.007773395252172163,0.008835754059195122,0.8984338636645584,0.4389511321288882,2000,0,0,0.0000,0.0000,0.0000,0.0000,1,True,0.0,0.0,0.0,0.00
267,24,424000000,24.424000000,-11.718609508155913,3.7453830432906585,-1.7237836974672054,0.007773395252172163,0.008835754059195122,0.8984338636645584,0.4389511321288882,2000,1988,4,0.0020,0.9940,34.9765,193.7458,2,True,0.0,0.0,0.0,0.00
268,24,488000000,24.488000000,-12.581465583202188,3.2981470085409805,-1.488285665676874,0.007912524156422768,0.007745137712197394,0.9178077674251672,0.39687064247349313,1988,1937,19,0.0098,0.9743,56.2033,372.0856,0,True,0.17889440584648222,0.9606151490877689,0.21263895903600938,5.31
269,24,556000000,24.556000000,-12.581465583202188,3.2981470085409805,-1.488285665676874,0.007912524156422768,0.007745137712197394,0.9178077674251672,0.39687064247349313,2000,0,0,0.0000,0.0000,0.0000,0.0000,1,True,0.0,0.0,0.0,0.00
270,24,588000000,24.588000000,-12.581465583202188,3.2981470085409805,-1.488285665676874,0.007912524156422768,0.007745137712197394,0.9178077674251672,0.39687064247349313,2000,1990,2,0.0010,0.9950,28.9699,597.4413,2,True,0.0,0.0,0.0,0.00
271,24,620000000,24.620000000,-12.581465583202188,3.2981470085409805,-1.488285665676874,0.007912524156422768,0.007745137712197394,0.9178077674251672,0.39687064247349313,1990,1976,2,0.0010,0.9930,27.7473,165.5886,3,True,0.0,0.0,0.0,0.00
272,24,652000000,24.652000000,-12.581465583202188,3.2981470085409805,-1.488285665676874,0.007912524156422768,0.007745137712197394,0.9178077674251672,0.39687064247349313,1976,1960,1,0.0005,0.9919,27.3621,55.8757,4,True,0.0,0.0,0.0,0.00
273,24,688000000,24.688000000,-12.581465583202188,3.2981470085409805,-1.488285665676874,0.007912524156422768,0.007745137712197394,0.9178077674251672,0.39687064247349313,1960,1945,0,0.0000,0.9923,30.6711,63.1270,5,True,0.0,0.0,0.0,0.00
274,24,720000000,24.720000000,-12.581465583202188,3.2981470085409805,-1.488285665676874,0.007912524156422768,0.007745137712197394,0.9178077674251672,0.39687064247349313,1945,1927,3,0.0016,0.9907,31.5494,342.1592,6,True,0.0,0.0,0.0,0.00
275,24,752000000,24.752000000,-12.581465583202188,3.2981470085409805,-1.488285665676874,0.007912524156422768,0.007745137712197394,0.9178077674251672,0.39687064247349313,1927,1907,3,0.0016,0.9896,29.6101,212.9793,7,True,0.0,0.0,0.0,0.00
276,24,820000000,24.820000000,-13.501020018536515,3.6752199375425234,-1.3776708083060831,0.008121206997816422,0.007107104509883316,0.9361757166101325,0.35136670686319876,1907,1880,19,0.0101,0.9858,55.3139,282.6418,0,True,0.9054392037905117,0.413806838641069,0.09457139384131098,5.62
277,24,884000000,24.884000000,-13.501020018536515,3.6752199375425234,-1.3776708083060831,0.008121206997816422,0.007107104509883316,0.9361757166101325,0.35136670686319876,2000,0,0,0.0000,0.0000,0.0000,0.0000,1,True,0.0,0.0,0.0,0.00
278,24,916000000,24.916000000,-13.501020018536515,3.6752199375425234,-1.3776708083060831,0.008121206997816422,0.007107104509883316,0.9361757166101325,0.35136670686319876,2000,1986,4,0.0020,0.9930,30.8778,320.9484,2,True,0.0,0.0,0.0,0.00
279,24,952000000,24.952000000,-13.501020018536515,3.6752199375425234,-1.3776708083060831,0.008121206997816422,0.007107104509883316,0.9361757166101325,0.35136670686319876,1986,1969,1,0.0005,0.9914,32.3339,147.7321,3,True,0.0,0.0,0.0,0.00
280,24,984000000,24.984000000,-13.501020018536515,3.6752199375425234,-1.3776708083060831,0.008121206997816422,0.007107104509883316,0.9361757166101325,0.35136670686319876,1969,1954,0,0.0000,0.9924,29.1806,143.2479,4,True,0.0,0.0,0.0,0.00
281,25,16000000,25.016000000,-13.501020018536515,3.6752199375425234,-1.3776708083060831,0.008121206997816422,0.007107104509883316,0.9361757166101325,0.35136670686319876,1954,1927,2,0.0010,0.9862,29.6560,57.3543,5,True,0.0,0.0,0.0,0.00
282,25,84000000,25.084000000,-14.245934639584846,3.0688408650757544,-1.09945034208772,0.007999947868699413,0.006775060388996396,0.9521081037070637,0.30558183559590557,1927,1853,32,0.0173,0.9616,59.2222,467.4579,0,True,0.16472934227431088,0.9518624312245676,0.2584998178280367,5.56
283,25,180000000,25.180000000,-14.245934639584846,3.0688408650757544,-1.09945034208772,0.007999947868699413,0.006775060388996396,0.9521081037070637,0.30558183559590557,2000,0,0,0.0000,0.0000,0.0000,0.0000,1,True,0.0,0.0,0.0,0.00
284,25,248000000,25.248000000,-13.639869703664626,2.4800939016616885,-1.634298270492359,0.008209974156103434,0.005538797266600626,0.9660824953133589,0.2580436596746946,2000,1955,28,0.0143,0.9775,61.3665,269.1830,0,True,-0.8413834842039878,0.1166232565941317,-0.5277052667257898,5.68
285,25,312000000,25.312000000,-13.639869703664626,2.4800939016616885,-1.634298270492359,0.008209974156103434,0.005538797266600626,0.9660824953133589,0.2580436596746946,2000,0,0,0.0000,0.0000,0.0000,0.0000,1,True,0.0,0.0,0.0,0.00
286,25,380000000,25.380000000,-14.124857774935577,1.6214842942403513,-1.4682377009140932,0.00851353670879886,0.005522376076045256,0.9776121579734168,0.2101701492546979,2000,1824,27,0.0148,0.9120,62.2850,292.1764,0,True,-0.005671293730393385,0.9884566878651864,0.15139753182271254,5.64
287,25,612000000,25.612000000,-14.124857774935577,1.6214842942403513,-1.4682377009140932,0.00851353670879886,0.005522376076045256,0.9776121579734168,0.2101701492546979,2000,0,0,0.0000,0.0000,0.0000,0.0000,1,True,0.0,0.0,0.0,0.00
288,25,644000000,25.644000000,-14.573048133990664,0.9654326565808397,-2.0754622481569927,0.009549901602328027,0.005057719341090483,0.9819902545778215,0.1886222647744377,2000,1956,41,0.0210,0.9780,36.6502,116.3970,0,True,0.13017982117425825,0.7734571887439502,-0.6203363533917254,2.52
289,25,744000000,25.744000000,-14.573048133990664,0.9654326565808397,-2.0754622481569927,0.009549901602328027,0.005057719341090483,0.9819902545778215,0.1886222647744377,2000,0,0,0.0000,0.0000,0.0000,0.0000,1,True,0.0,0.0,0.0,0.00
290,25,776000000,25.776000000,-14.573048133990664,0.9654326565808397,-2.0754622481569927,0.009549901602328027,0.005057719341090483,0.9819902545778215,0.1886222647744377,2000,1999,2,0.0010,0.9995,37.8348,185.9227,2,True,0.0,0.0,0.0,0.00
291,25,808000000,25.808000000,-14.573048133990664,0.9654326565808397,-2.0754622481569927,0.009549901602328027,0.005057719341090483,0.9819902545778215,0.1886222647744377,1999,1991,0,0.0000,0.9960,34.5130,115.7978,3,True,0.0,0.0,0.0,0.00
292,25,840000000,25.840000000,-14.573048133990664,0.9654326565808397,-2.0754622481569927,0.009549901602328027,0.005057719341090483,0.9819902545778215,0.1886222647744377,1991,1990,2,0.0010,0.9995,32.6734,57.3044,4,True,0.0,0.0,0.0,0.00
293,25,876000000,25.876000000,-14.573048133990664,0.9654326565808397,-2.0754622481569927,0.009549901602328027,0.005057719341090483,0.9819902545778215,0.1886222647744377,1990,1986,3,0.0015,0.9980,35.3299,125.3459,5,True,0.0,0.0,0.0,0.00
294,25,940000000,25.940000000,-15.493728586283105,1.0891415201418213,-1.705268215461928,0.00942302192512652,0.003705723371299904,0.9896624424644467,0.14305846443814363,1986,1974,27,0.0137,0.9940,56.2270,171.2709,0,True,0.9070768387605256,0.23108864569083903,0.35186594949921685,5.30
295,26,8000000,26.008000000,-15.493728586283105,1.0891415201418213,-1.705268215461928,0.00942302192512652,0.003705723371299904,0.9896624424644467,0.14305846443814363,2000,0,0,0.0000,0.0000,0.0000,0.0000,1,True,0.0,0.0,0.0,0.00
296,26,40000000,26.040000000,-16.06896204450278,1.9046374372837196,-1.6414491143281527,0.009559083084538598,0.0036019806184092494,0.9926636537667286,0.12047622237062285,2000,1982,9,0.0045,0.9910,32.9938,85.6339,0,True,0.7836809113561971,-0.6186114662383994,0.056250182349020066,2.61
297,26,104000000,26.104000000,-16.06896204450278,1.9046374372837196,-1.6414491143281527,0.009559083084538598,0.0036019806184092494,0.9926636537667286,0.12047622237062285,2000,0,0,0.0000,0.0000,0.0000,0.0000,1,True,0.0,0.0,0.0,0.00
298,26,140000000,26.140000000,-17.049550591405193,2.0947973866847693,-1.6892538769319025,0.0096434025147362,0.003353489071258854,0.9954335275847775,0.09490969949964792,2000,1990,8,0.0040,0.9950,35.3918,118.4408,0,True,0.9965745053961241,0.04938746510590722,-0.06633350197964218,2.95
299,26,172000000,26.172000000,-17.049550591405193,2.0947973866847693,-1.6892538769319025,0.0096434025147362,0.003353489071258854,0.9954335275847775,0.09490969949964792,2000,0,0,0.0000,0.0000,0.0000,0.0000,1,True,0.0,0.0,0.0,0.00
300,26,204000000,26.204000000,-17.049550591405193,2.0947973866847693,-1.6892538769319025,0.0096434025147362,0.003353489071258854,0.9954335275847775,0.09490969949964792,2000,2000,5,0.0025,1.0000,30.9849,103.3085,0,True,0.0,0.0,0.0,0.00
301,26,272000000,26.272000000,-17.45588183962772,1.181072090086976,-1.6882543394419904,0.009641392686116981,0.002462669817157548,0.9988555552131967,0.04678203313431764,2000,1975,63,0.0319,0.9875,48.9190,231.2972,0,True,0.22624402240527453,0.9740029080767887,-0.011488141008899066,5.53
302,26,732000000,26.732000000,-17.45588183962772,1.181072090086976,-1.6882543394419904,0.009641392686116981,0.002462669817157548,0.9988555552131967,0.04678203313431764,2000,0,0,0.0000,0.0000,0.0000,0.0000,1,True,0.0,0.0,0.0,0.00
303,26,764000000,26.764000000,-17.45588183962772,1.181072090086976,-1.6882543394419904,0.009641392686116981,0.002462669817157548,0.9988555552131967,0.04678203313431764,2000,1986,0,0.0000,0.9930,30.0866,156.0529,2,True,0.0,0.0,0.0,0.00
304,26,800000000,26.800000000,-18.268085110864945,0.676187287497742,-1.395992158676187,0.009615350595092513,0.001809102602501973,0.9997327612267146,0.020944648736984404,1986,1951,11,0.0056,0.9824,34.2155,255.5318,0,True,0.7668500120185778,0.5802377295310723,0.27434510437719356,2.96
305,26,864000000,26.864000000,-18.268085110864945,0.676187287497742,-1.395992158676187,0.009615350595092513,0.001809102602501973,0.9997327612267146,0.020944648736984404,2000,0,0,0.0000,0.0000,0.0000,0.0000,1,True,0.0,0.0,0.0,0.00
306,26,932000000,26.932000000,-17.82690529565444,-0.2026830591542137,-1.2144782902619728,0.00996398773154802,-1.904010118156863e-05,0.9995602537316096,-0.027928797789383054,2000,1954,58,0.0297,0.9770,46.0630,245.2973,0,True,-0.47407121310710265,0.8603627752559377,0.1871693881409589,5.61
307,27,260000000,27.260000000,-17.82690529565444,-0.2026830591542137,-1.2144782902619728,0.00996398773154802,-1.904010118156863e-05,0.9995602537316096,-0.027928797789383054,2000,0,0,0.0000,0.0000,0.0000,0.0000,1,True,0.0,0.0,0.0,0.00
308,27,292000000,27.292000000,-17.82690529565444,-0.2026830591542137,-1.2144782902619728,0.00996398773154802,-1.904010118156863e-05,0.9995602537316096,-0.027928797789383054,2000,1976,3,0.0015,0.9880,31.3501,105.7148,2,True,0.0,0.0,0.0,0.00
309,27,328000000,27.328000000,-16.967998072767656,0.2205958891600852,-1.5027720889931522,0.010012615722966198,-0.00031373493824254586,0.9985147871757701,-0.05355248722607735,1976,1929,10,0.0052,0.9762,35.0275,193.0489,0,True,-0.8867721373003475,-0.3744921213857533,-0.2709074150475984,2.94
310,27,392000000,27.392000000,-16.967998072767656,0.2205958891600852,-1.5027720889931522,0.010012615722966198,-0.00031373493824254586,0.9985147871757701,-0.05355248722607735,2000,0,0,0.0000,0.0000,0.0000,0.0000,1,True,0.0,0.0,0.0,0.00
311,27,424000000,27.424000000,-16.967998072767656,0.2205958891600852,-1.5027720889931522,0.010012615722966198,-0.00031373493824254586,0.9985147871757701,-0.05355248722607735,2000,1966,1,0.0005,0.9830,32.4683,108.0380,2,True,0.0,0.0,0.0,0.00
312,27,460000000,27.460000000,-16.454597216039957,-0.58965096840466,-1.2200715581876391,0.010257582371060892,-0.0005799157132684782,0.9967650887004254,-0.07971074990049735,1966,1865,13,0.0070,0.9486,36.5779,126.1060,0,True,-0.41805227803895095,0.8600219352012968,0.2925654863429044,3.00
313,27,524000000,27.524000000,-16.454597216039957,-0.58965096840466,-1.2200715581876391,0.010257582371060892,-0.0005799157132684782,0.9967650887004254,-0.07971074990049735,2000,0,0,0.0000,0.0000,0.0000,0.0000,1,True,0.0,0.0,0.0,0.00
314,27,556000000,27.556000000,-15.495908641670837,-0.7119722749956956,-1.4768861125414843,0.010326677747180442,-0.0009051191947395025,0.994702492913056,-0.10227165334784073,2000,1904,15,0.0079,0.9520,35.2354,192.1356,0,True,-0.9320929819930771,0.27381342998683955,-0.2371262922539283,2.60
315,27,624000000,27.624000000,-15.495908641670837,-0.7119722749956956,-1.4768861125414843,0.010326677747180442,-0.0009051191947395025,0.994702492913056,-0.10227165334784073,2000,0,0,0.0000,0.0000,0.0000,0.0000,1,True,0.0,0.0,0.0,0.00
316,27,688000000,27.688000000,-14.956439400707863,-1.5539248784003348,-1.4674653018024821,0.010055046066777805,-0.0008938605674116806,0.9892281060270839,-0.146033733458915,2000,1956,76,0.0389,0.9780,38.4429,264.6094,0,True,-0.3565580441924358,0.9340517549153345,0.02033913128058518,5.05
317,28,480000000,28.480000000,-14.956439400707863,-1.5539248784003348,-1.4674653018024821,0.010055046066777805,-0.0008938605674116806,0.9892281060270839,-0.146033733458915,2000,0,0,0.0000,0.0000,0.0000,0.0000,1,True,0.0,0.0,0.0,0.00
318,28,548000000,28.548000000,-14.30226608708636,-2.300735853883482,-1.3477546396066205,0.009523898923227605,-0.0011975400648765486,0.9811370299475551,-0.19307508827599557,2000,1943,47,0.0242,0.9715,58.6328,236.0957,0,True,-0.4080061638020905,0.9033866338190699,0.13199833384005874,5.47
319,28,912000000,28.912000000,-14.30226608708636,-2.300735853883482,-1.3477546396066205,0.009523898923227605,-0.0011975400648765486,0.9811370299475551,-0.19307508827599557,2000,0,0,0.0000,0.0000,0.0000,0.0000,1,True,0.0,0.0,0.0,0.00
320,28,944000000,28.944000000,-14.30226608708636,-2.300735853883482,-1.3477546396066205,0.009523898923227605,-0.0011975400648765486,0.9811370299475551,-0.19307508827599557,2000,1988,0,0.0000,0.9940,30.5814,263.2217,2,True,0.0,0.0,0.0,0.00
321,28,976000000,28.976000000,-14.30226608708636,-2.300735853883482,-1.3477546396066205,0.009523898923227605,-0.0011975400648765486,0.9811370299475551,-0.19307508827599557,1988,1973,2,0.0010,0.9925,28.5916,89.0313,3,True,0.0,0.0,0.0,0.00
322,29,8000000,29.008000000,-14.30226608708636,-2.300735853883482,-1.3477546396066205,0.009523898923227605,-0.0011975400648765486,0.9811370299475551,-0.19307508827599557,1973,1955,0,0.0000,0.9909,28.2579,159.2753,4,True,0.0,0.0,0.0,0.00
323,29,76000000,29.076000000,-14.990295789341998,-3.012175398398494,-1.2046850645241043,0.009556264178402584,-0.0015986507233018222,0.9704860923961474,-0.24096237589398486,1955,1914,29,0.0152,0.9790,57.4423,461.3054,0,True,0.9087724065759438,0.3968775417241299,0.12892218552746862,5.62
324,29,140000000,29.140000000,-14.990295789341998,-3.012175398398494,-1.2046850645241043,0.009556264178402584,-0.0015986507233018222,0.9704860923961474,-0.24096237589398486,2000,0,0,0.0000,0.0000,0.0000,0.0000,1,True,0.0,0.0,0.0,0.00
325,29,176000000,29.176000000,-14.990295789341998,-3.012175398398494,-1.2046850645241043,0.009556264178402584,-0.0015986507233018222,0.9704860923961474,-0.24096237589398486,2000,1989,1,0.0005,0.9945,30.7259,67.3952,2,True,0.0,0.0,0.0,0.00
326,29,208000000,29.208000000,-14.990295789341998,-3.012175398398494,-1.2046850645241043,0.009556264178402584,-0.0015986507233018222,0.9704860923961474,-0.24096237589398486,1989,1981,0,0.0000,0.9960,27.3174,55.3386,3,True,0.0,0.0,0.0,0.00
327,29,272000000,29.272000000,-14.003762775669298,-2.8547435827913485,-1.249045366241924,0.009651477949138855,-0.002441023364169947,0.9583969863663507,-0.2852649766484305,1981,1955,16,0.0082,0.9869,51.9169,166.2667,0,True,-0.9462154676704468,0.32256541805831934,-0.025056731910995406,5.26
328,29,340000000,29.340000000,-14.003762775669298,-2.8547435827913485,-1.249045366241924,0.009651477949138855,-0.002441023364169947,0.9583969863663507,-0.2852649766484305,2000,0,0,0.0000,0.0000,0.0000,0.0000,1,True,0.0,0.0,0.0,0.00
329,29,372000000,29.372000000,-14.003762775669298,-2.8547435827913485,-1.249045366241924,0.009651477949138855,-0.002441023364169947,0.9583969863663507,-0.2852649766484305,2000,1992,0,0.0000,0.9960,28.2314,60.2390,2,True,0.0,0.0,0.0,0.00
330,29,404000000,29.404000000,-14.003762775669298,-2.8547435827913485,-1.249045366241924,0.009651477949138855,-0.002441023364169947,0.9583969863663507,-0.2852649766484305,1992,1977,3,0.0015,0.9925,33.0979,393.4772,3,True,0.0,0.0,0.0,0.00
331,29,440000000,29.440000000,-14.003762775669298,-2.8547435827913485,-1.249045366241924,0.009651477949138855,-0.002441023364169947,0.9583969863663507,-0.2852649766484305,1977,1945,5,0.0026,0.9838,33.5182,195.4312,0,True,0.0,0.0,0.0,0.00
332,29,472000000,29.472000000,-14.597752466552661,-3.6481884100381277,-1.381791564830111,0.009396531411444692,-0.0029272481477834117,0.9515988079683189,-0.3071853594964929,1945,1924,8,0.0042,0.9892,30.3972,163.7460,0,True,0.92882338031804,0.3408904196155571,-0.1451924584436081,2.63
333,29,504000000,29.504000000,-14.597752466552661,-3.6481884100381277,-1.381791564830111,0.009396531411444692,-0.0029272481477834117,0.9515988079683189,-0.3071853594964929,2000,0,0,0.0000,0.0000,0.0000,0.0000,1,True,0.0,0.0,0.0,0.00
334,29,572000000,29.572000000,-13.92406642780356,-4.367362422487643,-1.2116861239653172,0.008941232730327927,-0.003100470520100577,0.9359060886014506,-0.35212247124906654,2000,1927,29,0.0150,0.9635,59.9350,364.5149,0,True,-0.12319559527690502,0.9753283868455512,0.18318674383705846,5.46
335,29,736000000,29.736000000,-13.92406642780356,-4.367362422487643,-1.2116861239653172,0.008941232730327927,-0.003100470520100577,0.9359060886014506,-0.35212247124906654,2000,0,0,0.0000,0.0000,0.0000,0.0000,1,True,0.0,0.0,0.0,0.00
336,29,800000000,29.800000000,-14.17954826863988,-5.3341352287209745,-1.2205951155251389,0.008805887619266633,-0.0038045337965632643,0.9186623202105216,-0.3949272379708047,2000,1842,14,0.0076,0.9210,60.4188,286.0164,0,True,0.8292172847941041,0.5587455086133608,-0.014217988714669727,5.29
337,29,932000000,29.932000000,-14.17954826863988,-5.3341352287209745,-1.2205951155251389,0.008805887619266633,-0.0038045337965632643,0.9186623202105216,-0.3949272379708047,2000,0,0,0.0000,0.0000,0.0000,0.0000,1,True,0.0,0.0,0.0,0.00
338,30,0,30.000000000,-14.349770144298294,-6.30445028823556,-1.0488010576344862,0.008674824766207711,-0.004256874123843523,0.8978883779992969,-0.44011712883249765,2000,1880,51,0.0271,0.9400,53.7401,360.7817,0,True,0.8234954498062187,0.5417127246567098,0.1685306147068159,5.70
339,31,120000000,31.120000000,-14.349770144298294,-6.30445028823556,-1.0488010576344862,0.008674824766207711,-0.004256874123843523,0.8978883779992969,-0.44011712883249765,2000,0,0,0.0000,0.0000,0.0000,0.0000,1,True,0.0,0.0,0.0,0.00
340,31,156000000,31.156000000,-13.56145539944617,-6.917236161529142,-0.9935440531866059,0.008619233404878333,-0.00448220756484688,0.886663469111973,-0.46231321760596367,2000,1989,12,0.0060,0.9945,32.3185,105.1829,0,True,0.0022175110187025713,0.9975102924635024,0.07048616228920304,2.85
341,31,252000000,31.252000000,-13.56145539944617,-6.917236161529142,-0.9935440531866059,0.008619233404878333,-0.00448220756484688,0.886663469111973,-0.46231321760596367,2000,0,0,0.0000,0.0000,0.0000,0.0000,1,True,0.0,0.0,0.0,0.00
342,31,288000000,31.288000000,-13.56145539944617,-6.917236161529142,-0.9935440531866059,0.008619233404878333,-0.00448220756484688,0.886663469111973,-0.46231321760596367,2000,1980,6,0.0030,0.9900,34.0168,92.5483,0,True,0.0,0.0,0.0,0.00
343,31,352000000,31.352000000,-12.778761460701258,-7.456050528289848,-0.6819846263925604,0.009045323450293788,-0.005495591012805812,0.864966493957075,-0.501717993433268,1980,1883,71,0.0377,0.9510,46.0627,199.8538,0,True,-0.0027517631503572388,0.9451253831014891,0.32669624732590336,5.16
344,31,584000000,31.584000000,-12.778761460701258,-7.456050528289848,-0.6819846263925604,0.009045323450293788,-0.005495591012805812,0.864966493957075,-0.501717993433268,2000,0,0,0.0000,0.0000,0.0000,0.0000,1,True,0.0,0.0,0.0,0.00
345,31,616000000,31.616000000,-12.778761460701258,-7.456050528289848,-0.6819846263925604,0.009045323450293788,-0.005495591012805812,0.864966493957075,-0.501717993433268,2000,1949,2,0.0010,0.9745,31.3426,163.8245,2,True,0.0,0.0,0.0,0.00
346,31,684000000,31.684000000,-12.007879794680733,-8.084923651709696,-0.5806927134202956,0.009401272165245854,-0.006211020726866207,0.8397980948939122,-0.5427819075059163,1949,1872,63,0.0337,0.9605,48.3771,227.5492,0,True,0.16425074686962185,0.9793529574734159,0.11785362464024994,5.52
347,32,376000000,32.376000000,-12.007879794680733,-8.084923651709696,-0.5806927134202956,0.009401272165245854,-0.006211020726866207,0.8397980948939122,-0.5427819075059163,2000,0,0,0.0000,0.0000,0.0000,0.0000,1,True,0.0,0.0,0.0,0.00
348,32,408000000,32.408000000,-12.007879794680733,-8.084923651709696,-0.5806927134202956,0.009401272165245854,-0.006211020726866207,0.8397980948939122,-0.5427819075059163,2000,1999,0,0.0000,0.9995,11.5332,22.6699,2,True,0.0,0.0,0.0,0.00
349,32,440000000,32.440000000,-12.007879794680733,-8.084923651709696,-0.5806927134202956,0.009401272165245854,-0.006211020726866207,0.8397980948939122,-0.5427819075059163,1999,1999,0,0.0000,1.0000,12.7227,22.4078,3,True,0.0,0.0,0.0,0.00
350,32,476000000,32.476000000,-12.007879794680733,-8.084923651709696,-0.5806927134202956,0.009401272165245854,-0.006211020726866207,0.8397980948939122,-0.5427819075059163,1999,1999,0,0.0000,1.0000,15.4397,26.4853,4,True,0.0,0.0,0.0,0.00
351,32,508000000,32.508000000,-12.007879794680733,-8.084923651709696,-0.5806927134202956,0.009401272165245854,-0.006211020726866207,0.8397980948939122,-0.5427819075059163,1999,1995,0,0.0000,0.9980,14.4827,24.1333,5,True,0.0,0.0,0.0,0.00
352,32,572000000,32.572000000,-12.007879794680733,-8.084923651709696,-0.5806927134202956,0.009401272165245854,-0.006211020726866207,0.8397980948939122,-0.5427819075059163,1995,1992,5,0.0025,0.9985,32.1180,212.9127,0,True,0.0,0.0,0.0,0.00
353,32,640000000,32.640000000,-12.007879794680733,-8.084923651709696,-0.5806927134202956,0.009401272165245854,-0.006211020726866207,0.8397980948939122,-0.5427819075059163,1992,1939,2,0.0010,0.9734,33.9346,200.8345,1,True,0.0,0.0,0.0,0.00
354,32,704000000,32.704000000,-12.007879794680733,-8.084923651709696,-0.5806927134202956,0.009401272165245854,-0.006211020726866207,0.8397980948939122,-0.5427819075059163,1939,1932,0,0.0000,0.9964,30.2170,158.7583,2,True,0.0,0.0,0.0,0.00
355,32,740000000,32.740000000,-12.007879794680733,-8.084923651709696,-0.5806927134202956,0.009401272165245854,-0.006211020726866207,0.8397980948939122,-0.5427819075059163,1932,1923,3,0.0016,0.9953,16.4130,65.9814,3,True,0.0,0.0,0.0,0.00
356,32,804000000,32.804000000,-12.007879794680733,-8.084923651709696,-0.5806927134202956,0.009401272165245854,-0.006211020726866207,0.8397980948939122,-0.5427819075059163,1923,1916,0,0.0000,0.9964,26.8211,114.6388,4,True,0.0,0.0,0.0,0.00
357,32,836000000,32.836000000,-12.007879794680733,-8.084923651709696,-0.5806927134202956,0.009401272165245854,-0.006211020726866207,0.8397980948939122,-0.5427819075059163,1916,1900,3,0.0016,0.9916,12.2919,32.9893,5,True,0.0,0.0,0.0,0.00
358,32,872000000,32.872000000,-12.007879794680733,-8.084923651709696,-0.5806927134202956,0.009401272165245854,-0.006211020726866207,0.8397980948939122,-0.5427819075059163,1900,1894,0,0.0000,0.9968,12.8015,29.5732,6,True,0.0,0.0,0.0,0.00
359,32,904000000,32.904000000,-12.007879794680733,-8.084923651709696,-0.5806927134202956,0.009401272165245854,-0.006211020726866207,0.8397980948939122,-0.5427819075059163,1894,1885,1,0.0005,0.9952,10.4348,28.9638,7,True,0.0,0.0,0.0,0.00
360,32,936000000,32.936000000,-12.007879794680733,-8.084923651709696,-0.5806927134202956,0.009401272165245854,-0.006211020726866207,0.8397980948939122,-0.5427819075059163,1885,1881,1,0.0005,0.9979,9.7020,40.9474,8,True,0.0,0.0,0.0,0.00
361,32,968000000,32.968000000,-12.007879794680733,-8.084923651709696,-0.5806927134202956,0.009401272165245854,-0.006211020726866207,0.8397980948939122,-0.5427819075059163,1881,1856,3,0.0016,0.9867,8.5892,27.7066,9,True,0.0,0.0,0.0,0.00
362,33,4000000,33.004000000,-12.007879794680733,-8.084923651709696,-0.5806927134202956,0.009401272165245854,-0.006211020726866207,0.8397980948939122,-0.5427819075059163,1856,1846,0,0.0000,0.9946,8.4150,25.2146,10,True,0.0,0.0,0.0,0.00
363,33,68000000,33.068000000,-12.007879794680733,-8.084923651709696,-0.5806927134202956,0.009401272165245854,-0.006211020726866207,0.8397980948939122,-0.5427819075059163,1846,1830,2,0.0011,0.9913,12.3904,97.3653,11,True,0.0,0.0,0.0,0.00
364,33,136000000,33.136000000,-12.007879794680733,-8.084923651709696,-0.5806927134202956,0.009401272165245854,-0.006211020726866207,0.8397980948939122,-0.5427819075059163,1830,1814,2,0.0011,0.9913,9.1189,82.6834,12,True,0.0,0.0,0.0,0.00
365,33,200000000,33.200000000,-12.007879794680733,-8.084923651709696,-0.5806927134202956,0.009401272165245854,-0.006211020726866207,0.8397980948939122,-0.5427819075059163,1814,1804,2,0.0011,0.9945,4.7361,48.2030,13,True,0.0,0.0,0.0,0.00
366,33,232000000,33.232000000,-12.007879794680733,-8.084923651709696,-0.5806927134202956,0.009401272165245854,-0.006211020726866207,0.8397980948939122,-0.5427819075059163,1804,1796,5,0.0028,0.9956,1.4498,35.3254,0,True,0.0,0.0,0.0,0.00
367,33,268000000,33.268000000,-12.007879794680733,-8.084923651709696,-0.5806927134202956,0.009401272165245854,-0.006211020726866207,0.8397980948939122,-0.5427819075059163,1796,1796,0,0.0000,1.0000,1.1260,2.2406,1,True,0.0,0.0,0.0,0.00
368,33,300000000,33.300000000,-12.007879794680733,-8.084923651709696,-0.5806927134202956,0.009401272165245854,-0.006211020726866207,0.8397980948939122,-0.5427819075059163,1796,1796,0,0.0000,1.0000,1.2845,3.0125,2,True,0.0,0.0,0.0,0.00
369,33,332000000,33.332000000,-12.007879794680733,-8.084923651709696,-0.5806927134202956,0.009401272165245854,-0.006211020726866207,0.8397980948939122,-0.5427819075059163,1796,1796,1,0.0006,1.0000,2.3348,99.1825,3,True,0.0,0.0,0.0,0.00
370,33,364000000,33.364000000,-12.007879794680733,-8.084923651709696,-0.5806927134202956,0.009401272165245854,-0.006211020726866207,0.8397980948939122,-0.5427819075059163,1796,1786,3,0.0017,0.9944,3.3529,128.2758,4,True,0.0,0.0,0.0,0.00
371,33,400000000,33.400000000,-12.007879794680733,-8.084923651709696,-0.5806927134202956,0.009401272165245854,-0.006211020726866207,0.8397980948939122,-0.5427819075059163,1786,1784,0,0.0000,0.9989,3.1274,21.2228,5,True,0.0,0.0,0.0,0.00
372,33,464000000,33.464000000,-12.007879794680733,-8.084923651709696,-0.5806927134202956,0.009401272165245854,-0.006211020726866207,0.8397980948939122,-0.5427819075059163,1784,1784,0,0.0000,1.0000,6.6011,57.7249,6,True,0.0,0.0,0.0,0.00
373,33,496000000,33.496000000,-12.007879794680733,-8.084923651709696,-0.5806927134202956,0.009401272165245854,-0.006211020726866207,0.8397980948939122,-0.5427819075059163,1784,1784,2,0.0011,1.0000,3.8041,40.2463,7,True,0.0,0.0,0.0,0.00
374,33,532000000,33.532000000,-12.007879794680733,-8.084923651709696,-0.5806927134202956,0.009401272165245854,-0.006211020726866207,0.8397980948939122,-0.5427819075059163,1784,1782,1,0.0006,0.9989,4.4788,18.9428,8,True,0.0,0.0,0.0,0.00
375,33,564000000,33.564000000,-12.007879794680733,-8.084923651709696,-0.5806927134202956,0.009401272165245854,-0.006211020726866207,0.8397980948939122,-0.5427819075059163,1782,1782,1,0.0006,1.0000,4.3072,94.0404,9,True,0.0,0.0,0.0,0.00
376,33,628000000,33.628000000,-12.007879794680733,-8.084923651709696,-0.5806927134202956,0.009401272165245854,-0.006211020726866207,0.8397980948939122,-0.5427819075059163,1782,1781,0,0.0000,0.9994,8.6580,101.8503,10,True,0.0,0.0,0.0,0.00
377,33,664000000,33.664000000,-12.007879794680733,-8.084923651709696,-0.5806927134202956,0.009401272165245854,-0.006211020726866207,0.8397980948939122,-0.5427819075059163,1781,1781,0,0.0000,1.0000,4.8085,20.1372,11,True,0.0,0.0,0.0,0.00
378,33,696000000,33.696000000,-12.007879794680733,-8.084923651709696,-0.5806927134202956,0.009401272165245854,-0.006211020726866207,0.8397980948939122,-0.5427819075059163,1781,1775,3,0.0017,0.9966,4.3143,37.9425,12,True,0.0,0.0,0.0,0.00
379,33,728000000,33.728000000,-12.007879794680733,-8.084923651709696,-0.5806927134202956,0.009401272165245854,-0.006211020726866207,0.8397980948939122,-0.5427819075059163,1775,1774,1,0.0006,0.9994,4.3440,142.6042,13,True,0.0,0.0,0.0,0.00
380,33,760000000,33.760000000,-12.007879794680733,-8.084923651709696,-0.5806927134202956,0.009401272165245854,-0.006211020726866207,0.8397980948939122,-0.5427819075059163,1774,1773,3,0.0017,0.9994,4.6597,135.7281,14,True,0.0,0.0,0.0,0.00
381,33,828000000,33.828000000,-12.007879794680733,-8.084923651709696,-0.5806927134202956,0.009401272165245854,-0.006211020726866207,0.8397980948939122,-0.5427819075059163,1773,1773,0,0.0000,1.0000,7.8084,26.4478,15,True,0.0,0.0,0.0,0.00
382,33,860000000,33.860000000,-12.007879794680733,-8.084923651709696,-0.5806927134202956,0.009401272165245854,-0.006211020726866207,0.8397980948939122,-0.5427819075059163,1773,1773,2,0.0011,1.0000,3.7443,78.2283,16,True,0.0,0.0,0.0,0.00
383,33,928000000,33.928000000,-12.010162409766487,-7.096157459242847,-0.7301457371534402,0.01046949469822078,-0.005124130809373532,0.8375147385611179,-0.5462903949888875,1773,1764,14,0.0079,0.9949,7.1693,130.6391,0,True,-0.9019435386385181,-0.4050810656417051,-0.1496902914914942,0.51
384,33,992000000,33.992000000,-12.010162409766487,-7.096157459242847,-0.7301457371534402,0.01046949469822078,-0.005124130809373532,0.8375147385611179,-0.5462903949888875,2000,0,0,0.0000,0.0000,0.0000,0.0000,1,True,0.0,0.0,0.0,0.00
385,34,60000000,34.060000000,-12.010162409766487,-7.096157459242847,-0.7301457371534402,0.01046949469822078,-0.005124130809373532,0.8375147385611179,-0.5462903949888875,2000,2000,0,0.0000,1.0000,4.5514,10.4679,2,True,0.0,0.0,0.0,0.00
386,34,92000000,34.092000000,-12.010162409766487,-7.096157459242847,-0.7301457371534402,0.01046949469822078,-0.005124130809373532,0.8375147385611179,-0.5462903949888875,2000,2000,3,0.0015,1.0000,3.1724,115.2025,3,True,0.0,0.0,0.0,0.00
387,34,192000000,34.192000000,-12.010162409766487,-7.096157459242847,-0.7301457371534402,0.01046949469822078,-0.005124130809373532,0.8375147385611179,-0.5462903949888875,2000,1975,1,0.0005,0.9875,4.2610,78.5577,4,True,0.0,0.0,0.0,0.00
388,34,224000000,34.224000000,-12.010162409766487,-7.096157459242847,-0.7301457371534402,0.01046949469822078,-0.005124130809373532,0.8375147385611179,-0.5462903949888875,1975,1970,2,0.0010,0.9975,0.8083,10.1909,5,True,0.0,0.0,0.0,0.00
389,34,288000000,34.288000000,-12.010162409766487,-7.096157459242847,-0.7301457371534402,0.01046949469822078,-0.005124130809373532,0.8375147385611179,-0.5462903949888875,1970,1970,0,0.0000,1.0000,1.8477,62.6028,6,True,0.0,0.0,0.0,0.00
390,34,324000000,34.324000000,-12.141399725339417,-6.144693408330977,-1.0085212512052049,0.011263736849814014,-0.004942245056718134,0.837920204208949,-0.5456541338837366,1970,1965,13,0.0066,0.9975,2.2273,101.5596,0,True,-0.8211875546971127,-0.4980185366702121,-0.2786189820228281,0.13
391,34,388000000,34.388000000,-12.141399725339417,-6.144693408330977,-1.0085212512052049,0.011263736849814014,-0.004942245056718134,0.837920204208949,-0.5456541338837366,2000,0,0,0.0000,0.0000,0.0000,0.0000,1,True,0.0,0.0,0.0,0.00
392,34,456000000,34.456000000,-12.141399725339417,-6.144693408330977,-1.0085212512052049,0.011263736849814014,-0.004942245056718134,0.837920204208949,-0.5456541338837366,2000,2000,0,0.0000,1.0000,2.2584,6.1327,2,True,0.0,0.0,0.0,0.00
393,34,520000000,34.520000000,-12.141399725339417,-6.144693408330977,-1.0085212512052049,0.011263736849814014,-0.004942245056718134,0.837920204208949,-0.5456541338837366,2000,2000,1,0.0005,1.0000,3.1446,65.6039,3,True,0.0,0.0,0.0,0.00
394,34,588000000,34.588000000,-12.141399725339417,-6.144693408330977,-1.0085212512052049,0.011263736849814014,-0.004942245056718134,0.837920204208949,-0.5456541338837366,2000,1966,1,0.0005,0.9830,3.0987,56.3281,4,True,0.0,0.0,0.0,0.00
395,34,620000000,34.620000000,-12.141399725339417,-6.144693408330977,-1.0085212512052049,0.011263736849814014,-0.004942245056718134,0.837920204208949,-0.5456541338837366,1966,1960,2,0.0010,0.9969,1.6698,183.1308,5,True,0.0,0.0,0.0,0.00
396,34,684000000,34.684000000,-12.141399725339417,-6.144693408330977,-1.0085212512052049,0.011263736849814014,-0.004942245056718134,0.837920204208949,-0.5456541338837366,1960,1960,7,0.0036,1.0000,2.6880,67.5118,0,True,0.0,0.0,0.0,0.00
397,34,720000000,34.720000000,-12.141399725339417,-6.144693408330977,-1.0085212512052049,0.011263736849814014,-0.004942245056718134,0.837920204208949,-0.5456541338837366,1960,1959,3,0.0015,0.9995,2.1243,83.8061,1,True,0.0,0.0,0.0,0.00
398,34,784000000,34.784000000,-12.141399725339417,-6.144693408330977,-1.0085212512052049,0.011263736849814014,-0.004942245056718134,0.837920204208949,-0.5456541338837366,1959,1938,1,0.0005,0.9893,2.8339,49.1133,2,True,0.0,0.0,0.0,0.00
399,34,852000000,34.852000000,-12.141399725339417,-6.144693408330977,-1.0085212512052049,0.011263736849814014,-0.004942245056718134,0.837920204208949,-0.5456541338837366,1938,1936,1,0.0005,0.9990,2.5958,87.8368,3,True,0.0,0.0,0.0,0.00
400,34,884000000,34.884000000,-12.141399725339417,-6.144693408330977,-1.0085212512052049,0.011263736849814014,-0.004942245056718134,0.837920204208949,-0.5456541338837366,1936,1936,0,0.0000,1.0000,1.0789,2.7820,4,True,0.0,0.0,0.0,0.00
401,34,948000000,34.948000000,-12.141399725339417,-6.144693408330977,-1.0085212512052049,0.011263736849814014,-0.004942245056718134,0.837920204208949,-0.5456541338837366,1936,1935,0,0.0000,0.9995,2.0966,119.6613,5,True,0.0,0.0,0.0,0.00
402,34,984000000,34.984000000,-12.141399725339417,-6.144693408330977,-1.0085212512052049,0.011263736849814014,-0.004942245056718134,0.837920204208949,-0.5456541338837366,1935,1932,3,0.0016,0.9984,1.6645,155.5930,6,True,0.0,0.0,0.0,0.00
403,35,48000000,35.048000000,-12.141399725339417,-6.144693408330977,-1.0085212512052049,0.011263736849814014,-0.004942245056718134,0.837920204208949,-0.5456541338837366,1932,1929,3,0.0016,0.9984,2.0046,83.0640,7,True,0.0,0.0,0.0,0.00
404,35,116000000,35.116000000,-12.141399725339417,-6.144693408330977,-1.0085212512052049,0.011263736849814014,-0.004942245056718134,0.837920204208949,-0.5456541338837366,1929,1926,0,0.0000,0.9984,2.4875,84.8422,8,True,0.0,0.0,0.0,0.00
405,35,180000000,35.180000000,-12.141399725339417,-6.144693408330977,-1.0085212512052049,0.011263736849814014,-0.004942245056718134,0.837920204208949,-0.5456541338837366,1926,1878,2,0.0011,0.9751,1.8610,88.4913,9,True,0.0,0.0,0.0,0.00
406,35,212000000,35.212000000,-12.141399725339417,-6.144693408330977,-1.0085212512052049,0.011263736849814014,-0.004942245056718134,0.837920204208949,-0.5456541338837366,1878,1877,0,0.0000,0.9995,1.0138,111.2859,10,True,0.0,0.0,0.0,0.00
407,35,248000000,35.248000000,-12.141399725339417,-6.144693408330977,-1.0085212512052049,0.011263736849814014,-0.004942245056718134,0.837920204208949,-0.5456541338837366,1877,1876,0,0.0000,0.9995,0.9628,2.3024,11,True,0.0,0.0,0.0,0.00
408,35,312000000,35.312000000,-12.141399725339417,-6.144693408330977,-1.0085212512052049,0.011263736849814014,-0.004942245056718134,0.837920204208949,-0.5456541338837366,1876,1872,2,0.0011,0.9979,1.9613,49.7838,12,True,0.0,0.0,0.0,0.00
409,35,344000000,35.344000000,-12.141399725339417,-6.144693408330977,-1.0085212512052049,0.011263736849814014,-0.004942245056718134,0.837920204208949,-0.5456541338837366,1872,1860,1,0.0005,0.9936,1.4524,133.0637,13,True,0.0,0.0,0.0,0.00
410,35,380000000,35.380000000,-12.141399725339417,-6.144693408330977,-1.0085212512052049,0.011263736849814014,-0.004942245056718134,0.837920204208949,-0.5456541338837366,1860,1859,4,0.0022,0.9995,1.9949,163.6150,14,True,0.0,0.0,0.0,0.00
411,35,412000000,35.412000000,-12.141399725339417,-6.144693408330977,-1.0085212512052049,0.011263736849814014,-0.004942245056718134,0.837920204208949,-0.5456541338837366,1859,1857,0,0.0000,0.9989,1.0964,59.7714,15,True,0.0,0.0,0.0,0.00
412,35,444000000,35.444000000,-12.141399725339417,-6.144693408330977,-1.0085212512052049,0.011263736849814014,-0.004942245056718134,0.837920204208949,-0.5456541338837366,1857,1857,0,0.0000,1.0000,0.9141,18.8743,16,True,0.0,0.0,0.0,0.00
413,35,476000000,35.476000000,-12.141399725339417,-6.144693408330977,-1.0085212512052049,0.011263736849814014,-0.004942245056718134,0.837920204208949,-0.5456541338837366,1857,1855,1,0.0005,0.9989,1.1330,44.9964,17,True,0.0,0.0,0.0,0.00
414,35,512000000,35.512000000,-11.427915182286512,-6.198126269710406,-1.7071518661580511,0.011270715050513004,-0.004858682975820583,0.8375250035265286,-0.5462611396117054,1855,1845,9,0.0049,0.9946,1.6876,54.9056,0,True,-0.24899287566336586,0.6883379762085784,-0.6813173844677428,0.08
415,35,544000000,35.544000000,-11.427915182286512,-6.198126269710406,-1.7071518661580511,0.011270715050513004,-0.004858682975820583,0.8375250035265286,-0.5462611396117054,2000,0,0,0.0000,0.0000,0.0000,0.0000,1,True,0.0,0.0,0.0,0.00
416,35,576000000,35.576000000,-11.427915182286512,-6.198126269710406,-1.7071518661580511,0.011270715050513004,-0.004858682975820583,0.8375250035265286,-0.5462611396117054,2000,2000,1,0.0005,1.0000,1.5423,108.6300,2,True,0.0,0.0,0.0,0.00
417,35,644000000,35.644000000,-11.427915182286512,-6.198126269710406,-1.7071518661580511,0.011270715050513004,-0.004858682975820583,0.8375250035265286,-0.5462611396117054,2000,2000,0,0.0000,1.0000,1.8662,58.2881,3,True,0.0,0.0,0.0,0.00
418,35,676000000,35.676000000,-11.427915182286512,-6.198126269710406,-1.7071518661580511,0.011270715050513004,-0.004858682975820583,0.8375250035265286,-0.5462611396117054,2000,2000,5,0.0025,1.0000,1.5226,103.5601,0,True,0.0,0.0,0.0,0.00
419,35,708000000,35.708000000,-11.427915182286512,-6.198126269710406,-1.7071518661580511,0.011270715050513004,-0.004858682975820583,0.8375250035265286,-0.5462611396117054,2000,1958,4,0.0020,0.9790,0.9166,58.5281,1,True,0.0,0.0,0.0,0.00
420,35,740000000,35.740000000,-11.427915182286512,-6.198126269710406,-1.7071518661580511,0.011270715050513004,-0.004858682975820583,0.8375250035265286,-0.5462611396117054,1958,1945,1,0.0005,0.9934,0.2502,152.3774,2,True,0.0,0.0,0.0,0.00
421,35,808000000,35.808000000,-11.427915182286512,-6.198126269710406,-1.7071518661580511,0.011270715050513004,-0.004858682975820583,0.8375250035265286,-0.5462611396117054,1945,1943,3,0.0015,0.9990,0.4785,74.3561,3,True,0.0,0.0,0.0,0.00
422,35,840000000,35.840000000,-11.427915182286512,-6.198126269710406,-1.7071518661580511,0.011270715050513004,-0.004858682975820583,0.8375250035265286,-0.5462611396117054,1943,1923,1,0.0005,0.9897,0.1760,49.0873,4,True,0.0,0.0,0.0,0.00
423,35,872000000,35.872000000,-11.427915182286512,-6.198126269710406,-1.7071518661580511,0.011270715050513004,-0.004858682975820583,0.8375250035265286,-0.5462611396117054,1923,1923,2,0.0010,1.0000,0.3300,81.3125,5,True,0.0,0.0,0.0,0.00
424,35,908000000,35.908000000,-11.427915182286512,-6.198126269710406,-1.7071518661580511,0.011270715050513004,-0.004858682975820583,0.8375250035265286,-0.5462611396117054,1923,1921,2,0.0010,0.9990,0.0689,18.3765,6,True,0.0,0.0,0.0,0.00
425,35,940000000,35.940000000,-11.427915182286512,-6.198126269710406,-1.7071518661580511,0.011270715050513004,-0.004858682975820583,0.8375250035265286,-0.5462611396117054,1921,1917,1,0.0005,0.9979,0.0297,21.5531,7,True,0.0,0.0,0.0,0.00
426,35,972000000,35.972000000,-11.427915182286512,-6.198126269710406,-1.7071518661580511,0.011270715050513004,-0.004858682975820583,0.8375250035265286,-0.5462611396117054,1917,1917,0,0.0000,1.0000,0.2407,71.8733,8,True,0.0,0.0,0.0,0.00
427,36,72000000,36.072000000,-11.427915182286512,-6.198126269710406,-1.7071518661580511,0.011270715050513004,-0.004858682975820583,0.8375250035265286,-0.5462611396117054,1917,1916,3,0.0016,0.9995,0.3190,75.2676,9,True,0.0,0.0,0.0,0.00
428,36,104000000,36.104000000,-11.427915182286512,-6.198126269710406,-1.7071518661580511,0.011270715050513004,-0.004858682975820583,0.8375250035265286,-0.5462611396117054,1916,1914,5,0.0026,0.9990,0.6454,193.5918,0,True,0.0,0.0,0.0,0.00
429,36,172000000,36.172000000,-11.427915182286512,-6.198126269710406,-1.7071518661580511,0.011270715050513004,-0.004858682975820583,0.8375250035265286,-0.5462611396117054,1914,1914,0,0.0000,1.0000,0.0067,7.3829,1,True,0.0,0.0,0.0,0.00
430,36,236000000,36.236000000,-10.620089550447046,-5.80369433173878,-2.145148663921588,0.011269914863282408,-0.004859431812667266,0.8375206156496982,-0.5462678768728606,1914,1914,8,0.0042,1.0000,0.8897,79.9685,0,True,-0.6924062624345455,0.5890264420159075,-0.4166790351667627,0.00
431,36,268000000,36.268000000,-10.620089550447046,-5.80369433173878,-2.145148663921588,0.011269914863282408,-0.004859431812667266,0.8375206156496982,-0.5462678768728606,2000,0,0,0.0000,0.0000,0.0000,0.0000,1,True,0.0,0.0,0.0,0.00
432,36,336000000,36.336000000,-10.620089550447046,-5.80369433173878,-2.145148663921588,0.011269914863282408,-0.004859431812667266,0.8375206156496982,-0.5462678768728606,2000,2000,7,0.0035,1.0000,0.7499,64.0590,0,True,0.0,0.0,0.0,0.00
433,36,368000000,36.368000000,-10.620089550447046,-5.80369433173878,-2.145148663921588,0.011269914863282408,-0.004859431812667266,0.8375206156496982,-0.5462678768728606,2000,1953,1,0.0005,0.9765,0.2182,59.4780,1,True,0.0,0.0,0.0,0.00
434,36,400000000,36.400000000,-10.620089550447046,-5.80369433173878,-2.145148663921588,0.011269914863282408,-0.004859431812667266,0.8375206156496982,-0.5462678768728606,1953,1953,2,0.0010,1.0000,0.1198,22.4792,2,True,0.0,0.0,0.0,0.00
435,36,436000000,36.436000000,-10.620089550447046,-5.80369433173878,-2.145148663921588,0.011269914863282408,-0.004859431812667266,0.8375206156496982,-0.5462678768728606,1953,1952,1,0.0005,0.9995,0.3550,76.6250,3,True,0.0,0.0,0.0,0.00
436,36,500000000,36.500000000,-10.620089550447046,-5.80369433173878,-2.145148663921588,0.011269914863282408,-0.004859431812667266,0.8375206156496982,-0.5462678768728606,1952,1934,3,0.0016,0.9908,0.3461,67.3008,4,True,0.0,0.0,0.0,0.00
437,36,532000000,36.532000000,-10.620089550447046,-5.80369433173878,-2.145148663921588,0.011269914863282408,-0.004859431812667266,0.8375206156496982,-0.5462678768728606,1934,1934,0,0.0000,1.0000,0.1621,65.1498,5,True,0.0,0.0,0.0,0.00
438,36,568000000,36.568000000,-10.620089550447046,-5.80369433173878,-2.145148663921588,0.011269914863282408,-0.004859431812667266,0.8375206156496982,-0.5462678768728606,1934,1932,2,0.0010,0.9990,0.5483,84.5103,6,True,0.0,0.0,0.0,0.00
439,36,600000000,36.600000000,-10.620089550447046,-5.80369433173878,-2.145148663921588,0.011269914863282408,-0.004859431812667266,0.8375206156496982,-0.5462678768728606,1932,1917,3,0.0016,0.9922,0.1747,21.2727,7,True,0.0,0.0,0.0,0.00
440,36,632000000,36.632000000,-10.620089550447046,-5.80369433173878,-2.145148663921588,0.011269914863282408,-0.004859431812667266,0.8375206156496982,-0.5462678768728606,1917,1917,0,0.0000,1.0000,0.0867,54.1987,8,True,0.0,0.0,0.0,0.00
441,36,664000000,36.664000000,-10.620089550447046,-5.80369433173878,-2.145148663921588,0.011269914863282408,-0.004859431812667266,0.8375206156496982,-0.5462678768728606,1917,1917,2,0.0010,1.0000,0.2982,66.7365,9,True,0.0,0.0,0.0,0.00
442,36,700000000,36.700000000,-10.620089550447046,-5.80369433173878,-2.145148663921588,0.011269914863282408,-0.004859431812667266,0.8375206156496982,-0.5462678768728606,1917,1914,5,0.0026,0.9984,1.2026,136.7190,0,True,0.0,0.0,0.0,0.00
443,36,732000000,36.732000000,-10.620089550447046,-5.80369433173878,-2.145148663921588,0.011269914863282408,-0.004859431812667266,0.8375206156496982,-0.5462678768728606,1914,1887,3,0.0016,0.9859,0.3014,50.6572,1,True,0.0,0.0,0.0,0.00
444,36,764000000,36.764000000,-10.620089550447046,-5.80369433173878,-2.145148663921588,0.011269914863282408,-0.004859431812667266,0.8375206156496982,-0.5462678768728606,1887,1887,1,0.0005,1.0000,0.0800,26.3979,2,True,0.0,0.0,0.0,0.00
445,36,832000000,36.832000000,-10.620089550447046,-5.80369433173878,-2.145148663921588,0.011269914863282408,-0.004859431812667266,0.8375206156496982,-0.5462678768728606,1887,1887,1,0.0005,1.0000,0.1196,32.0629,3,True,0.0,0.0,0.0,0.00
446,36,864000000,36.864000000,-10.620089550447046,-5.80369433173878,-2.145148663921588,0.011269914863282408,-0.004859431812667266,0.8375206156496982,-0.5462678768728606,1887,1887,0,0.0000,1.0000,0.0348,0.2826,4,True,0.0,0.0,0.0,0.00
447,36,896000000,36.896000000,-10.620089550447046,-5.80369433173878,-2.145148663921588,0.011269914863282408,-0.004859431812667266,0.8375206156496982,-0.5462678768728606,1887,1887,2,0.0011,1.0000,0.2018,53.8121,5,True,0.0,0.0,0.0,0.00
448,36,928000000,36.928000000,-10.620089550447046,-5.80369433173878,-2.145148663921588,0.011269914863282408,-0.004859431812667266,0.8375206156496982,-0.5462678768728606,1887,1883,6,0.0032,0.9979,0.9479,208.0731,0,True,0.0,0.0,0.0,0.00
449,36,964000000,36.964000000,-10.620089550447046,-5.80369433173878,-2.145148663921588,0.011269914863282408,-0.004859431812667266,0.8375206156496982,-0.5462678768728606,1883,1875,4,0.0021,0.9958,1.6940,203.2933,1,True,0.0,0.0,0.0,0.00
450,36,996000000,36.996000000,-10.620089550447046,-5.80369433173878,-2.145148663921588,0.011269914863282408,-0.004859431812667266,0.8375206156496982,-0.5462678768728606,1875,1862,1,0.0005,0.9931,0.3421,32.5434,2,True,0.0,0.0,0.0,0.00
451,37,28000000,37.028000000,-10.620089550447046,-5.80369433173878,-2.145148663921588,0.011269914863282408,-0.004859431812667266,0.8375206156496982,-0.5462678768728606,1862,1862,0,0.0000,1.0000,0.0234,0.0849,3,True,0.0,0.0,0.0,0.00
452,37,96000000,37.096000000,-10.620089550447046,-5.80369433173878,-2.145148663921588,0.011269914863282408,-0.004859431812667266,0.8375206156496982,-0.5462678768728606,1862,1862,1,0.0005,1.0000,0.2242,104.8389,4,True,0.0,0.0,0.0,0.00
453,37,128000000,37.128000000,-10.620089550447046,-5.80369433173878,-2.145148663921588,0.011269914863282408,-0.004859431812667266,0.8375206156496982,-0.5462678768728606,1862,1860,2,0.0011,0.9989,1.4056,139.7737,5,True,0.0,0.0,0.0,0.00
454,37,160000000,37.160000000,-10.501292263184897,-6.784902127030228,-1.9931010825582278,0.011273705750958525,-0.004823894907975593,0.8375231763273657,-0.54626418765198,1860,1849,13,0.0070,0.9941,1.7424,179.8018,0,True,0.8521296290362972,0.501139046952892,0.15078047266675348,0.00
455,37,192000000,37.192000000,-10.501292263184897,-6.784902127030228,-1.9931010825582278,0.011273705750958525,-0.004823894907975593,0.8375231763273657,-0.54626418765198,2000,0,0,0.0000,0.0000,0.0000,0.0000,1,True,0.0,0.0,0.0,0.00
456,37,228000000,37.228000000,-10.501292263184897,-6.784902127030228,-1.9931010825582278,0.011273705750958525,-0.004823894907975593,0.8375231763273657,-0.54626418765198,2000,2000,0,0.0000,1.0000,0.0207,0.1291,2,True,0.0,0.0,0.0,0.00
457,37,292000000,37.292000000,-10.501292263184897,-6.784902127030228,-1.9931010825582278,0.011273705750958525,-0.004823894907975593,0.8375231763273657,-0.54626418765198,2000,2000,3,0.0015,1.0000,0.1520,29.5706,3,True,0.0,0.0,0.0,0.00
458,37,324000000,37.324000000,-10.501292263184897,-6.784902127030228,-1.9931010825582278,0.011273705750958525,-0.004823894907975593,0.8375231763273657,-0.54626418765198,2000,1991,1,0.0005,0.9955,0.5200,77.5088,4,True,0.0,0.0,0.0,0.00
459,37,360000000,37.360000000,-10.501292263184897,-6.784902127030228,-1.9931010825582278,0.011273705750958525,-0.004823894907975593,0.8375231763273657,-0.54626418765198,1991,1972,5,0.0025,0.9905,1.3522,126.9419,0,True,0.0,0.0,0.0,0.00
460,37,392000000,37.392000000,-10.501292263184897,-6.784902127030228,-1.9931010825582278,0.011273705750958525,-0.004823894907975593,0.8375231763273657,-0.54626418765198,1972,1910,1,0.0005,0.9686,0.2691,52.6780,1,True,0.0,0.0,0.0,0.00
461,37,456000000,37.456000000,-10.501292263184897,-6.784902127030228,-1.9931010825582278,0.011273705750958525,-0.004823894907975593,0.8375231763273657,-0.54626418765198,1910,1910,0,0.0000,1.0000,0.0188,0.1670,2,True,0.0,0.0,0.0,0.00
