frame_idx,timestamp_sec,timestamp_nanosec,timestamp_total_sec,pos_x,pos_y,pos_z,rot_x,rot_y,rot_z,rot_w,num_detected,num_matched,num_inliers,num_inliers_E,num_inliers_pose,num_inliers_H,inlier_ratio,feature_survival_rate,feature_vel_mean,feature_vel_max,mean_lk_err,consecutive_low_inliers,failure_triggered_streak,window_low_inlier_pct,failure_triggered_window,rel_tx,rel_ty,rel_tz,rel_rot_deg
0,10,429000000,10.429000000,0.0,0.0,0.0,0.0,0.0,0.0,1.0,1132,0,0,0,0,0,0.0000,0.0000,0.0000,0.0000,0.0000,1,False,100.00,True,0.0,0.0,0.0,0.00
1,10,462000000,10.462000000,-0.7269110588629811,-0.5725902702147829,-0.37913150087807435,1.8041124150158794e-16,-6.938893903907228e-17,2.5673907444456745e-15,1.0,1132,1026,972,972,9,963,0.9474,0.9064,8.7839,195.6277,0.3979,0,False,50.00,True,-0.7269110588629811,-0.5725902702147829,-0.37913150087807435,0.00
2,10,495000000,10.495000000,-0.7269110588629811,-0.5725902702147829,-0.37913150087807435,1.8041124150158794e-16,-6.938893903907228e-17,2.5673907444456745e-15,1.0,963,0,0,0,0,0,0.0000,0.0000,0.0000,0.0000,0.0000,1,False,66.67,True,0.0,0.0,0.0,0.00
3,10,528000000,10.528000000,-0.7269110588629811,-0.5725902702147829,-0.37913150087807435,1.8041124150158794e-16,-6.938893903907228e-17,2.5673907444456745e-15,1.0,963,963,963,963,0,963,1.0000,1.0000,0.0000,0.0000,0.0000,0,False,50.00,True,0.0,0.0,0.0,0.00
4,10,561000000,10.561000000,-0.7269110588629811,-0.5725902702147829,-0.37913150087807435,1.8041124150158794e-16,-6.938893903907228e-17,2.5673907444456745e-15,1.0,963,963,963,963,0,963,1.0000,1.0000,0.0000,0.0000,0.0000,0,False,40.00,True,0.0,0.0,0.0,0.00
5,10,594000000,10.594000000,-0.7269110588629811,-0.5725902702147829,-0.37913150087807435,1.8041124150158794e-16,-6.938893903907228e-17,2.5673907444456745e-15,1.0,963,963,963,963,0,963,1.0000,1.0000,0.0000,0.0000,0.0000,0,False,33.33,True,0.0,0.0,0.0,0.00
6,10,627000000,10.627000000,-0.7269110588629811,-0.5725902702147829,-0.37913150087807435,1.8041124150158794e-16,-6.938893903907228e-17,2.5673907444456745e-15,1.0,963,963,963,963,0,963,1.0000,1.0000,0.0000,0.0000,0.0000,0,False,28.57,True,0.0,0.0,0.0,0.00
7,10,660000000,10.660000000,-0.7269110588629811,-0.5725902702147829,-0.37913150087807435,1.8041124150158794e-16,-6.938893903907228e-17,2.5673907444456745e-15,1.0,963,960,960,960,0,960,1.0000,0.9969,0.0000,0.0022,0.0000,0,False,25.00,True,0.0,0.0,0.0,0.00
8,10,693000000,10.693000000,-0.7269110588629811,-0.5725902702147829,-0.37913150087807435,1.8041124150158794e-16,-6.938893903907228e-17,2.5673907444456745e-15,1.0,960,960,960,960,0,960,1.0000,1.0000,0.0000,0.0005,0.0000,0,False,22.22,True,0.0,0.0,0.0,0.00
9,10,726000000,10.726000000,-0.7269110588629811,-0.5725902702147829,-0.37913150087807435,1.8041124150158794e-16,-6.938893903907228e-17,2.5673907444456745e-15,1.0,960,960,960,960,0,960,1.0000,1.0000,0.0000,0.0000,0.0000,0,False,20.00,True,0.0,0.0,0.0,0.00
10,10,759000000,10.759000000,-0.7269110588629811,-0.5725902702147829,-0.37913150087807435,1.8041124150158794e-16,-6.938893903907228e-17,2.5673907444456745e-15,1.0,960,960,960,960,0,960,1.0000,1.0000,0.0000,0.0000,0.0000,0,False,18.18,True,0.0,0.0,0.0,0.00
11,10,792000000,10.792000000,-0.7269110588629811,-0.5725902702147829,-0.37913150087807435,1.8041124150158794e-16,-6.938893903907228e-17,2.5673907444456745e-15,1.0,960,960,960,960,0,960,1.0000,1.0000,0.0000,0.0000,0.0000,0,False,16.67,True,0.0,0.0,0.0,0.00
12,10,825000000,10.825000000,-0.7269110588629811,-0.5725902702147829,-0.37913150087807435,1.8041124150158794e-16,-6.938893903907228e-17,2.5673907444456745e-15,1.0,960,960,960,960,0,960,1.0000,1.0000,0.0000,0.0000,0.0000,0,False,15.38,True,0.0,0.0,0.0,0.00
13,10,858000000,10.858000000,-0.7269110588629811,-0.5725902702147829,-0.37913150087807435,1.8041124150158794e-16,-6.938893903907228e-17,2.5673907444456745e-15,1.0,960,950,950,950,0,950,1.0000,0.9896,0.0000,0.0035,0.0000,0,False,14.29,True,0.0,0.0,0.0,0.00
14,10,891000000,10.891000000,-0.7269110588629811,-0.5725902702147829,-0.37913150087807435,1.8041124150158794e-16,-6.938893903907228e-17,2.5673907444456745e-15,1.0,950,950,950,950,0,950,1.0000,1.0000,0.0000,0.0029,0.0000,0,False,13.33,True,0.0,0.0,0.0,0.00
15,10,924000000,10.924000000,-0.7269110588629811,-0.5725902702147829,-0.37913150087807435,1.8041124150158794e-16,-6.938893903907228e-17,2.5673907444456745e-15,1.0,950,950,950,950,0,950,1.0000,1.0000,0.0000,0.0000,0.0000,0,False,12.50,True,0.0,0.0,0.0,0.00
16,10,957000000,10.957000000,-0.7269110588629811,-0.5725902702147829,-0.37913150087807435,1.8041124150158794e-16,-6.938893903907228e-17,2.5673907444456745e-15,1.0,950,950,950,950,0,950,1.0000,1.0000,0.0000,0.0000,0.0000,0,False,11.76,True,0.0,0.0,0.0,0.00
17,10,990000000,10.990000000,-0.7269110588629811,-0.5725902702147829,-0.37913150087807435,1.8041124150158794e-16,-6.938893903907228e-17,2.5673907444456745e-15,1.0,950,950,950,950,0,950,1.0000,1.0000,0.0000,0.0000,0.0000,0,False,11.11,True,0.0,0.0,0.0,0.00
18,11,23000000,11.023000000,-0.7269110588629811,-0.5725902702147829,-0.37913150087807435,1.8041124150158794e-16,-6.938893903907228e-17,2.5673907444456745e-15,1.0,950,950,950,950,0,950,1.0000,1.0000,0.0000,0.0000,0.0000,0,False,10.53,True,0.0,0.0,0.0,0.00
19,11,56000000,11.056000000,-0.7269110588629811,-0.5725902702147829,-0.37913150087807435,1.8041124150158794e-16,-6.938893903907228e-17,2.5673907444456745e-15,1.0,950,950,950,950,0,950,1.0000,1.0000,0.0000,0.0013,0.0000,0,False,10.00,True,0.0,0.0,0.0,0.00
20,11,89000000,11.089000000,-0.7269110588629811,-0.5725902702147829,-0.37913150087807435,1.8041124150158794e-16,-6.938893903907228e-17,2.5673907444456745e-15,1.0,950,950,950,950,0,950,1.0000,1.0000,0.0000,0.0033,0.0001,0,False,9.52,True,0.0,0.0,0.0,0.00
21,11,122000000,11.122000000,-0.7269110588629811,-0.5725902702147829,-0.37913150087807435,1.8041124150158794e-16,-6.938893903907228e-17,2.5673907444456745e-15,1.0,950,950,950,950,0,950,1.0000,1.0000,0.0000,0.0000,0.0000,0,False,9.09,True,0.0,0.0,0.0,0.00
22,11,155000000,11.155000000,-0.7269110588629811,-0.5725902702147829,-0.37913150087807435,1.8041124150158794e-16,-6.938893903907228e-17,2.5673907444456745e-15,1.0,950,950,950,950,0,950,1.0000,1.0000,0.0000,0.0000,0.0000,0,False,8.70,True,0.0,0.0,0.0,0.00
23,11,188000000,11.188000000,-0.7269110588629811,-0.5725902702147829,-0.37913150087807435,1.8041124150158794e-16,-6.938893903907228e-17,2.5673907444456745e-15,1.0,950,950,950,950,0,950,1.0000,1.0000,0.0000,0.0000,0.0000,0,False,8.33,True,0.0,0.0,0.0,0.00
24,11,221000000,11.221000000,-0.7269110588629811,-0.5725902702147829,-0.37913150087807435,1.8041124150158794e-16,-6.938893903907228e-17,2.5673907444456745e-15,1.0,950,950,950,950,0,950,1.0000,1.0000,0.0000,0.0000,0.0000,0,False,8.00,True,0.0,0.0,0.0,0.00
25,11,254000000,11.254000000,-0.7269110588629811,-0.5725902702147829,-0.37913150087807435,1.8041124150158794e-16,-6.938893903907228e-17,2.5673907444456745e-15,1.0,950,950,950,950,0,950,1.0000,1.0000,0.0000,0.0000,0.0000,0,False,7.69,True,0.0,0.0,0.0,0.00
26,11,287000000,11.287000000,-0.7269110588629811,-0.5725902702147829,-0.37913150087807435,1.8041124150158794e-16,-6.938893903907228e-17,2.5673907444456745e-15,1.0,950,950,950,950,0,950,1.0000,1.0000,0.0000,0.0023,0.0001,0,False,7.41,True,0.0,0.0,0.0,0.00
27,11,320000000,11.320000000,-0.7269110588629811,-0.5725902702147829,-0.37913150087807435,1.8041124150158794e-16,-6.938893903907228e-17,2.5673907444456745e-15,1.0,950,950,950,950,0,950,1.0000,1.0000,0.0000,0.0021,0.0000,0,False,7.14,True,0.0,0.0,0.0,0.00
28,11,353000000,11.353000000,-0.7269110588629811,-0.5725902702147829,-0.37913150087807435,1.8041124150158794e-16,-6.938893903907228e-17,2.5673907444456745e-15,1.0,950,950,950,950,0,950,1.0000,1.0000,0.0000,0.0000,0.0000,0,False,6.90,True,0.0,0.0,0.0,0.00
29,11,386000000,11.386000000,-0.7269110588629811,-0.5725902702147829,-0.37913150087807435,1.8041124150158794e-16,-6.938893903907228e-17,2.5673907444456745e-15,1.0,950,950,950,950,0,950,1.0000,1.0000,0.0000,0.0000,0.0000,0,False,6.67,True,0.0,0.0,0.0,0.00
30,11,419000000,11.419000000,-0.7269110588629811,-0.5725902702147829,-0.37913150087807435,1.8041124150158794e-16,-6.938893903907228e-17,2.5673907444456745e-15,1.0,950,950,950,950,0,950,1.0000,1.0000,0.0000,0.0000,0.0000,0,False,6.45,True,0.0,0.0,0.0,0.00
31,11,452000000,11.452000000,-0.7269110588629811,-0.5725902702147829,-0.37913150087807435,1.8041124150158794e-16,-6.938893903907228e-17,2.5673907444456745e-15,1.0,950,950,950,950,0,950,1.0000,1.0000,0.0000,0.0000,0.0000,0,False,6.25,True,0.0,0.0,0.0,0.00
32,11,485000000,11.485000000,-0.7269110588629811,-0.5725902702147829,-0.37913150087807435,1.8041124150158794e-16,-6.938893903907228e-17,2.5673907444456745e-15,1.0,950,949,949,949,0,949,1.0000,0.9989,0.0000,0.0027,0.0001,0,False,6.06,True,0.0,0.0,0.0,0.00
33,11,518000000,11.518000000,-0.7269110588629811,-0.5725902702147829,-0.37913150087807435,1.8041124150158794e-16,-6.938893903907228e-17,2.5673907444456745e-15,1.0,949,949,949,949,0,949,1.0000,1.0000,0.0000,0.0000,0.0000,0,False,5.88,True,0.0,0.0,0.0,0.00
34,11,551000000,11.551000000,-0.7269110588629811,-0.5725902702147829,-0.37913150087807435,1.8041124150158794e-16,-6.938893903907228e-17,2.5673907444456745e-15,1.0,949,949,949,949,0,949,1.0000,1.0000,0.0000,0.0000,0.0000,0,False,5.71,True,0.0,0.0,0.0,0.00
35,11,584000000,11.584000000,-0.7269110588629811,-0.5725902702147829,-0.37913150087807435,1.8041124150158794e-16,-6.938893903907228e-17,2.5673907444456745e-15,1.0,949,949,949,949,0,949,1.0000,1.0000,0.0000,0.0000,0.0000,0,False,5.56,True,0.0,0.0,0.0,0.00
36,11,617000000,11.617000000,-0.7269110588629811,-0.5725902702147829,-0.37913150087807435,1.8041124150158794e-16,-6.938893903907228e-17,2.5673907444456745e-15,1.0,949,949,949,949,0,949,1.0000,1.0000,0.0000,0.0000,0.0000,0,False,5.41,True,0.0,0.0,0.0,0.00
37,11,650000000,11.650000000,-0.7269110588629811,-0.5725902702147829,-0.37913150087807435,1.8041124150158794e-16,-6.938893903907228e-17,2.5673907444456745e-15,1.0,949,949,949,949,0,949,1.0000,1.0000,0.0000,0.0033,0.0001,0,False,5.26,True,0.0,0.0,0.0,0.00
38,11,683000000,11.683000000,-0.7269110588629811,-0.5725902702147829,-0.37913150087807435,1.8041124150158794e-16,-6.938893903907228e-17,2.5673907444456745e-15,1.0,949,949,949,949,0,949,1.0000,1.0000,0.0000,0.0000,0.0000,0,False,5.13,True,0.0,0.0,0.0,0.00
39,11,716000000,11.716000000,-0.7269110588629811,-0.5725902702147829,-0.37913150087807435,1.8041124150158794e-16,-6.938893903907228e-17,2.5673907444456745e-15,1.0,949,949,949,949,0,949,1.0000,1.0000,0.0000,0.0000,0.0000,0,False,5.00,True,0.0,0.0,0.0,0.00
40,11,749000000,11.749000000,-0.7269110588629811,-0.5725902702147829,-0.37913150087807435,1.8041124150158794e-16,-6.938893903907228e-17,2.5673907444456745e-15,1.0,949,949,949,949,0,949,1.0000,1.0000,0.0000,0.0000,0.0000,0,False,4.88,True,0.0,0.0,0.0,0.00
41,11,782000000,11.782000000,-0.7269110588629811,-0.5725902702147829,-0.37913150087807435,1.8041124150158794e-16,-6.938893903907228e-17,2.5673907444456745e-15,1.0,949,949,949,949,0,949,1.0000,1.0000,0.0000,0.0000,0.0000,0,False,4.76,True,0.0,0.0,0.0,0.00
42,11,815000000,11.815000000,-0.7269110588629811,-0.5725902702147829,-0.37913150087807435,1.8041124150158794e-16,-6.938893903907228e-17,2.5673907444456745e-15,1.0,949,949,949,949,0,949,1.0000,1.0000,0.0000,0.0037,0.0001,0,False,4.65,True,0.0,0.0,0.0,0.00
43,11,848000000,11.848000000,-0.7269110588629811,-0.5725902702147829,-0.37913150087807435,1.8041124150158794e-16,-6.938893903907228e-17,2.5673907444456745e-15,1.0,949,949,949,949,0,949,1.0000,1.0000,0.0000,0.0000,0.0000,0,False,4.55,True,0.0,0.0,0.0,0.00
44,11,881000000,11.881000000,-0.7269110588629811,-0.5725902702147829,-0.37913150087807435,1.8041124150158794e-16,-6.938893903907228e-17,2.5673907444456745e-15,1.0,949,949,949,949,0,949,1.0000,1.0000,0.0000,0.0000,0.0000,0,False,4.44,True,0.0,0.0,0.0,0.00
45,11,914000000,11.914000000,-0.7269110588629811,-0.5725902702147829,-0.37913150087807435,1.8041124150158794e-16,-6.938893903907228e-17,2.5673907444456745e-15,1.0,949,949,949,949,0,949,1.0000,1.0000,0.0000,0.0000,0.0000,0,False,4.35,True,0.0,0.0,0.0,0.00
46,11,947000000,11.947000000,-0.7269110588629811,-0.5725902702147829,-0.37913150087807435,1.8041124150158794e-16,-6.938893903907228e-17,2.5673907444456745e-15,1.0,949,949,949,949,0,949,1.0000,1.0000,0.0000,0.0039,0.0000,0,False,4.26,True,0.0,0.0,0.0,0.00
47,11,980000000,11.980000000,-0.7269110588629811,-0.5725902702147829,-0.37913150087807435,1.8041124150158794e-16,-6.938893903907228e-17,2.5673907444456745e-15,1.0,949,949,949,949,0,949,1.0000,1.0000,0.0000,0.0000,0.0000,0,False,4.17,True,0.0,0.0,0.0,0.00
48,12,13000000,12.013000000,-0.7269110588629811,-0.5725902702147829,-0.37913150087807435,1.8041124150158794e-16,-6.938893903907228e-17,2.5673907444456745e-15,1.0,949,949,949,949,0,949,1.0000,1.0000,0.0000,0.0000,0.0000,0,False,4.08,True,0.0,0.0,0.0,0.00
49,12,46000000,12.046000000,-0.7269110588629811,-0.5725902702147829,-0.37913150087807435,1.8041124150158794e-16,-6.938893903907228e-17,2.5673907444456745e-15,1.0,949,949,949,949,0,949,1.0000,1.0000,0.0000,0.0036,0.0001,0,False,4.00,True,0.0,0.0,0.0,0.00
50,12,79000000,12.079000000,-0.7269110588629811,-0.5725902702147829,-0.37913150087807435,1.8041124150158794e-16,-6.938893903907228e-17,2.5673907444456745e-15,1.0,949,949,949,949,0,949,1.0000,1.0000,0.0000,0.0000,0.0000,0,False,3.92,True,0.0,0.0,0.0,0.00
51,12,112000000,12.112000000,-0.7269110588629811,-0.5725902702147829,-0.37913150087807435,1.8041124150158794e-16,-6.938893903907228e-17,2.5673907444456745e-15,1.0,949,949,949,949,0,949,1.0000,1.0000,0.0000,0.0000,0.0000,0,False,3.85,True,0.0,0.0,0.0,0.00
52,12,145000000,12.145000000,-0.7269110588629811,-0.5725902702147829,-0.37913150087807435,1.8041124150158794e-16,-6.938893903907228e-17,2.5673907444456745e-15,1.0,949,949,949,949,0,949,1.0000,1.0000,0.0000,0.0016,0.0000,0,False,3.77,True,0.0,0.0,0.0,0.00
53,12,178000000,12.178000000,-0.7269110588629811,-0.5725902702147829,-0.37913150087807435,1.8041124150158794e-16,-6.938893903907228e-17,2.5673907444456745e-15,1.0,949,949,949,949,0,949,1.0000,1.0000,0.0000,0.0000,0.0000,0,False,3.70,True,0.0,0.0,0.0,0.00
54,12,211000000,12.211000000,-0.7269110588629811,-0.5725902702147829,-0.37913150087807435,1.8041124150158794e-16,-6.938893903907228e-17,2.5673907444456745e-15,1.0,949,949,949,949,0,949,1.0000,1.0000,0.0000,0.0000,0.0000,0,False,3.64,True,0.0,0.0,0.0,0.00
55,12,244000000,12.244000000,-0.7269110588629811,-0.5725902702147829,-0.37913150087807435,1.8041124150158794e-16,-6.938893903907228e-17,2.5673907444456745e-15,1.0,949,949,949,949,0,949,1.0000,1.0000,0.0000,0.0028,0.0000,0,False,3.57,True,0.0,0.0,0.0,0.00
56,12,277000000,12.277000000,-0.7269110588629811,-0.5725902702147829,-0.37913150087807435,1.8041124150158794e-16,-6.938893903907228e-17,2.5673907444456745e-15,1.0,949,949,949,949,0,949,1.0000,1.0000,0.0000,0.0000,0.0000,0,False,3.51,True,0.0,0.0,0.0,0.00
57,12,310000000,12.310000000,-0.7269110588629811,-0.5725902702147829,-0.37913150087807435,1.8041124150158794e-16,-6.938893903907228e-17,2.5673907444456745e-15,1.0,949,949,949,949,0,949,1.0000,1.0000,0.0000,0.0000,0.0000,0,False,3.45,True,0.0,0.0,0.0,0.00
58,12,343000000,12.343000000,-0.7269110588629811,-0.5725902702147829,-0.37913150087807435,1.8041124150158794e-16,-6.938893903907228e-17,2.5673907444456745e-15,1.0,949,949,949,949,0,949,1.0000,1.0000,0.0000,0.0015,0.0000,0,False,3.39,True,0.0,0.0,0.0,0.00
59,12,376000000,12.376000000,-0.7269110588629811,-0.5725902702147829,-0.37913150087807435,1.8041124150158794e-16,-6.938893903907228e-17,2.5673907444456745e-15,1.0,949,949,949,949,0,949,1.0000,1.0000,0.0000,0.0000,0.0000,0,False,3.33,True,0.0,0.0,0.0,0.00
60,12,409000000,12.409000000,-0.7269110588629811,-0.5725902702147829,-0.37913150087807435,1.8041124150158794e-16,-6.938893903907228e-17,2.5673907444456745e-15,1.0,949,949,949,949,0,949,1.0000,1.0000,0.0000,0.0012,0.0000,0,False,3.28,True,0.0,0.0,0.0,0.00
61,12,442000000,12.442000000,-0.7269110588629811,-0.5725902702147829,-0.37913150087807435,1.8041124150158794e-16,-6.938893903907228e-17,2.5673907444456745e-15,1.0,949,949,949,949,0,949,1.0000,1.0000,0.0000,0.0000,0.0000,0,False,1.64,True,0.0,0.0,0.0,0.00
62,12,475000000,12.475000000,-0.7269110588629811,-0.5725902702147829,-0.37913150087807435,1.8041124150158794e-16,-6.938893903907228e-17,2.5673907444456745e-15,1.0,949,949,949,949,0,949,1.0000,1.0000,0.0000,0.0000,0.0000,0,False,1.64,True,0.0,0.0,0.0,0.00
63,12,508000000,12.508000000,-0.7269110588629811,-0.5725902702147829,-0.37913150087807435,1.8041124150158794e-16,-6.938893903907228e-17,2.5673907444456745e-15,1.0,949,949,949,949,0,949,1.0000,1.0000,0.0000,0.0000,0.0000,0,False,0.00,True,0.0,0.0,0.0,0.00
64,12,541000000,12.541000000,-0.7269110588629811,-0.5725902702147829,-0.37913150087807435,1.8041124150158794e-16,-6.938893903907228e-17,2.5673907444456745e-15,1.0,949,949,949,949,0,949,1.0000,1.0000,0.0000,0.0000,0.0000,0,False,0.00,True,0.0,0.0,0.0,0.00
65,12,574000000,12.574000000,-0.7269110588629811,-0.5725902702147829,-0.37913150087807435,1.8041124150158794e-16,-6.938893903907228e-17,2.5673907444456745e-15,1.0,949,949,949,949,0,949,1.0000,1.0000,0.0000,0.0036,0.0001,0,False,0.00,True,0.0,0.0,0.0,0.00
66,12,607000000,12.607000000,-0.7269110588629811,-0.5725902702147829,-0.37913150087807435,1.8041124150158794e-16,-6.938893903907228e-17,2.5673907444456745e-15,1.0,949,949,949,949,0,949,1.0000,1.0000,0.0000,0.0000,0.0000,0,False,0.00,True,0.0,0.0,0.0,0.00
67,12,640000000,12.640000000,-0.7269110588629811,-0.5725902702147829,-0.37913150087807435,1.8041124150158794e-16,-6.938893903907228e-17,2.5673907444456745e-15,1.0,949,949,949,949,0,949,1.0000,1.0000,0.0000,0.0020,0.0000,0,False,0.00,True,0.0,0.0,0.0,0.00
68,12,673000000,12.673000000,-0.7269110588629811,-0.5725902702147829,-0.37913150087807435,1.8041124150158794e-16,-6.938893903907228e-17,2.5673907444456745e-15,1.0,949,949,949,949,0,949,1.0000,1.0000,0.0000,0.0000,0.0000,0,False,0.00,True,0.0,0.0,0.0,0.00
69,12,706000000,12.706000000,-0.7269110588629811,-0.5725902702147829,-0.37913150087807435,1.8041124150158794e-16,-6.938893903907228e-17,2.5673907444456745e-15,1.0,949,949,949,949,0,949,1.0000,1.0000,0.0000,0.0022,0.0000,0,False,0.00,True,0.0,0.0,0.0,0.00
70,12,739000000,12.739000000,-0.7269110588629811,-0.5725902702147829,-0.37913150087807435,1.8041124150158794e-16,-6.938893903907228e-17,2.5673907444456745e-15,1.0,949,949,949,949,0,949,1.0000,1.0000,0.0000,0.0000,0.0000,0,False,0.00,True,0.0,0.0,0.0,0.00
71,12,772000000,12.772000000,-0.7269110588629811,-0.5725902702147829,-0.37913150087807435,1.8041124150158794e-16,-6.938893903907228e-17,2.5673907444456745e-15,1.0,949,949,949,949,0,949,1.0000,1.0000,0.0000,0.0005,0.0000,0,False,0.00,True,0.0,0.0,0.0,0.00
72,12,805000000,12.805000000,-0.7269110588629811,-0.5725902702147829,-0.37913150087807435,1.8041124150158794e-16,-6.938893903907228e-17,2.5673907444456745e-15,1.0,949,949,949,949,0,949,1.0000,1.0000,0.0000,0.0000,0.0000,0,False,0.00,True,0.0,0.0,0.0,0.00
73,12,838000000,12.838000000,-0.7269110588629811,-0.5725902702147829,-0.37913150087807435,1.8041124150158794e-16,-6.938893903907228e-17,2.5673907444456745e-15,1.0,949,949,949,949,0,949,1.0000,1.0000,0.0000,0.0000,0.0000,0,False,0.00,True,0.0,0.0,0.0,0.00
74,12,871000000,12.871000000,-0.7269110588629811,-0.5725902702147829,-0.37913150087807435,1.8041124150158794e-16,-6.938893903907228e-17,2.5673907444456745e-15,1.0,949,949,949,949,0,949,1.0000,1.0000,0.0000,0.0000,0.0000,0,False,0.00,True,0.0,0.0,0.0,0.00
75,12,904000000,12.904000000,-0.7269110588629811,-0.5725902702147829,-0.37913150087807435,1.8041124150158794e-16,-6.938893903907228e-17,2.5673907444456745e-15,1.0,949,949,949,949,0,949,1.0000,1.0000,0.0000,0.0000,0.0000,0,False,0.00,True,0.0,0.0,0.0,0.00
76,12,937000000,12.937000000,-0.7269110588629811,-0.5725902702147829,-0.37913150087807435,1.8041124150158794e-16,-6.938893903907228e-17,2.5673907444456745e-15,1.0,949,949,949,949,0,949,1.0000,1.0000,0.0000,0.0033,0.0000,0,False,0.00,True,0.0,0.0,0.0,0.00
77,12,970000000,12.970000000,-0.7269110588629811,-0.5725902702147829,-0.37913150087807435,1.8041124150158794e-16,-6.938893903907228e-17,2.5673907444456745e-15,1.0,949,949,949,949,0,949,1.0000,1.0000,0.0000,0.0000,0.0000,0,False,0.00,True,0.0,0.0,0.0,0.00
78,13,3000000,13.003000000,-0.7269110588629811,-0.5725902702147829,-0.37913150087807435,1.8041124150158794e-16,-6.938893903907228e-17,2.5673907444456745e-15,1.0,949,949,949,949,0,949,1.0000,1.0000,0.0000,0.0000,0.0000,0,False,0.00,True,0.0,0.0,0.0,0.00
79,13,36000000,13.036000000,-0.7269110588629811,-0.5725902702147829,-0.37913150087807435,1.8041124150158794e-16,-6.938893903907228e-17,2.5673907444456745e-15,1.0,949,949,949,949,0,949,1.0000,1.0000,0.0000,0.0032,0.0001,0,False,0.00,True,0.0,0.0,0.0,0.00
80,13,69000000,13.069000000,-0.7269110588629811,-0.5725902702147829,-0.37913150087807435,1.8041124150158794e-16,-6.938893903907228e-17,2.5673907444456745e-15,1.0,949,949,949,949,0,949,1.0000,1.0000,0.0000,0.0000,0.0000,0,False,0.00,True,0.0,0.0,0.0,0.00
81,13,102000000,13.102000000,-0.7269110588629811,-0.5725902702147829,-0.37913150087807435,1.8041124150158794e-16,-6.938893903907228e-17,2.5673907444456745e-15,1.0,949,949,949,949,0,949,1.0000,1.0000,0.0000,0.0000,0.0000,0,False,0.00,True,0.0,0.0,0.0,0.00
82,13,135000000,13.135000000,-0.7269110588629811,-0.5725902702147829,-0.37913150087807435,1.8041124150158794e-16,-6.938893903907228e-17,2.5673907444456745e-15,1.0,949,949,949,949,0,949,1.0000,1.0000,0.0000,0.0033,0.0000,0,False,0.00,True,0.0,0.0,0.0,0.00
83,13,168000000,13.168000000,-0.7269110588629811,-0.5725902702147829,-0.37913150087807435,1.8041124150158794e-16,-6.938893903907228e-17,2.5673907444456745e-15,1.0,949,949,949,949,0,949,1.0000,1.0000,0.0000,0.0000,0.0000,0,False,0.00,True,0.0,0.0,0.0,0.00
84,13,201000000,13.201000000,-0.7269110588629811,-0.5725902702147829,-0.37913150087807435,1.8041124150158794e-16,-6.938893903907228e-17,2.5673907444456745e-15,1.0,949,949,949,949,0,949,1.0000,1.0000,0.0000,0.0000,0.0000,0,False,0.00,True,0.0,0.0,0.0,0.00
85,13,234000000,13.234000000,-0.7269110588629811,-0.5725902702147829,-0.37913150087807435,1.8041124150158794e-16,-6.938893903907228e-17,2.5673907444456745e-15,1.0,949,949,949,949,0,949,1.0000,1.0000,0.0000,0.0000,0.0000,0,False,0.00,True,0.0,0.0,0.0,0.00
86,13,267000000,13.267000000,-0.7269110588629811,-0.5725902702147829,-0.37913150087807435,1.8041124150158794e-16,-6.938893903907228e-17,2.5673907444456745e-15,1.0,949,949,949,949,0,949,1.0000,1.0000,0.0000,0.0021,0.0000,0,False,0.00,True,0.0,0.0,0.0,0.00
87,13,300000000,13.300000000,-0.7269110588629811,-0.5725902702147829,-0.37913150087807435,1.8041124150158794e-16,-6.938893903907228e-17,2.5673907444456745e-15,1.0,949,949,949,949,5,949,1.0000,1.0000,0.0487,0.9964,0.4595,0,False,0.00,True,0.0,0.0,0.0,0.00
88,13,333000000,13.333000000,-0.9137249847480282,0.4035305446891143,-0.4899859631552764,-2.2889567467968793e-06,-1.559203599201034e-05,2.01058563577374e-05,0.9999999996737018,949,949,949,949,29,943,1.0000,1.0000,0.2730,11.8319,1.5392,0,False,0.00,True,-0.18681392588504203,0.9761208149038982,-0.11085446227720241,0.00
89,13,366000000,13.366000000,-0.9137249847480282,0.4035305446891143,-0.4899859631552764,-2.2889567467968793e-06,-1.559203599201034e-05,2.01058563577374e-05,0.9999999996737018,1163,0,0,0,0,0,0.0000,0.0000,0.0000,0.0000,0.0000,1,False,1.64,True,0.0,0.0,0.0,0.00
90,13,399000000,13.399000000,-0.09146818642710008,-0.16340741110332824,-0.44023546670647073,0.0020287284252724926,-0.0016480317882402611,-0.0006330453768463428,0.9999963837463375,1163,1039,1033,1033,719,1020,0.9942,0.8934,1.2704,42.0861,2.9571,0,False,1.64,True,0.8222355510881576,-0.5669712474082491,0.04972225999577505,0.31
91,13,432000000,13.432000000,0.8919429012210424,-0.3447753847849939,-0.4373560894640729,0.005524809968949283,-0.003973042267787267,-0.001662504805155956,0.9999754634428377,719,718,718,718,442,705,1.0000,0.9986,2.8400,14.7948,2.3166,0,False,1.64,True,0.9836452809838542,-0.1801161391836094,0.00037094984157633003,0.50
92,13,465000000,13.465000000,0.909064276471769,-0.5784644941611554,0.5348045241530905,0.009916233766481713,-0.006460667022486444,-0.001745328152263813,0.9999284383990457,442,442,439,439,154,440,0.9932,1.0000,4.6686,12.1156,2.4777,0,False,1.64,True,0.025614820886101744,-0.2228627914852058,0.9745132411221485,0.58
93,13,498000000,13.498000000,1.0483716196348358,-0.6523007276057156,1.5222971442630173,0.015041539341433041,-0.012217813580005343,-0.0019534253777518233,0.9998103126367811,154,154,154,154,154,154,1.0000,1.0000,2.3185,5.7437,0.6835,0,False,1.64,True,0.1522866718690981,-0.0537475893159575,0.9868738350031159,0.88
94,13,531000000,13.531000000,1.4141557742165551,-0.8650955644398027,2.42834367158581,0.01623194557726802,-0.014038058088349487,-0.0014080694030920433,0.9997687103567708,154,154,154,154,134,154,1.0000,1.0000,1.8461,4.5153,0.7687,0,False,1.64,True,0.388663942390116,-0.18410782760223557,0.9027982319994642,0.26
95,13,564000000,13.564000000,1.3292231699305275,-1.1895553528404272,3.370422382968365,0.017358048708659007,-0.013649805905989264,-0.0009922600147195609,0.9997556683329281,134,134,134,134,114,134,1.0000,1.0000,2.3289,6.4898,0.8916,0,False,1.64,True,-0.05743668412916977,-0.2938742369901964,0.9541168482684266,0.14
96,13,597000000,13.597000000,1.4793291396437527,-1.1245697953544649,4.356954224915036,0.023275297772410757,-0.03724515266460613,0.0009789076408437721,0.9990345844145869,114,114,114,114,114,114,1.0000,1.0000,4.1869,8.8499,1.0252,0,False,1.64,True,0.176781383824468,0.099439845098536,0.9792140008904515,2.80
97,13,630000000,13.630000000,1.7802260292238108,-0.6812940234106613,3.5125801065002946,0.018044070452116062,-0.029290027864650597,0.004613435747023489,0.9993974294542762,114,114,114,114,108,114,1.0000,1.0000,6.0733,11.5277,1.1555,0,False,1.64,True,0.2372845329727161,0.40247782008224053,-0.8841423272040356,1.17
98,13,663000000,13.663000000,2.6095375272140684,-1.212259727996131,3.338459861108755,0.013366282794541584,-0.022945257697380886,-0.005726157872813932,0.9996309662817938,108,108,106,106,106,107,0.9815,1.0000,7.8010,13.3764,1.3118,0,False,1.64,True,0.8132954797600243,-0.545354123517905,-0.20282835739592545,1.49
99,13,696000000,13.696000000,2.939816280007287,-1.565893686282944,4.213593547467449,0.004930867154143791,-0.01893942813986642,-0.005015150877544679,0.9997958956069577,106,106,106,106,106,106,1.0000,1.0000,9.6888,15.0831,1.3925,0,False,1.64,True,0.37418622189340706,-0.32629003684944413,0.8680550000996056,1.07
100,13,729000000,13.729000000,2.740522572973822,-1.827042397019814,3.2690918962156728,0.010322902146790809,-0.002094507821857451,-0.009081819647797288,0.9999032809627824,106,106,106,106,106,106,1.0000,1.0000,11.6826,18.1577,1.4667,0,False,1.64,True,-0.23219569272979668,-0.2725761684948863,-0.9336955567241269,2.08
101,13,762000000,13.762000000,2.9903854071750198,-1.5664071366780261,4.201635635217503,0.017064677709785658,-0.008060828698631875,-0.006821594345213282,0.9997986225565336,106,106,106,106,106,106,1.0000,1.0000,13.6850,21.2950,1.4856,0,False,1.64,True,0.24880573640840944,0.2843506240951101,0.9258727926162376,1.06
102,13,795000000,13.795000000,2.806052857302882,-1.9070609173180082,3.279693927302451,0.023267742192592637,0.01105480143454889,-0.012649680573146523,0.9995881097331536,106,106,106,106,100,106,1.0000,1.0000,15.6749,24.4191,1.4544,0,False,1.64,True,-0.19419664605530373,-0.37444767378342925,-0.9066844005821704,2.40
103,13,828000000,13.828000000,2.724184089767279,-1.4654739429041044,2.386218438589874,0.009279622604836007,0.029816363675060187,-0.005806544299033556,0.9994954512676941,100,100,100,100,99,97,1.0000,1.0000,17.2199,24.3498,1.4716,0,False,1.64,True,-0.07249044955889193,0.3975437209627926,-0.9147153243746424,2.79
104,13,861000000,13.861000000,2.724184089767279,-1.4654739429041044,2.386218438589874,0.009279622604836007,0.029816363675060187,-0.005806544299033556,0.9994954512676941,2000,0,0,0,0,0,0.0000,0.0000,0.0000,0.0000,0.0000,1,False,3.28,True,0.0,0.0,0.0,0.00
105,13,894000000,13.894000000,2.851618491432695,-1.5464165700190426,3.374757140102319,-0.0001381864825807544,0.03175627766254103,-0.004951667087010868,0.9994833669084119,2000,2000,1837,1837,1643,1879,0.9185,1.0000,10.3685,37.9551,3.5771,0,False,3.28,True,0.06906790862223777,-0.06137856629015108,0.9957219971451448,1.11
106,13,927000000,13.927000000,2.925425206755928,-1.4271677050230245,4.364874444753823,-0.0008829886757222813,0.03336399247838881,-0.004992598261141949,0.99943040693162,1643,1642,1628,1628,1377,1266,0.9915,0.9994,12.9190,35.6184,2.8812,0,False,3.28,True,0.009621799044765149,0.11938803461215468,0.9928010466224284,0.20
107,13,960000000,13.960000000,3.007005843076856,-1.5937336785255911,5.34752411592286,-0.012781726936501614,0.04187862365738508,-0.0037365015379762045,0.9990339568269642,1377,1374,1340,1340,1063,1373,0.9753,0.9978,15.9394,35.6258,2.3134,0,False,3.28,True,0.017542785835385495,-0.16780979660618262,0.9856632907987014,1.68
108,13,993000000,13.993000000,3.0687613807413054,-1.736499435089286,6.3353521335051575,-0.02397864954956578,0.05051205016576209,-0.002616525614162066,0.9984321263598949,1063,1063,1050,1050,1050,1061,0.9878,1.0000,16.8335,42.2929,2.1025,0,False,3.28,True,-0.019807576991575405,-0.16785723268031996,0.9856123017346261,1.63
109,14,26000000,14.026000000,3.273357114099049,-2.1304335134620755,7.23143054959852,-0.03660821039021539,0.0595405394529214,-0.0022638821669083036,0.9975518221782843,1050,1043,997,997,997,917,0.9559,0.9933,17.0992,77.5069,2.0148,0,False,3.28,True,0.11629027081771891,-0.4360453012092621,0.8923794418331618,1.78
110,14,59000000,14.059000000,3.4466862264956344,-1.7362082668104521,8.133951171910429,-0.03309339338412101,0.06657307384527567,-0.004303955706181581,0.9972233095542815,997,995,974,974,815,993,0.9789,0.9980,17.0010,32.7773,1.8383,0,False,3.28,True,0.06153883268121145,0.32703096348851285,0.9430078053717312,0.93
111,14,92000000,14.092000000,3.5771605188889146,-1.847453460327315,9.119141999082439,-0.0433395142957168,0.07279915665583908,-0.0034827868872328318,0.996398434104705,815,813,809,809,809,809,0.9951,0.9975,18.1986,50.2832,1.5428,0,False,3.28,True,0.00022855964423712988,-0.17604244272656455,0.9843825506983316,1.38
112,14,125000000,14.125000000,3.7393671163247792,-1.4836075664738226,10.036368898641228,-0.04154007195840816,0.07743255114993539,-0.004496210649113681,0.9961216825939999,809,806,802,802,802,801,0.9950,0.9963,18.1131,40.0599,1.4223,0,False,3.28,True,0.022873355043362426,0.2828893657191822,0.9588797716043754,0.58
113,14,158000000,14.158000000,3.6740097734534225,-1.2933753885115995,11.015930094381723,-0.045026616832157806,0.08435852159899643,-0.004489204036156766,0.9954074997996567,802,796,793,793,793,793,0.9962,0.9925,17.9418,41.9244,1.3046,0,False,3.28,True,-0.21824435238898046,0.10765444116704065,0.9699381031526324,0.89
114,14,191000000,14.191000000,3.9558672833747215,-0.9066593342941347,11.894000158506127,-0.041922242985002134,0.08673124863539375,-0.005848007427420108,0.9953321138506387,793,782,776,776,776,777,0.9923,0.9861,17.6658,69.7391,1.2314,0,False,3.28,True,0.12433056101213277,0.3061352600333525,0.9438342620199374,0.47
115,14,224000000,14.224000000,4.364932585632914,-0.5891774892565469,12.749494668459253,-0.040701855038394186,0.08158688274485748,-0.004166512214297493,0.9958260790601834,776,757,728,728,728,748,0.9617,0.9755,17.1483,43.2704,1.2317,0,False,3.28,True,0.24959439535758876,0.24587010175608418,0.9366165335229422,0.64
116,14,257000000,14.257000000,4.502598759821503,-0.6602922652552062,13.73741709108106,-0.047185679670595206,0.08576883890685238,-0.003946863378320374,0.9951892484226642,728,701,689,689,689,687,0.9829,0.9629,16.4593,34.6680,1.1739,0,False,3.28,True,-0.023303998266341296,-0.15140513849463788,0.9881970490252548,0.89
117,14,290000000,14.290000000,5.0383456774121145,-0.4859810093159713,14.56360764194995,-0.04894203108050841,0.07381809942600341,-0.0019000413507446075,0.9960682484818562,689,669,659,659,659,659,0.9851,0.9710,15.8089,29.1254,1.0934,0,False,3.28,True,0.3843344768192504,0.0952489175210763,0.9182672016570866,1.41
118,14,323000000,14.323000000,4.551152099645671,-0.23711464492287423,15.400690642886476,-0.05067772627872421,0.08240043614901855,-0.0021919584103409647,0.9953075562357585,659,633,613,613,524,622,0.9684,0.9605,15.1876,86.6011,1.1853,0,False,3.28,True,-0.6075628905550501,0.16749877135818175,0.7764093608489608,1.01
119,14,356000000,14.356000000,4.996428346800205,0.06825917669117867,16.242400743094855,-0.043149957278771724,0.08085537129228586,-0.007313896256719484,0.9957645289131225,524,499,486,486,486,462,0.9739,0.9523,15.0631,33.8809,1.0900,0,False,3.28,True,0.29746576602622304,0.21681076779710565,0.9297887980663468,1.06
120,14,389000000,14.389000000,5.180340112510977,0.31102984958962243,17.194891615919147,-0.043426704165588095,0.08226124560557721,-0.0075719071963780285,0.9956354127180004,486,466,455,455,455,452,0.9764,0.9588,14.4693,53.8401,1.0895,0,False,3.28,True,0.023482820027666006,0.16025791777807905,0.9867958030681843,0.17
121,14,422000000,14.422000000,5.28354026643406,0.6687533910977237,18.12299915068069,-0.04233619163814694,0.08512747971693738,-0.008065988315359623,0.9954375414395003,455,421,410,410,410,406,0.9739,0.9253,13.6578,62.2631,1.0385,0,False,3.28,True,-0.057575592574780905,0.2757383022444638,0.9595068732505274,0.36
122,14,455000000,14.455000000,5.4952532930321665,0.6109873616983266,19.098622377247228,-0.046717900476034795,0.08656071599887309,-0.0076887437042628196,0.9951208788087627,410,393,384,384,384,382,0.9771,0.9585,12.9086,29.7235,0.9966,0,False,3.28,True,0.04528051589067388,-0.1392489327392218,0.9892216180470695,0.53
123,14,488000000,14.488000000,5.232455831203176,0.6345749239682582,20.063185035119908,-0.047736348332590675,0.09065509869847778,-0.009320310384016418,0.9946939358125113,384,357,350,350,350,336,0.9804,0.9297,12.2642,28.9938,1.0080,0,False,3.28,True,-0.4248587316120018,-0.06938303628917947,0.9025968382663079,0.52
124,14,521000000,14.521000000,5.716019197494563,0.780314684820133,20.926276219692994,-0.04927169487123125,0.08507366632500066,-0.007963164070061708,0.9951237909931266,350,337,330,330,330,330,0.9792,0.9629,11.7649,31.0231,1.1096,0,False,3.28,True,0.31667862287899745,0.06640811495317689,0.9462053752118654,0.68
125,14,554000000,14.554000000,4.904830875946731,1.2596867889660075,21.261202917271984,-0.04928759951604166,0.0933651749412574,-0.0068857019629433676,0.9943873811300162,330,313,304,304,301,302,0.9712,0.9485,11.2043,67.8485,1.2576,0,False,3.28,True,-0.8674058276356286,0.4376303956497545,0.2368264490870675,0.96
126,14,587000000,14.587000000,5.525824053985514,1.3498247259660345,22.039818756529485,-0.05196377726966235,0.07439112130776067,-0.004239470170840432,0.995865329156063,301,274,265,265,265,266,0.9672,0.9103,10.4625,21.8253,1.1223,0,False,3.28,True,0.4639971950780163,0.015157544467762137,0.8857069785236207,2.22
127,14,620000000,14.620000000,4.846673070960976,1.7838278279129436,22.63176068759812,-0.05123849936986678,0.08031075004221021,-0.004440708850722198,0.9954421528722224,265,250,243,243,236,241,0.9720,0.9434,10.6806,208.2230,1.0805,0,False,3.28,True,-0.7660752455232783,0.3695216330939951,0.5259110959772532,0.69
128,14,653000000,14.653000000,3.883420814332546,1.687769644611186,22.882595126065013,-0.05037631688497106,0.08732321811029882,-0.006823404732458212,0.9948820650830043,236,226,224,224,223,221,0.9912,0.9576,9.5652,23.3756,0.9780,0,False,3.28,True,-0.9891404852103091,-0.12190501368528202,0.08209913614835096,0.86
129,14,686000000,14.686000000,4.537588321052688,2.291543444180596,23.338141031660776,-0.04619692022177544,0.08965311825562454,-0.0090144452095524,0.9948602428113357,223,212,206,206,168,206,0.9717,0.9507,8.9953,16.8537,1.1429,0,False,3.28,True,0.5517815302394965,0.5575738947303206,0.620200366657277,0.60
130,14,719000000,14.719000000,4.839291169240134,2.094196733226877,24.270894840053607,-0.0497134283488623,0.0905004753294247,-0.007946197199952175,0.9946230929135971,168,157,151,151,151,151,0.9618,0.9345,8.5892,20.2597,1.1684,0,False,3.28,True,0.13636610198805918,-0.28080542629729116,0.9500276831706426,0.43
131,14,752000000,14.752000000,5.427508853690258,2.202277505746853,25.07234259400368,-0.05079645651667268,0.08091770966867237,-0.006138288022637024,0.9954066333350795,151,148,143,143,143,143,0.9662,0.9801,8.2234,21.9713,1.5285,0,False,3.28,True,0.432177424360554,0.031128264911623838,0.9012511886242753,1.13
132,14,785000000,14.785000000,5.4362574322905,1.2111961995953566,25.205313669691293,-0.061392060178802464,0.08395008512931862,-0.017769908540344773,0.9944182362086136,143,128,123,123,123,124,0.9609,0.8951,7.7592,16.5249,1.6078,0,False,3.28,True,0.007554237472225682,-0.9994360564033828,0.03271853690291715,1.84
133,14,818000000,14.818000000,4.760032901415147,1.4294153788432207,25.908947646735324,-0.06069158284601835,0.08789119648182497,-0.01814818563773205,0.9941138328736285,123,109,107,107,103,102,0.9817,0.8862,7.3850,15.7486,1.6459,0,False,3.28,True,-0.7921730531330019,0.11149584658792444,0.6000254411969379,0.46
134,14,851000000,14.851000000,4.016581722941611,1.5816352590680118,26.560184510933492,-0.05987788671118147,0.09196449149055942,-0.01878498702018621,0.9937828209677089,103,94,93,93,92,92,0.9894,0.9126,6.9804,11.0990,1.4482,0,False,3.28,True,-0.8509593590220734,0.051442563432125575,0.5227062578162553,0.48
135,14,884000000,14.884000000,4.016581722941611,1.5816352590680118,26.560184510933492,-0.05987788671118147,0.09196449149055942,-0.01878498702018621,0.9937828209677089,2000,0,0,0,0,0,0.0000,0.0000,0.0000,0.0000,0.0000,1,False,4.92,True,0.0,0.0,0.0,0.00
136,14,917000000,14.917000000,4.087313921254891,1.991088392664927,27.469769629275604,-0.05739127954626225,0.09302689148232504,-0.01957917133165593,0.9938153221515273,2000,1997,1942,1942,1269,1907,0.9725,0.9985,3.1983,18.8403,2.2409,0,False,4.92,True,-0.11452380210385674,0.2966964236406875,0.9480799180187829,0.32
137,14,950000000,14.950000000,4.331036722362618,2.227211307133199,28.41043171817002,-0.05553544328723463,0.09262089951565537,-0.02004288990373522,0.9939494283292828,1269,1267,1264,1264,1264,1265,0.9976,0.9984,3.7230,7.3466,0.9252,0,False,4.92,True,0.05578995840390537,0.1305382783816224,0.9898723344040142,0.22
138,14,983000000,14.983000000,4.60241835641512,2.265223683698063,29.372152606955787,-0.05570893176299095,0.09144607530026001,-0.01998594160458721,0.994049642810752,1264,1263,1261,1261,1261,1262,0.9984,0.9992,3.5788,7.5693,0.9898,0,False,4.92,True,0.08966981536868182,-0.0639752835398759,0.993914728388577,0.14
139,15,16000000,15.016000000,4.743297806186114,2.1571358013553863,30.356261335868858,-0.05666880580806591,0.09162558876935288,-0.019838349118434337,0.99398180960982,1261,1256,1247,1247,1227,1240,0.9928,0.9960,3.4342,7.6546,0.9792,0,False,4.92,True,-0.03291660392986255,-0.2157603447233649,0.9758913724542191,0.11
140,15,49000000,15.049000000,4.868179106817951,2.094845792435755,31.346475764940305,-0.05706448586858289,0.09166751950144494,-0.019898908562353008,0.9939540953982904,1227,1224,1224,1224,1224,1222,1.0000,0.9976,3.3436,9.1647,0.8376,0,False,4.92,True,-0.05234985116784471,-0.1733656479868,0.9834652231679682,0.05
141,15,82000000,15.082000000,5.304880807631415,2.5499039792623375,32.122500037182306,-0.05455327331529781,0.09196524970367688,-0.02037498228787873,0.9940579426342789,1224,1221,1215,1215,1215,1220,0.9951,0.9975,3.2331,8.2783,0.8608,0,False,4.92,True,0.2666052086467871,0.3735776567230703,0.8884601269160609,0.30
142,15,115000000,15.115000000,5.055947560271012,2.4018030412095945,33.07963030548778,-0.05532468621107454,0.09310899359701846,-0.020124364009094075,0.9939139320787419,1215,1210,1200,1200,1080,1165,0.9917,0.9959,3.1435,16.0078,0.8191,0,False,4.92,True,-0.4099021438884664,-0.2620779811245398,0.8736677653692646,0.16
143,15,148000000,15.148000000,5.05922665742321,2.4891983535339905,34.07579861802618,-0.054866168236525195,0.09323534016322191,-0.020270793752198642,0.9939245292517663,1080,1074,1072,1072,1072,1071,0.9981,0.9944,3.1170,12.2525,0.7662,0,False,4.92,True,-0.18333419108718527,-0.02640080400601685,0.9826960730186334,0.06
144,15,181000000,15.181000000,5.31778749022423,2.791012864405316,34.993433783420755,-0.0532973124610543,0.09263210708949607,-0.020364001842659844,0.9940643825474993,1072,1068,1067,1067,1067,1066,0.9991,0.9963,3.0196,18.3285,0.7518,0,False,4.92,True,0.07057223657576776,0.20397177394199106,0.9764297593066544,0.19
145,15,214000000,15.214000000,5.41848416214985,2.6999764599321927,35.98417721808167,-0.05380640387223596,0.09251953018501216,-0.02033695409086483,0.9940479946838525,1067,1062,1061,1061,1061,1061,0.9991,0.9953,2.9122,5.1389,0.7338,0,False,4.92,True,-0.07683954266141528,-0.19608003454901798,0.9775726595679936,0.06
146,15,247000000,15.247000000,5.968895504632149,2.790321546031011,36.81416825386737,-0.05460838822319548,0.08631756163561076,-0.01899080735468327,0.9945886344237826,1061,1058,1058,1058,1058,1056,1.0000,0.9972,2.8310,8.0588,0.7755,0,False,4.92,True,0.38513064334151326,0.014611898959889567,0.922746379005704,0.74
147,15,280000000,15.280000000,6.366634124237822,2.79245371902382,37.73166454503835,-0.05533040330501765,0.08322051669760724,-0.018637754603920347,0.9948193434860478,1058,1053,1051,1051,1051,1050,0.9981,0.9953,2.7498,9.4951,0.7723,0,False,4.92,True,0.2357922297249901,-0.08927841595507549,0.9676938507843634,0.37
148,15,313000000,15.313000000,6.719858266078418,2.119916799052683,38.3819927674743,-0.056892428517970245,0.08438711588535523,-0.018121703875675497,0.994642483558048,1051,1044,1044,1044,778,1044,1.0000,0.9933,2.6494,5.1513,0.6996,0,False,4.92,True,0.27287971228396585,-0.7317167274617098,0.6246017077918906,0.23
149,15,346000000,15.346000000,6.961839472869315,2.2660453681946615,39.34120678782666,-0.05628109051010721,0.08328688818966659,-0.018083368858710917,0.9947706895950417,778,773,769,769,769,771,0.9948,0.9936,2.6828,15.5611,0.7376,0,False,4.92,True,0.07265954151278611,0.0399933464802807,0.9965546263323751,0.15
150,15,379000000,15.379000000,6.68876971242291,1.3904325471643357,38.94279105824629,-0.05590403218403467,0.08575207670908826,-0.02007193202602605,0.9945443369052924,769,766,766,766,766,766,1.0000,0.9961,2.5784,3.9822,0.6557,0,False,3.28,True,-0.16418388264900338,-0.8309452818252517,-0.5315765149916342,0.37
151,15,412000000,15.412000000,6.621164930621536,0.8461264908719665,39.77894924337698,-0.05676699774720114,0.08710608425277494,-0.019717157333274064,0.9943848710432056,766,766,766,766,603,766,1.0000,1.0000,2.5184,4.0537,0.6888,0,False,3.28,True,-0.1803517583563075,-0.6383737982662666,0.7482994968225543,0.19
152,15,445000000,15.445000000,7.209675487174542,0.842911787757377,40.58743238513662,-0.05901120257132913,0.0766333699518823,-0.018416729920798354,0.9951411099135277,603,599,599,599,599,599,1.0000,0.9934,2.5311,4.4064,0.6691,0,False,3.28,True,0.4410333280594555,-0.07998638495274611,0.8939193373917984,1.24
153,15,478000000,15.478000000,7.08160259556563,-0.13903601783783137,40.726629517009684,-0.06438687491701502,0.07836444809535413,-0.025507933147005224,0.9945163090466135,599,599,599,599,599,599,1.0000,1.0000,2.4735,4.1205,0.6998,0,False,3.28,True,-0.10253584667687018,-0.9947203440510191,0.004223420092699934,1.04
154,15,511000000,15.511000000,7.438292480934116,-0.22584121233664312,41.656810781002804,-0.06528153263413923,0.07510396405792291,-0.025701982117277332,0.9947045411552956,599,593,592,592,592,590,0.9983,0.9900,2.4551,14.3712,0.6987,0,False,3.28,True,0.21519357875463482,-0.19431968758667162,0.9570431456726449,0.39
155,15,544000000,15.544000000,7.696161630600235,0.6020662682189797,41.15874180456428,-0.059475082467420656,0.07827664023634277,-0.01817554870233438,0.9949900158233613,592,588,587,587,587,587,0.9983,0.9932,2.3536,5.7088,0.6348,0,False,3.28,True,0.27691506901034246,0.8970217173912642,-0.3444852436366822,1.15
156,15,577000000,15.577000000,8.074884580329677,0.3749954028023363,42.05596404538712,-0.06274230898212446,0.07273720332691352,-0.01867190733973555,0.9952005133600299,587,587,586,586,586,586,0.9983,1.0000,2.3294,7.6852,0.6273,0,False,3.28,True,0.2463392758562545,-0.32388572272719346,0.9134631901637303,0.74
157,15,610000000,15.610000000,7.95831573360648,-0.31565684699700486,41.34223358238254,-0.06081650810630847,0.07399556169679092,-0.01991650728047028,0.9952031661568801,586,585,585,585,413,585,1.0000,0.9983,2.2817,3.3686,0.6485,0,False,3.28,True,0.018376449144739827,-0.5969302571260379,-0.8020826480134534,0.30
158,15,643000000,15.643000000,7.997925686030208,-1.1379741258390321,41.90988254484687,-0.06447311808877194,0.07337019506308898,-0.022679871672128937,0.9949601273122715,413,413,413,413,413,413,1.0000,1.0000,2.2263,3.6695,0.7885,0,False,3.28,True,-0.0030847762979927967,-0.8847550534766213,0.46604611306476146,0.53
159,15,676000000,15.676000000,8.197134714622647,-0.9792746340531633,42.87690386531202,-0.06399858418400173,0.07249479814297936,-0.022554807253917574,0.9950577702497431,413,411,410,410,410,410,0.9976,0.9952,2.2376,11.8429,0.8362,0,False,3.28,True,0.049837735237012244,0.037039104071213434,0.9980702905687792,0.12
160,15,709000000,15.709000000,8.673929111565235,-1.5518461001413177,42.209948829896724,-0.06341277295251807,0.07356267360026654,-0.022959057740450883,0.9950076557227707,410,407,407,407,385,406,1.0000,0.9927,2.1970,7.5022,0.8735,0,False,3.28,True,0.5966096515755387,-0.46319360400763954,-0.6553690630883704,0.15
161,15,742000000,15.742000000,7.880434414545414,-2.033361304556499,41.837780489332374,-0.06196948535585847,0.07541168328892053,-0.02422861626697055,0.9949300654126647,385,385,385,385,385,385,1.0000,1.0000,2.1734,4.0625,0.8510,0,False,3.28,True,-0.704179618994033,-0.45776398289873904,-0.5427551935763503,0.31
162,15,775000000,15.775000000,8.327478168369025,-2.7107257745745597,41.25354658332858,-0.06091594550033479,0.07652867919812528,-0.024812240981744605,0.9948954525684869,385,379,379,379,376,378,1.0000,0.9844,2.1500,4.8423,0.7414,0,False,3.28,True,0.5663370455411606,-0.5798151806105993,-0.5857275024968587,0.19
163,15,808000000,15.808000000,7.526428470616432,-2.868749999212728,40.67618384972173,-0.056933083484125284,0.08594293690139573,-0.02978704694239116,0.9942259136816965,376,376,376,376,376,376,1.0000,1.0000,2.1137,3.0781,0.7246,0,False,3.28,True,-0.6952320458188654,-0.11656215886941157,-0.7092712214563743,1.30
164,15,841000000,15.841000000,6.727490286666185,-3.2325223830741905,40.19726065027737,-0.05474354141254608,0.08994454426074038,-0.03305833584416335,0.9938914780108314,376,376,374,374,374,374,0.9947,1.0000,2.1399,7.9664,0.8354,0,False,3.28,True,-0.6803916441312731,-0.3436010584086879,-0.6473063596603794,0.64
165,15,874000000,15.874000000,5.979227277837843,-3.2758857034673485,39.53527719726391,-0.050064291521003446,0.10654242973094136,-0.03710587567815736,0.9923534810598916,374,373,373,373,373,373,1.0000,0.9973,2.1102,3.5849,0.8110,0,False,1.64,True,-0.6152838891218932,-0.008837764255574384,-0.7882560686160308,2.04
166,15,907000000,15.907000000,5.7981494962048234,-2.418784123065911,39.05300370859568,-0.04938735541688989,0.108175978005145,-0.03615816079755602,0.992245652202767,373,370,370,370,341,370,1.0000,0.9920,2.0934,3.3003,0.8297,0,False,1.64,True,-0.14854480053170296,0.8907745409845034,-0.42948243196764646,0.23
167,15,940000000,15.940000000,6.512731430493336,-1.7342125398229213,39.196998175866725,-0.04814105645684443,0.10819821658202641,-0.03593476828824802,0.9923125903865968,341,341,341,341,340,341,1.0000,1.0000,2.0221,3.4951,0.7023,0,False,1.64,True,0.6091551631750686,0.7078427612513232,0.357615173784975,0.15
168,15,973000000,15.973000000,7.277163470676052,-1.909253482330422,38.57651100888567,-0.04656296904648829,0.10891182391741702,-0.03642806377170339,0.9922918425011878,340,338,337,337,108,336,0.9970,0.9941,2.0776,9.6270,0.7022,0,False,1.64,True,0.8899587226389262,-0.06311645864786991,-0.45165228289763215,0.21
169,16,6000000,16.006000000,7.972765324988984,-2.1271800051150276,37.89193370065567,-0.0464106890997521,0.1101936936915638,-0.03587773804691706,0.9921774970843337,108,107,107,107,34,105,1.0000,0.9907,1.9940,2.6183,0.6692,0,False,1.64,True,0.8408641327592928,-0.10447756021251654,-0.5310668033788242,0.16
170,16,39000000,16.039000000,7.972765324988984,-2.1271800051150276,37.89193370065567,-0.0464106890997521,0.1101936936915638,-0.03587773804691706,0.9921774970843337,2000,0,0,0,0,0,0.0000,0.0000,0.0000,0.0000,0.0000,1,False,3.28,True,0.0,0.0,0.0,0.00
171,16,72000000,16.072000000,8.250847464284263,-3.0471785013440433,37.615757867641065,-0.04633012676807876,0.11124295985674393,-0.036304274854848696,0.9920486494437801,2000,1884,1842,1842,1481,1841,0.9777,0.9420,5.8086,567.7803,2.2151,0,False,3.28,True,0.40499132830696744,-0.869095039853346,-0.28399971073659436,0.13
172,16,105000000,16.105000000,7.7726180549554345,-2.8768117225859107,38.477309835167446,-0.04566375993444,0.11184652410530566,-0.036349846438907436,0.9920100124182614,1481,1481,1479,1479,956,1479,0.9986,1.0000,1.3444,9.2999,1.5755,0,False,3.28,True,-0.6664212672460279,0.05351258912458953,0.7436525380628922,0.10
173,16,138000000,16.138000000,8.12232944092587,-3.1200894245238917,39.38202962950291,-0.0462343961921276,0.11017176222284711,-0.036727750781334126,0.9921570620320183,956,956,956,956,956,956,1.0000,1.0000,1.7627,3.1887,0.9567,0,False,3.28,True,0.16230851918765682,-0.30929376746844417,0.9370129721643591,0.21
174,16,171000000,16.171000000,8.456662527656594,-2.9069117848356574,40.30005832243906,-0.045573147269411064,0.10963517880181335,-0.0365347209723233,0.9922542164085418,956,956,956,956,956,931,1.0000,1.0000,1.7503,3.9101,0.9865,0,False,3.28,True,0.11002954992753143,0.1409985469007624,0.9838764698449791,0.10
175,16,204000000,16.204000000,9.134967423296851,-2.4024087997917465,39.76584936834689,-0.04459033231754538,0.11055249311057332,-0.03573864216969346,0.9922260820935489,956,954,952,952,949,950,0.9979,0.9979,1.7429,13.9323,1.0085,0,False,3.28,True,0.73301816342561,0.5960553758374585,-0.32772299434646285,0.18
176,16,237000000,16.237000000,8.780110301003619,-2.192397249448292,40.67687712395048,-0.044058727517075055,0.11117893746089494,-0.03570186215767347,0.9921811575680709,949,947,946,946,858,946,0.9989,0.9979,1.7014,9.3230,0.9837,0,False,3.28,True,-0.5592047441394493,0.0991580937847896,0.8230782019765195,0.09
177,16,270000000,16.270000000,9.111259781061502,-1.7794998323117732,39.828433993988675,-0.04409712517289868,0.1124425987040182,-0.03504555916421991,0.9920604388498919,858,857,857,857,229,855,1.0000,0.9988,1.6912,3.3200,0.9556,0,False,3.28,True,0.473335570476377,0.5113715853702918,-0.7172534694218474,0.16
178,16,303000000,16.303000000,8.156612209318236,-1.700055891735802,40.115377671511716,-0.04444269561522173,0.11365521986385549,-0.034574972553391266,0.991923338306486,229,229,229,229,143,229,1.0000,1.0000,1.4948,2.2870,0.7741,0,False,3.28,True,-0.9976048221834438,-0.005341518089125481,0.06896438893257249,0.16
179,16,336000000,16.336000000,8.263091962557722,-0.7143917683280268,40.2462527951099,-0.03384902811471684,0.11081915856533052,-0.01765101532093288,0.9931071437909916,143,143,143,143,143,143,1.0000,1.0000,1.2834,1.7909,0.7173,0,False,3.28,True,-0.003198120720757814,0.9730742642970696,0.23046962530141035,2.31
180,16,369000000,16.369000000,8.482463350449642,0.15851175777439575,39.810459692488564,-0.03308986158270572,0.11209423034869181,-0.015552455440750668,0.9930247054896144,143,143,143,143,143,143,1.0000,1.0000,1.2379,1.7142,0.6457,0,False,3.28,True,0.27209688218226724,0.9074083082231101,-0.3202708991999781,0.29
181,16,402000000,16.402000000,7.807363099337384,0.6500788804678979,39.260367504909986,-0.033040862074908854,0.11449515983497528,-0.014266755000959074,0.9927716854893944,143,143,143,143,143,143,1.0000,1.0000,1.2165,1.7184,0.6260,0,False,3.28,True,-0.5547404512239326,0.5124775415393721,-0.6554615177061341,0.31
182,16,435000000,16.435000000,8.555175575269796,0.42003397101063644,38.63758677265132,-0.032923677089764486,0.11534280791077878,-0.014575026016301035,0.9926729757411402,143,143,143,143,143,143,1.0000,1.0000,1.1810,1.6484,0.5636,0,False,3.28,True,0.8771515507016568,-0.17103194129196625,-0.44872400443878646,0.10
183,16,468000000,16.468000000,8.555175575269796,0.42003397101063644,38.63758677265132,-0.032923677089764486,0.11534280791077878,-0.014575026016301035,0.9926729757411402,143,143,143,143,0,143,1.0000,1.0000,1.1389,1.5955,0.5156,0,False,3.28,True,0.0,0.0,0.0,0.00
184,16,501000000,16.501000000,8.264960720505307,1.2490393972267135,38.15954353048768,-0.03162352010441474,0.11828748965012438,-0.011240802630732516,0.9924120450320494,143,143,143,143,143,143,1.0000,1.0000,1.0954,1.5671,0.5021,0,False,3.28,True,-0.20364343779903954,0.8535169190692878,-0.47962299684633486,0.53
185,16,534000000,16.534000000,8.777264208534087,1.597776405400205,38.94435410335463,-0.030331524907443713,0.11555710862263181,-0.010480476576256354,0.9927823088947048,143,143,143,143,143,143,1.0000,1.0000,1.0614,1.4863,0.5139,0,False,3.28,True,0.3037483424994086,0.30420132558199714,0.9028834354129097,0.36
186,16,567000000,16.567000000,8.827948163717481,0.6021093013713887,38.866391582603704,-0.04750096636514745,0.11766528019702749,-0.037484913567123294,0.9912080615518607,143,143,143,143,143,143,1.0000,1.0000,1.0373,1.4804,0.5327,0,False,3.28,True,0.09485701022242168,-0.9880327772503027,-0.12162803414804203,3.68
187,16,600000000,16.600000000,8.217295667002942,0.7163353329875947,39.65000879907966,-0.046446368471817115,0.11835206486467716,-0.037994047432363655,0.9911568876609569,143,143,143,143,60,143,1.0000,1.0000,1.0076,1.4363,0.5551,0,False,3.28,True,-0.7817895852452411,-0.005865504959472798,0.6235147474227407,0.16
188,16,633000000,16.633000000,8.217295667002942,0.7163353329875947,39.65000879907966,-0.046446368471817115,0.11835206486467716,-0.037994047432363655,0.9911568876609569,2000,0,0,0,0,0,0.0000,0.0000,0.0000,0.0000,0.0000,1,False,4.92,True,0.0,0.0,0.0,0.00
189,16,666000000,16.666000000,8.274786463472148,-0.1500802712343432,39.15400596735178,-0.04599207830992891,0.11912344655325151,-0.03873563148031151,0.9910569529889942,2000,1904,1840,1840,1409,1839,0.9664,0.9520,5.4253,413.7923,1.5575,0,False,4.92,True,0.24511182927527866,-0.8063497363761836,-0.5382567173713543,0.13
190,16,699000000,16.699000000,8.608241263109209,-0.1194842918520475,40.096275452501665,-0.04578810684579186,0.11865478752578525,-0.038777202132092285,0.9911209912334094,1409,1409,1406,1406,1192,1406,0.9979,1.0000,0.8327,19.0987,1.0970,0,False,4.92,True,0.10117829781840296,-0.04227156220560691,0.9939698521983794,0.06
191,16,732000000,16.732000000,8.025830084232007,0.6915293193710605,40.151539736896936,-0.045181469801788526,0.11941978277585968,-0.03851066358901977,0.9910673433517271,1192,1192,1192,1192,962,1191,1.0000,1.0000,0.9189,17.3752,0.8871,0,False,4.92,True,-0.6482138804629011,0.7612103959484724,-0.01942931484117545,0.12
192,16,765000000,16.765000000,8.38533452353096,-0.19008843225036065,40.45732838637617,-0.04545844588782966,0.12003872441416394,-0.03826853723006213,0.9909892801623815,962,962,961,961,317,961,0.9990,1.0000,0.9258,30.1926,0.9209,0,False,4.92,True,0.3536767970578985,-0.882038367249115,0.3113214446892171,0.08
193,16,798000000,16.798000000,7.832766427080053,0.39658831965013863,41.04934096019881,-0.04500887597962054,0.12046699544183322,-0.0382119695908489,0.99096001406326,317,317,317,317,101,317,1.0000,1.0000,1.0536,2.2709,0.6065,0,False,4.92,True,-0.7247144760783655,0.48787529697987586,0.4865867063116896,0.07
194,16,831000000,16.831000000,8.375265439194193,0.21468439383001411,41.869466428420836,-0.05208681868287244,0.11076596459336498,-0.03661496255986285,0.9918050256597508,101,101,101,101,101,101,1.0000,1.0000,1.0986,1.3891,0.4906,0,False,4.92,True,0.3479288678547101,-0.22614254711491982,0.909837925840485,1.39
195,16,864000000,16.864000000,8.790435309829752,-0.5152248170990802,41.32645029393004,-0.05160719818879723,0.11121303256901373,-0.036649525017999306,0.9917787912623766,101,101,101,101,61,101,1.0000,1.0000,1.0587,1.3305,0.4613,0,False,4.92,True,0.582543021049992,-0.6381194445801927,-0.5034354010939388,0.08
196,16,897000000,16.897000000,8.790435309829752,-0.5152248170990802,41.32645029393004,-0.05160719818879723,0.11121303256901373,-0.036649525017999306,0.9917787912623766,2000,0,0,0,0,0,0.0000,0.0000,0.0000,0.0000,0.0000,1,False,4.92,True,0.0,0.0,0.0,0.00
197,16,930000000,16.930000000,9.553740896960456,-0.5076127213329223,40.680457541143205,-0.05171438987804957,0.11192623076496448,-0.03619843414074865,0.9917095412024869,2000,2000,1995,1995,1164,1947,0.9975,1.0000,0.8749,14.3544,2.3468,0,False,4.92,True,0.8817933899054113,0.12567248668947328,-0.45458425358607324,0.10
198,16,963000000,16.963000000,9.813585623707052,0.1770468015052047,41.361428947128104,-0.04914068118680989,0.10863403282574634,-0.035100732784892744,0.9922458258528853,1164,1164,1163,1163,1163,1162,0.9991,1.0000,0.6486,6.3757,1.5706,0,False,4.92,True,0.04694738340591492,0.6194849978557421,0.7836033949792518,0.50
199,16,996000000,16.996000000,10.290282930852893,-0.09141652922574128,42.19849950413793,-0.049753243214530146,0.10787184716919218,-0.035239960099474436,0.9922935173577069,1163,1163,1162,1162,1162,1163,0.9991,1.0000,0.4236,2.5773,1.5453,0,False,4.92,True,0.30826722583393956,-0.32640366289061706,0.8935502035858061,0.11
200,17,29000000,17.029000000,10.290282930852893,-0.09141652922574128,42.19849950413793,-0.049753243214530146,0.10787184716919218,-0.035239960099474436,0.9922935173577069,1162,1162,1162,1162,0,1162,1.0000,1.0000,0.2254,0.4054,1.1190,0,False,4.92,True,0.0,0.0,0.0,0.00
201,17,62000000,17.062000000,9.592379460721157,-0.8059240783633173,42.14941072126962,-0.0509611752297076,0.10934589654381485,-0.03783946125074001,0.9919751048793967,1162,1162,1162,1162,1162,1162,1.0000,1.0000,0.1844,0.5929,1.0831,0,False,4.92,True,-0.6119513228264469,-0.7452931891954473,-0.2646764829557792,0.37
202,17,95000000,17.095000000,10.391797976661305,-1.3271479944585693,41.85065385413116,-0.05108415501323442,0.10900413087827111,-0.0379191802517475,0.9920033489495346,1162,1162,1162,1162,100,1162,1.0000,1.0000,0.3690,0.7478,1.4282,0,False,4.92,True,0.8866099261834208,-0.43324184185463166,-0.16193932585828455,0.04
203,17,128000000,17.128000000,10.765428992555774,-1.6424415167807584,42.72300118102758,-0.08405394802983124,0.061844026455414335,-0.04547259460525226,0.9935001224721851,100,100,100,100,100,100,1.0000,1.0000,0.5641,0.6817,1.8777,0,False,4.92,True,0.20563060982998935,-0.3844182868954342,0.8999659065772027,6.65
204,17,161000000,17.161000000,10.830641246170716,-1.8912028366336282,41.756634186701135,-0.08394753189263292,0.06162376408415013,-0.04552668926645142,0.9935203290087589,100,100,100,100,81,100,1.0000,1.0000,0.7526,0.8782,1.4905,0,False,4.92,True,0.20087050162082654,-0.07217007686677748,-0.9769557418755678,0.03
205,17,194000000,17.194000000,10.830641246170716,-1.8912028366336282,41.756634186701135,-0.08394753189263292,0.06162376408415013,-0.04552668926645142,0.9935203290087589,2000,0,0,0,0,0,0.0000,0.0000,0.0000,0.0000,0.0000,1,False,6.56,True,0.0,0.0,0.0,0.00
206,17,227000000,17.227000000,10.239087696626797,-1.6050185170530582,41.00286835220863,-0.08180745016513315,0.062477984921834866,-0.046091107288097254,0.9936194705854667,2000,1932,1925,1925,1732,1927,0.9964,0.9660,1.4182,14.4416,1.9061,0,False,6.56,True,-0.52692241902468,0.36353382071948714,-0.7682421008525055,0.27
207,17,260000000,17.260000000,10.349640995306464,-1.8143114791095816,40.03128488992417,-0.08165171500601837,0.06163082765720911,-0.046146831159033085,0.9936825994717041,1732,1732,1732,1732,1309,1732,1.0000,1.0000,1.8380,3.0133,1.2725,0,False,6.56,True,0.24383357019345248,-0.033059496675505604,-0.9692534548436116,0.10
208,17,293000000,17.293000000,10.053860317897495,-1.469426564558481,39.14046044785572,-0.07983131913219917,0.06159529873776961,-0.04613347794955651,0.9938333270077512,1309,1309,1309,1309,1309,1309,1.0000,1.0000,2.4978,3.5979,0.7265,0,False,6.56,True,-0.22497705451000924,0.4642907932727804,-0.856632584149198,0.21
209,17,326000000,17.326000000,9.600499874101887,-1.702084985392404,38.28003359610335,-0.07991484083865721,0.06337869346980303,-0.04660000698072938,0.9936927084250889,1309,1309,1309,1309,1309,1302,1.0000,1.0000,2.8680,4.1816,0.8512,0,False,6.56,True,-0.32536308577051565,-0.12439543870910565,-0.9373711310074881,0.21
210,17,359000000,17.359000000,9.471086780022548,-2.269663949315106,37.46694911660983,-0.08135632852734342,0.06225595094864552,-0.04595652060736572,0.9936766791032662,1309,1309,1309,1309,852,1309,1.0000,1.0000,3.2495,4.7388,0.9312,0,False,6.56,True,0.026861313102532505,-0.43460047346291164,-0.9002226937398439,0.22
211,17,392000000,17.392000000,9.78689520655912,-2.908364781276786,36.765289451971796,-0.08330739745008095,0.05997064706155207,-0.04596234661344861,0.9936553032691459,852,852,852,852,712,852,1.0000,1.0000,3.7546,5.2404,0.6984,0,False,6.56,True,0.4583958219452943,-0.4844417719649125,-0.7451103542419698,0.34
212,17,425000000,17.425000000,9.236525213979528,-3.5815835175046566,37.25912080421636,-0.08399974779805099,0.05729146635991577,-0.04637505604774591,0.9937359228833196,712,712,712,712,712,712,1.0000,1.0000,4.0803,5.6276,0.7379,0,False,6.56,True,-0.5309394756741004,-0.7902821541521288,0.3058715253167287,0.32
213,17,458000000,17.458000000,9.07139012876737,-4.184943769224447,36.478936973137685,-0.08512751850712359,0.05577659959292104,-0.04612562154289665,0.9937377438579816,712,712,712,712,712,712,1.0000,1.0000,4.3051,5.9679,0.7695,0,False,6.56,True,-0.01916488598117863,-0.47148620747533154,-0.8816651650745067,0.22
214,17,491000000,17.491000000,8.829515162183139,-4.669672436623175,35.63838083608215,-0.08626564569849123,0.055526843174072464,-0.04626914362621631,0.9936469063039651,712,712,712,712,712,712,1.0000,1.0000,4.4616,6.2305,0.7731,0,False,6.56,True,-0.103722348887115,-0.3489795655929558,-0.9313726091849015,0.13
215,17,524000000,17.524000000,9.173497517327727,-4.84481620213446,34.71588378960898,-0.08611863458235812,0.053369726108284776,-0.04594158815357488,0.9937930486729741,712,712,712,712,712,712,1.0000,1.0000,4.5661,6.3756,0.7798,0,False,6.56,True,0.45260248320082963,0.01943538764994069,-0.8915005652871677,0.25
216,17,557000000,17.557000000,9.065975494863434,-4.760449040008884,33.72526721563091,-0.08411523072434238,0.05237852860239514,-0.04610454083927334,0.9940098032794438,712,712,712,712,712,712,1.0000,1.0000,4.6380,6.4515,0.7855,0,False,6.56,True,-0.01769200317860957,0.2483496707136651,-0.9685088714513369,0.26
217,17,590000000,17.590000000,9.041079577719225,-4.656386667320145,32.731008086479996,-0.08163972007631176,0.05084093898639736,-0.04654310747543114,0.9942755624953142,712,712,712,712,642,712,1.0000,1.0000,4.6221,6.5146,0.8089,0,False,6.56,True,0.06071163330036106,0.2711496855371528,-0.9606206044089964,0.34
218,17,623000000,17.623000000,8.757371359939068,-5.346952288172459,32.06570456893266,-0.08315651805013162,0.04909054272776121,-0.04623009763118299,0.9942524278036655,642,642,642,642,642,642,1.0000,1.0000,4.4754,6.2875,0.8230,0,False,6.56,True,-0.1491595867038302,-0.5911142870306617,-0.7926760481827206,0.27
219,17,656000000,17.656000000,8.544979479618632,-5.04089108612662,31.137687203913988,-0.0803349015619974,0.04708469528017771,-0.04689919642567498,0.9945500492363484,642,642,642,642,473,642,1.0000,1.0000,4.3256,6.1363,0.8275,0,False,6.56,True,-0.1576401288245066,0.44039575174712353,-0.8838558545528105,0.41
220,17,689000000,17.689000000,8.505699958415253,-4.692397876373417,30.201199295839388,-0.07814623252905965,0.04430251002735793,-0.04761736719651943,0.9948180940694946,473,473,473,473,224,473,1.0000,1.0000,4.1877,5.6579,0.7923,0,False,6.56,True,0.0065722682094325425,0.49287617066430833,-0.8700746437414846,0.42
221,17,722000000,17.722000000,7.861951620266987,-4.042219986274789,29.797644109578286,-0.07591542374280735,0.04112148075112894,-0.04863242400831522,0.995078268074356,224,224,224,224,136,224,1.0000,1.0000,4.3447,5.3626,0.7314,0,False,6.56,True,-0.6718342776593879,0.6472047377572295,-0.36022872010222096,0.46
222,17,755000000,17.755000000,7.608492493668059,-3.970116426429984,28.832988965082905,-0.07379472546403486,0.042767247686959366,-0.04856301787882251,0.9951718114544198,136,136,136,136,136,136,1.0000,1.0000,4.3409,4.9884,0.7209,0,False,6.56,True,-0.18700911963988476,0.19758440727541635,-0.9622826981574267,0.31
223,17,788000000,17.788000000,8.024685128183155,-4.014097087150006,27.924776769360992,-0.07198725784600397,0.03932561177236804,-0.049705987157446556,0.995389695449599,136,136,136,136,52,136,1.0000,1.0000,4.2097,4.8294,0.7437,0,False,6.56,True,0.48803464063643964,0.13147465688035326,-0.8628653453100631,0.46
224,17,821000000,17.821000000,8.024685128183155,-4.014097087150006,27.924776769360992,-0.07198725784600397,0.03932561177236804,-0.049705987157446556,0.995389695449599,2000,0,0,0,0,0,0.0000,0.0000,0.0000,0.0000,0.0000,1,False,8.20,True,0.0,0.0,0.0,0.00
225,17,854000000,17.854000000,8.111855425664578,-4.357882570163165,26.989783250182164,-0.07278904923722677,0.03834836142137678,-0.04951056315245169,0.9953792551704918,2000,1981,1974,1974,1571,1976,0.9965,0.9905,2.9347,17.4333,2.3076,0,False,8.20,True,0.18894340918090113,-0.19274141415068885,-0.9628868757015495,0.15
226,17,887000000,17.887000000,7.707693888288265,-4.5312025119867565,26.091666526436374,-0.07411547918797606,0.04306060130863714,-0.04945441060360641,0.995091423755388,1571,1571,1571,1571,1571,1571,1.0000,1.0000,3.4339,5.4675,0.9411,0,False,8.20,True,-0.3208497516968755,-0.07466054531409622,-0.9441828423612957,0.56
227,17,920000000,17.920000000,7.433882003903878,-4.574387374932604,25.130853266961772,-0.07352384343861511,0.04455061161100457,-0.049630474770252855,0.9950609546279959,1571,1571,1571,1571,1571,1571,1.0000,1.0000,3.3537,5.3880,0.9823,0,False,8.20,True,-0.19163426747731327,0.07811440968714427,-0.9783529253432336,0.18
228,17,953000000,17.953000000,7.1131077397588145,-4.690427493499318,24.190832755299816,-0.07382949406364242,0.04622838175800738,-0.049574029062163814,0.9949646014652412,1571,1571,1571,1571,1571,1571,1.0000,1.0000,3.3018,5.4105,0.9823,0,False,8.20,True,-0.2292161601451393,-0.0020935505890121403,-0.9733732937441059,0.20
229,17,986000000,17.986000000,6.725465590241783,-4.881591509219779,23.289062339389297,-0.07540015610765366,0.05019758631793213,-0.04956721012273403,0.9946547694891147,1571,1571,1571,1571,1571,1571,1.0000,1.0000,3.2800,5.3786,0.9654,0,False,8.20,True,-0.2875630530995601,-0.08711755305472894,-0.9537913935666519,0.49
230,18,19000000,18.019000000,6.56297608294567,-5.21673542922129,22.361012926424298,-0.076771511473534,0.050243996693009225,-0.04947895912240941,0.9945519133894142,1571,1571,1571,1571,1571,1571,1.0000,1.0000,3.2517,5.3428,0.9647,0,False,8.20,True,-0.039551780388063056,-0.20065822461961005,-0.9788625713350371,0.16
231,18,52000000,18.052000000,6.63463175436177,-4.718904205005156,21.496704221765267,-0.07781838262438055,0.04938177916284901,-0.049728601617896925,0.9945012847621494,1571,1571,1571,1571,1232,1571,1.0000,1.0000,3.2459,5.3463,0.9750,0,False,6.56,True,0.09791970081536291,0.6323077862451858,-0.7685041285809348,0.16
232,18,85000000,18.085000000,6.586407235791284,-4.946623748488547,20.524172368649722,-0.0784540854080664,0.04919305563700903,-0.04964509716445803,0.9944648631738627,1232,1232,1232,1232,1232,1227,1.0000,1.0000,3.4534,5.2865,0.8506,0,False,6.56,True,0.06451871300173273,-0.07292865294109283,-0.9952480832700948,0.08
233,18,118000000,18.118000000,6.342725225618431,-4.991422293742591,19.55535238110754,-0.07817839023038559,0.05059300637196706,-0.04955596295869935,0.994420782939731,1232,1232,1232,1232,1232,1232,1.0000,1.0000,3.4750,5.2852,0.8537,0,False,6.56,True,-0.14928821648737098,0.08969981032251048,-0.984716696540749,0.16
234,18,151000000,18.151000000,6.399488886505856,-5.230492117169694,18.586010590855416,-0.07869928849757664,0.049914279911051226,-0.04944183244334821,0.9944196759193678,1232,1232,1232,1232,1232,1225,1.0000,1.0000,3.4819,5.2461,0.8591,0,False,6.56,True,0.17167366110853227,-0.0742495568918194,-0.982351850093927,0.10
235,18,184000000,18.184000000,6.127946333821606,-5.426344088487146,17.643722605464124,-0.07911106106295467,0.051152016229441294,-0.049556738813015,0.9943183800430198,1232,1232,1232,1232,1232,1220,1.0000,1.0000,3.4985,5.2076,0.8859,0,False,6.56,True,-0.16185536306485143,-0.06489833132584928,-0.9846781443894574,0.15
236,18,217000000,18.217000000,6.1248938745862365,-5.723529418304233,16.68890766934607,-0.08008325289865184,0.05056482968058431,-0.04933619104511068,0.9942815551229462,1232,1232,1232,1232,1232,1232,1.0000,1.0000,3.5476,5.2719,0.9009,0,False,6.56,True,0.11831121231274555,-0.13722656485844628,-0.9834486905468119,0.13
237,18,250000000,18.250000000,5.795812204201496,-5.84059780036568,15.751890994927574,-0.07961530739272606,0.053127535135898796,-0.04960188882372286,0.9941722790664929,1232,1232,1232,1232,1232,1232,1.0000,1.0000,3.5818,5.3160,0.9080,0,False,6.56,True,-0.22654941017271213,0.009278269544064842,-0.9739554807406053,0.30
238,18,283000000,18.283000000,5.496489024367405,-5.90269556115099,14.799762063469524,-0.07895074525906104,0.05537911055116645,-0.04964258307150936,0.9941003711314008,1232,1232,1232,1232,1232,1232,1.0000,1.0000,3.5989,5.3559,0.9112,0,False,6.56,True,-0.19645195421407308,0.06774891583996419,-0.9781700844372523,0.27
239,18,316000000,18.316000000,5.3799926500114195,-6.235951590529134,13.864150491477696,-0.07998811402433414,0.05499589410820669,-0.04948408496527176,0.9940466179114633,1232,1232,1232,1232,1232,1232,1.0000,1.0000,3.6239,5.4270,0.9276,0,False,6.56,True,0.01628007243064864,-0.18593121954151473,-0.9824278807329615,0.13
240,18,349000000,18.349000000,5.057542671601447,-6.342500440317214,12.923579731761961,-0.07950558076620588,0.05764182565984595,-0.04962390858046546,0.9939284432285987,1232,1232,1232,1232,1232,1232,1.0000,1.0000,3.6540,5.4825,0.9454,0,False,6.56,True,-0.21210737655344641,0.021143547478749403,-0.9770176104920668,0.31
241,18,382000000,18.382000000,4.7697491971573776,-6.572710784119067,11.993967923707634,-0.07958144035731145,0.05886478606416422,-0.04993003841209316,0.9938353598944055,1232,1232,1232,1232,1232,1228,1.0000,1.0000,3.6714,5.5371,0.9532,0,False,6.56,True,-0.16046142856613685,-0.09967847592187952,-0.981996095399776,0.15
242,18,415000000,18.415000000,4.478064414569253,-6.576152293002398,11.037459615524629,-0.07835984191660801,0.06148075784862009,-0.04979189243096335,0.9937809713600411,1232,1232,1232,1232,1232,1232,1.0000,1.0000,3.6899,5.5935,0.9749,0,False,6.56,True,-0.18352149222692637,0.12732865605195193,-0.9747344639638049,0.33
243,18,448000000,18.448000000,4.427301270897368,-6.626917930421682,10.040039967983054,-0.07735445975786587,0.06078223528114615,-0.04981869742412415,0.9939013556770911,1232,1232,1232,1232,1232,1215,1.0000,1.0000,3.6875,5.6174,1.0002,0,False,6.56,True,0.06948372439017514,0.10702472975331388,-0.9918254479827086,0.14
244,18,481000000,18.481000000,4.078547051774086,-6.717154255860281,9.107179903335071,-0.07655162761493695,0.06417028189090708,-0.05002451678430597,0.9937401928834529,1232,1232,1232,1232,1232,1232,1.0000,1.0000,3.6943,5.6337,1.0056,0,False,6.56,True,-0.22914040310248684,0.02912515269284651,-0.9729575536202227,0.40
245,18,514000000,18.514000000,3.771097324194964,-6.911629775975797,8.175700468732613,-0.07606456524797926,0.0659848473721956,-0.050514014368127476,0.9936339950823545,1232,1232,1232,1232,1232,1232,1.0000,1.0000,3.7032,5.6871,1.0093,0,False,6.56,True,-0.17046883877272948,-0.07106971050108953,-0.9827967598932997,0.22
246,18,547000000,18.547000000,3.518437970741966,-6.972725869817331,7.210076049804625,-0.07482692609331937,0.06747313856233796,-0.05066929558599615,0.9936201131160699,1232,1232,1232,1232,1232,1232,1.0000,1.0000,3.7187,5.6960,1.0310,0,False,6.56,True,-0.12322194020558869,0.06949735133446482,-0.9899426607685237,0.22
247,18,580000000,18.580000000,3.168437181106909,-7.06596352673076,6.2779783153432,-0.07378575269585645,0.07080682864976343,-0.05099337934113927,0.9934494103773174,1232,1232,1232,1232,1232,1232,1.0000,1.0000,3.7267,5.7159,1.0486,0,False,6.56,True,-0.21677433219805944,0.02155247097603171,-0.9759838010412432,0.40
248,18,613000000,18.613000000,2.8060470638132298,-7.160456956352012,5.350754289205892,-0.07310402693040564,0.07437943899598189,-0.05118222607381931,0.9932290169116738,1232,1232,1232,1232,1232,1230,1.0000,1.0000,3.7258,5.7374,1.0711,0,False,6.56,True,-0.22284044635666325,0.01672798898135328,-0.9747113982365255,0.42
249,18,646000000,18.646000000,2.5315832608365723,-7.286844657574471,4.3974989352553955,-0.07249903408308574,0.07578212824784307,-0.051359273061363626,0.9931581868795399,1232,1232,1232,1232,1232,1232,1.0000,1.0000,3.7465,5.7641,1.0872,0,False,4.92,True,-0.12205294602862976,-0.0036071690114891156,-0.992517035973416,0.18
250,18,679000000,18.679000000,2.224469572995368,-7.351053811997625,3.4479946607895924,-0.07132850872737355,0.07829871989004053,-0.0515300646804134,0.9930388747377125,1232,1232,1232,1232,1232,1232,1.0000,1.0000,3.7536,5.7781,1.1075,0,False,4.92,True,-0.15885479191183277,0.052974262622479514,-0.9858797505711601,0.32
251,18,712000000,18.712000000,1.920150023919628,-7.4389023727647166,2.4994841218805717,-0.07029361084717597,0.08035531891542365,-0.05177204000792067,0.992935791916821,1232,1232,1232,1232,1232,1232,1.0000,1.0000,3.7694,5.7948,1.1452,0,False,4.92,True,-0.1484723707599415,0.02778994488317005,-0.9885260108284014,0.27
252,18,745000000,18.745000000,1.567452700465096,-7.545898342047497,1.5698839602060817,-0.0693387195051228,0.08344819876060927,-0.05216853843780067,0.9927270439039442,1232,1232,1232,1232,1232,1232,1.0000,1.0000,3.7894,5.8425,1.1655,0,False,4.92,True,-0.19246746044572693,-0.00014110979271704705,-0.9813033459423232,0.37
253,18,778000000,18.778000000,1.1967111969931632,-7.598243690251045,0.6426241788476915,-0.06802517574524446,0.08764449866161265,-0.05240100831562618,0.9924440294780804,1232,1232,1232,1232,1232,1196,1.0000,1.0000,3.8135,5.8805,1.1815,0,False,4.92,True,-0.2106100956649127,0.05006071541792895,-0.976287515220727,0.51
254,18,811000000,18.811000000,0.8351670755286693,-7.668517193085889,-0.2870787215639282,-0.06666267263508505,0.09112431504065364,-0.05277762976078534,0.9922030886277026,1232,1232,1232,1232,1232,1232,1.0000,1.0000,3.8400,5.9126,1.2029,0,False,4.92,True,-0.19074976903866242,0.031539911108794255,-0.9811318767724074,0.43
255,18,844000000,18.844000000,0.48148829670774773,-7.750365331975419,-1.218857774543792,-0.06550181285507577,0.0939870707259718,-0.05313165333002265,0.9919944407422191,1232,1232,1232,1232,1232,1232,1.0000,1.0000,3.8780,5.9586,1.2262,0,False,4.92,True,-0.1743334113465202,0.018814229656475875,-0.9845069255473616,0.36
256,18,877000000,18.877000000,0.4808188884062806,-7.902483209172247,-2.2072199062190485,-0.06482406251864095,0.09271266103620142,-0.053224009747490315,0.9921539236371365,1232,1232,1232,1232,1232,1232,1.0000,1.0000,3.9047,5.9884,1.2654,0,False,4.92,True,0.19467407735519482,-0.011702414277077338,-0.9807981734821853,0.17
257,18,910000000,18.910000000,0.22140525551031853,-7.89613291132669,-3.1729653389211574,-0.06271706839215896,0.09346752676465875,-0.05358584732734542,0.9921990464312095,1232,1232,1232,1232,1232,1203,1.0000,1.0000,3.9411,6.0350,1.2994,0,False,3.28,True,-0.08322664476666446,0.11573742049357852,-0.9897869341925949,0.26
258,18,943000000,18.943000000,-0.00867544822786484,-7.736951961428726,-4.133030073695285,-0.060229912648889605,0.0934433166181685,-0.05358928310441396,0.9923552251779898,1232,1232,1232,1232,1231,1228,1.0000,1.0000,3.9664,6.0641,1.3100,0,False,3.28,True,-0.07191552740458845,0.26434872692420447,-0.9617421210967482,0.29
259,18,976000000,18.976000000,-0.280761386857022,-7.760944809323373,-5.095003870245995,-0.05865901473958957,0.09433550855851097,-0.053908663536735436,0.9923476144025695,1231,1231,1231,1231,1231,1231,1.0000,1.0000,3.9767,6.0709,1.3283,0,False,3.28,True,-0.09075394851543832,0.07507044054889092,-0.9930398530696806,0.21
260,19,9000000,19.009000000,-0.3961714009881732,-7.618429948978518,-6.078045091771893,-0.05616565134758007,0.09206201659738524,-0.05440454240727559,0.992678271382113,1231,1231,1231,1231,867,1231,1.0000,1.0000,4.0092,6.1094,1.3623,0,False,3.28,True,0.04832454197138408,0.2540794987208713,-0.9659753345572581,0.39
