cam_frame_idx,cam_timestamp_sec,pose_idx,pose_timestamp_sec,gap_abs_ms,gap_signed_ms,within_tolerance,pos_x,pos_y,pos_z
0,279.480000000,0,279.564000000,84.0000,-84.0000,False,3.99999999981352,0.9999999999836839,-0.013000184162884038
1,279.512000000,0,279.564000000,52.0000,-52.0000,False,3.99999999981352,0.9999999999836839,-0.013000184162884038
2,279.544000000,0,279.564000000,20.0000,-20.0000,False,3.99999999981352,0.9999999999836839,-0.013000184162884038
3,279.580000000,1,279.576000000,4.0000,4.0000,True,3.99999999981352,0.9999999999836839,-0.013000184162884038
4,279.612000000,5,279.612000000,0.0000,0.0000,True,3.99999999981352,0.9999999999836839,-0.013000184162884038
5,279.644000000,8,279.652000000,8.0000,-8.0000,True,3.99999999981352,0.9999999999836839,-0.013000184162884038
6,279.676000000,10,279.668000000,8.0000,8.0000,True,3.99999999981352,0.9999999999836839,-0.013000184162884038
7,279.712000000,15,279.708000000,4.0000,4.0000,True,3.99999999981352,0.9999999999836839,-0.013000184162884038
8,279.744000000,18,279.736000000,8.0000,8.0000,True,3.99999999981352,0.9999999999836839,-0.013000184162884038
9,279.776000000,20,279.772000000,4.0000,4.0000,True,3.99999999981352,0.9999999999836839,-0.013000184162884038
10,279.808000000,24,279.800000000,8.0000,8.0000,True,3.99999999981352,0.9999999999836839,-0.013000184162884038
11,279.844000000,29,279.844000000,0.0000,0.0000,True,3.99999999981352,0.9999999999836839,-0.013000184162884038
12,279.876000000,30,279.864000000,12.0000,12.0000,True,3.99999999981352,0.9999999999836839,-0.013000184162884038
13,279.908000000,34,279.896000000,12.0000,12.0000,True,3.99999999981352,0.9999999999836839,-0.013000184162884038
14,279.940000000,38,279.932000000,8.0000,8.0000,True,3.99999999981352,0.9999999999836839,-0.013000184162884038
15,279.976000000,43,279.980000000,4.0000,-4.0000,True,3.99999999981352,0.9999999999836839,-0.013000184162884038
16,280.008000000,44,280.000000000,8.0000,8.0000,True,3.99999999981352,0.9999999999836839,-0.013000184162884038
17,280.040000000,48,280.040000000,0.0000,0.0000,True,3.99999999981352,0.9999999999836839,-0.013000184162884038
18,280.072000000,52,280.064000000,8.0000,8.0000,True,3.99999999981352,0.9999999999836839,-0.013000184162884038
19,280.108000000,55,280.116000000,8.0000,-8.0000,True,3.99999999981352,0.9999999999836839,-0.013000184162884038
20,280.140000000,58,280.124000000,16.0000,16.0000,True,3.99999999981352,0.9999999999836839,-0.013000184162884038
21,280.172000000,62,280.172000000,0.0000,0.0000,True,3.99999999981352,0.9999999999836839,-0.013000184162884038
22,280.204000000,66,280.200000000,4.0000,4.0000,True,3.99999999981352,0.9999999999836839,-0.013000184162884038
23,280.240000000,68,280.236000000,4.0000,4.0000,True,3.99999999981352,0.9999999999836839,-0.013000184162884038
24,280.272000000,72,280.272000000,0.0000,0.0000,True,3.99999999981352,0.9999999999836839,-0.013000184162884038
25,280.304000000,76,280.304000000,0.0000,0.0000,True,3.99999999981352,0.9999999999836839,-0.013000184162884038
26,280.336000000,78,280.328000000,8.0000,8.0000,True,3.99999999981352,0.9999999999836839,-0.013000184162884038
27,280.372000000,82,280.372000000,0.0000,0.0000,True,3.99999999981352,0.9999999999836839,-0.013000184162884038
28,280.404000000,84,280.396000000,8.0000,8.0000,True,3.99999999981352,0.9999999999836839,-0.013000184162884038
29,280.436000000,88,280.432000000,4.0000,4.0000,True,3.99999999981352,0.9999999999836839,-0.013000184162884038
30,280.468000000,92,280.460000000,8.0000,8.0000,True,3.99999999981352,0.9999999999836839,-0.013000184162884038
31,280.504000000,95,280.492000000,12.0000,12.0000,True,3.99999999981352,0.9999999999836839,-0.013000184162884038
32,280.536000000,100,280.536000000,0.0000,0.0000,True,3.99999999981352,0.9999999999836839,-0.013000184162884038
33,280.568000000,104,280.568000000,0.0000,0.0000,True,3.99999999981352,0.9999999999836839,-0.013000184162884038
34,280.600000000,106,280.596000000,4.0000,4.0000,True,3.99999999981352,0.9999999999836839,-0.013000184162884038
35,280.636000000,110,280.644000000,8.0000,-8.0000,True,3.99999999981352,0.9999999999836839,-0.013000184162884038
36,280.668000000,113,280.664000000,4.0000,4.0000,True,3.99999999981352,0.9999999999836839,-0.013000184162884038
37,280.700000000,114,280.684000000,16.0000,16.0000,True,3.99999999981352,0.9999999999836839,-0.013000184162884038
38,280.732000000,120,280.728000000,4.0000,4.0000,True,3.99999999981352,0.9999999999836839,-0.013000184162884038
39,280.768000000,122,280.764000000,4.0000,4.0000,True,3.99999999981352,0.9999999999836839,-0.013000184162884038
40,280.800000000,127,280.800000000,0.0000,0.0000,True,3.99999999981352,0.9999999999836839,-0.013000184162884038
41,280.832000000,130,280.832000000,0.0000,0.0000,True,3.99999999981352,0.9999999999836839,-0.013000184162884038
42,280.864000000,136,280.864000000,0.0000,0.0000,True,3.99999999981352,0.9999999999836839,-0.013000184162884038
43,280.900000000,141,280.904000000,4.0000,-4.0000,True,3.99999999981352,0.9999999999836839,-0.013000184162884038
44,280.932000000,142,280.924000000,8.0000,8.0000,True,3.99999999981352,0.9999999999836839,-0.013000184162884038
45,280.964000000,146,280.964000000,0.0000,0.0000,True,3.99999999981352,0.9999999999836839,-0.013000184162884038
46,280.996000000,151,281.000000000,4.0000,-4.0000,True,3.99999999981352,0.9999999999836839,-0.013000184162884038
47,281.032000000,152,281.020000000,12.0000,12.0000,True,3.99999999981352,0.9999999999836839,-0.013000184162884038
48,281.064000000,156,281.060000000,4.0000,4.0000,True,3.99999999981352,0.9999999999836839,-0.013000184162884038
49,281.096000000,160,281.088000000,8.0000,8.0000,True,3.99999999981352,0.9999999999836839,-0.013000184162884038
50,281.128000000,162,281.124000000,4.0000,4.0000,True,3.99999999981352,0.9999999999836839,-0.013000184162884038
51,281.164000000,167,281.160000000,4.0000,4.0000,True,3.99999999981352,0.9999999999836839,-0.013000184162884038
52,281.196000000,170,281.196000000,0.0000,0.0000,True,3.99999999981352,0.9999999999836839,-0.013000184162884038
53,281.228000000,174,281.224000000,4.0000,4.0000,True,3.99999999981352,0.9999999999836839,-0.013000184162884038
54,281.260000000,175,281.260000000,0.0000,0.0000,True,3.99999999981352,0.9999999999836839,-0.013000184162884038
55,281.296000000,180,281.292000000,4.0000,4.0000,True,3.99999999981352,0.9999999999836839,-0.013000184162884038
56,281.328000000,185,281.332000000,4.0000,-4.0000,True,3.99999999981352,0.9999999999836839,-0.013000184162884038
57,281.360000000,188,281.356000000,4.0000,4.0000,True,3.99999999981352,0.9999999999836839,-0.013000184162884038
58,281.392000000,191,281.396000000,4.0000,-4.0000,True,3.99999999981352,0.9999999999836839,-0.013000184162884038
59,281.428000000,194,281.428000000,0.0000,0.0000,True,3.99999999981352,0.9999999999836839,-0.013000184162884038
60,281.460000000,196,281.448000000,12.0000,12.0000,True,3.99999999981352,0.9999999999836839,-0.013000184162884038
61,281.492000000,200,281.488000000,4.0000,4.0000,True,3.99999999981352,0.9999999999836839,-0.013000184162884038
62,281.524000000,204,281.516000000,8.0000,8.0000,True,3.99999999981352,0.9999999999836839,-0.013000184162884038
63,281.560000000,206,281.552000000,8.0000,8.0000,True,3.99999999981352,0.9999999999836839,-0.013000184162884038
64,281.592000000,210,281.584000000,8.0000,8.0000,True,3.99999999981352,0.9999999999836839,-0.013000184162884038
65,281.624000000,214,281.616000000,8.0000,8.0000,True,3.99999999981352,0.9999999999836839,-0.013000184162884038
66,281.656000000,216,281.652000000,4.0000,4.0000,True,3.99999999981352,0.9999999999836839,-0.013000184162884038
67,281.692000000,220,281.688000000,4.0000,4.0000,True,3.99999999981352,0.9999999999836839,-0.013000184162884038
68,281.724000000,224,281.720000000,4.0000,4.0000,True,3.99999999981352,0.9999999999836839,-0.013000184162884038
69,281.756000000,228,281.756000000,0.0000,0.0000,True,3.99999999981352,0.9999999999836839,-0.013000184162884038
70,281.788000000,230,281.776000000,12.0000,12.0000,True,3.99999999981352,0.9999999999836839,-0.013000184162884038
71,281.824000000,235,281.816000000,8.0000,8.0000,True,3.99999999981352,0.9999999999836839,-0.013000184162884038
72,281.856000000,239,281.856000000,0.0000,0.0000,True,3.99999999981352,0.9999999999836839,-0.013000184162884038
73,281.888000000,243,281.892000000,4.0000,-4.0000,True,3.99999999981352,0.9999999999836839,-0.013000184162884038
74,281.920000000,244,281.916000000,4.0000,4.0000,True,3.99999999981352,0.9999999999836839,-0.013000184162884038
75,281.956000000,248,281.948000000,8.0000,8.0000,True,3.99999999981352,0.9999999999836839,-0.013000184162884038
76,281.988000000,252,281.988000000,0.0000,0.0000,True,3.99999999981352,0.9999999999836839,-0.013000184162884038
77,282.020000000,254,282.008000000,12.0000,12.0000,True,3.99999999981352,0.9999999999836839,-0.013000184162884038
78,282.052000000,260,282.048000000,4.0000,4.0000,True,3.99999999981352,0.9999999999836839,-0.013000184162884038
79,282.088000000,262,282.080000000,8.0000,8.0000,True,3.99999999981352,0.9999999999836839,-0.013000184162884038
80,282.120000000,265,282.116000000,4.0000,4.0000,True,3.99999999981352,0.9999999999836839,-0.013000184162884038
81,282.152000000,269,282.144000000,8.0000,8.0000,True,3.99999999981352,0.9999999999836839,-0.013000184162884038
82,282.184000000,272,282.180000000,4.0000,4.0000,True,3.99999999981352,0.9999999999836839,-0.013000184162884038
83,282.220000000,276,282.212000000,8.0000,8.0000,True,3.99999999981352,0.9999999999836839,-0.013000184162884038
84,282.252000000,280,282.244000000,8.0000,8.0000,True,3.99999999981352,0.9999999999836839,-0.013000184162884038
85,282.284000000,282,282.276000000,8.0000,8.0000,True,3.99999999981352,0.9999999999836839,-0.013000184162884038
86,282.316000000,287,282.316000000,0.0000,0.0000,True,3.99999999981352,0.9999999999836839,-0.013000184162884038
87,282.352000000,289,282.348000000,4.0000,4.0000,True,3.99999999981352,0.9999999999836839,-0.013000184162884038
88,282.384000000,293,282.376000000,8.0000,8.0000,True,3.99999999981352,0.9999999999836839,-0.013000184162884038
89,282.416000000,297,282.416000000,0.0000,0.0000,True,3.99999999981352,0.9999999999836839,-0.013000184162884038
90,282.448000000,299,282.444000000,4.0000,4.0000,True,3.99999999981352,0.9999999999836839,-0.013000184162884038
91,282.484000000,302,282.484000000,0.0000,0.0000,True,3.99999999981352,0.9999999999836839,-0.013000184162884038
92,282.516000000,306,282.516000000,0.0000,0.0000,True,3.99999999981352,0.9999999999836839,-0.013000184162884038
93,282.548000000,310,282.548000000,0.0000,0.0000,True,3.99999999981352,0.9999999999836839,-0.013000184162884038
94,282.580000000,314,282.588000000,8.0000,-8.0000,True,3.99999999981352,0.9999999999836839,-0.013000184162884038
95,282.616000000,317,282.612000000,4.0000,4.0000,True,3.99999999981352,0.9999999999836839,-0.013000184162884038
96,282.648000000,320,282.648000000,0.0000,0.0000,True,3.99999999981352,0.9999999999836839,-0.013000184162884038
97,282.680000000,322,282.668000000,12.0000,12.0000,True,3.99999999981352,0.9999999999836839,-0.013000184162884038
98,282.712000000,326,282.700000000,12.0000,12.0000,True,3.99999999981352,0.9999999999836839,-0.013000184162884038
99,282.748000000,330,282.744000000,4.0000,4.0000,True,3.99999999981352,0.9999999999836839,-0.013000184162884038
100,282.780000000,331,282.776000000,4.0000,4.0000,True,3.99999999981352,0.9999999999836839,-0.013000184162884038
101,282.812000000,336,282.808000000,4.0000,4.0000,True,3.99999999981352,0.9999999999836839,-0.013000184162884038
102,282.844000000,340,282.844000000,0.0000,0.0000,True,3.99999999981352,0.9999999999836839,-0.013000184162884038
103,282.880000000,344,282.880000000,0.0000,0.0000,True,3.99999999981352,0.9999999999836839,-0.013000184162884038
104,282.912000000,346,282.908000000,4.0000,4.0000,True,3.99999999981352,0.9999999999836839,-0.013000184162884038
105,282.944000000,350,282.944000000,0.0000,0.0000,True,3.99999999981352,0.9999999999836839,-0.013000184162884038
106,282.976000000,353,282.968000000,8.0000,8.0000,True,3.99999999981352,0.9999999999836839,-0.013000184162884038
107,283.012000000,356,283.004000000,8.0000,8.0000,True,3.99999999981352,0.9999999999836839,-0.013000184162884038
108,283.044000000,361,283.048000000,4.0000,-4.0000,True,3.99999999981352,0.9999999999836839,-0.013000184162884038
109,283.076000000,364,283.072000000,4.0000,4.0000,True,3.99999999981352,0.9999999999836839,-0.013000184162884038
110,283.108000000,365,283.096000000,12.0000,12.0000,True,3.99999999981352,0.9999999999836839,-0.013000184162884038
111,283.144000000,367,283.132000000,12.0000,12.0000,True,3.99999999981352,0.9999999999836839,-0.013000184162884038
112,283.176000000,374,283.176000000,0.0000,0.0000,True,3.99999999981352,0.9999999999836839,-0.013000184162884038
113,283.208000000,379,283.216000000,8.0000,-8.0000,True,3.99999999981352,0.9999999999836839,-0.013000184162884038
114,283.240000000,380,283.228000000,12.0000,12.0000,True,3.99999999981352,0.9999999999836839,-0.013000184162884038
115,283.276000000,384,283.272000000,4.0000,4.0000,True,3.99999999981352,0.9999999999836839,-0.013000184162884038
116,283.308000000,388,283.300000000,8.0000,8.0000,True,3.99999999981352,0.9999999999836839,-0.013000184162884038
117,283.340000000,392,283.340000000,0.0000,0.0000,True,3.99999999981352,0.9999999999836839,-0.013000184162884038
118,283.372000000,394,283.364000000,8.0000,8.0000,True,3.99999999981352,0.9999999999836839,-0.013000184162884038
119,283.408000000,399,283.408000000,0.0000,0.0000,True,3.99999999981352,0.9999999999836839,-0.013000184162884038
120,283.440000000,402,283.448000000,8.0000,-8.0000,True,3.99999999981352,0.9999999999836839,-0.013000184162884038
121,283.472000000,405,283.476000000,4.0000,-4.0000,True,3.99999999981352,0.9999999999836839,-0.013000184162884038
122,283.504000000,408,283.508000000,4.0000,-4.0000,True,3.99999999981352,0.9999999999836839,-0.013000184162884038
123,283.540000000,411,283.536000000,4.0000,4.0000,True,3.99999999981352,0.9999999999836839,-0.013000184162884038
124,283.572000000,415,283.568000000,4.0000,4.0000,True,3.99999999981352,0.9999999999836839,-0.013000184162884038
125,283.604000000,418,283.604000000,0.0000,0.0000,True,3.99999999981352,0.9999999999836839,-0.013000184162884038
126,283.636000000,420,283.628000000,8.0000,8.0000,True,3.99999999981352,0.9999999999836839,-0.013000184162884038
127,283.672000000,425,283.672000000,0.0000,0.0000,True,3.99999999981352,0.9999999999836839,-0.013000184162884038
128,283.704000000,426,283.696000000,8.0000,8.0000,True,3.99999999981352,0.9999999999836839,-0.013000184162884038
129,283.736000000,429,283.724000000,12.0000,12.0000,True,3.99999999981352,0.9999999999836839,-0.013000184162884038
130,283.768000000,435,283.768000000,0.0000,0.0000,True,3.99999999981352,0.9999999999836839,-0.013000184162884038
131,283.804000000,439,283.804000000,0.0000,0.0000,True,3.99999999981352,0.9999999999836839,-0.013000184162884038
132,283.836000000,441,283.828000000,8.0000,8.0000,True,3.99999999981352,0.9999999999836839,-0.013000184162884038
133,283.868000000,443,283.856000000,12.0000,12.0000,True,3.99999999981352,0.9999999999836839,-0.013000184162884038
134,283.900000000,449,283.900000000,0.0000,0.0000,True,3.99999999981352,0.9999999999836839,-0.013000184162884038
135,283.936000000,453,283.944000000,8.0000,-8.0000,True,3.99999999981352,0.9999999999836839,-0.013000184162884038
136,283.968000000,457,283.976000000,8.0000,-8.0000,True,3.99999999981352,0.9999999999836839,-0.013000184162884038
137,284.000000000,459,283.996000000,4.0000,4.0000,True,3.99999999981352,0.9999999999836839,-0.013000184162884038
138,284.032000000,463,284.036000000,4.0000,-4.0000,True,3.99999999981352,0.9999999999836839,-0.013000184162884038
139,284.068000000,464,284.056000000,12.0000,12.0000,True,3.99999999981352,0.9999999999836839,-0.013000184162884038
140,284.100000000,470,284.092000000,8.0000,8.0000,True,3.99999999981352,0.9999999999836839,-0.013000184162884038
141,284.132000000,473,284.132000000,0.0000,0.0000,True,3.99999999981352,0.9999999999836839,-0.013000184162884038
142,284.164000000,477,284.172000000,8.0000,-8.0000,True,3.99999999981352,0.9999999999836839,-0.013000184162884038
143,284.200000000,480,284.208000000,8.0000,-8.0000,True,3.99999999981352,0.9999999999836839,-0.013000184162884038
144,284.232000000,483,284.232000000,0.0000,0.0000,True,3.99999999981352,0.9999999999836839,-0.013000184162884038
145,284.264000000,487,284.268000000,4.0000,-4.0000,True,3.99999999981352,0.9999999999836839,-0.013000184162884038
146,284.296000000,490,284.304000000,8.0000,-8.0000,True,3.99999999981352,0.9999999999836839,-0.013000184162884038
147,284.332000000,492,284.320000000,12.0000,12.0000,True,3.99999999981352,0.9999999999836839,-0.013000184162884038
148,284.364000000,496,284.352000000,12.0000,12.0000,True,3.99999999981352,0.9999999999836839,-0.013000184162884038
149,284.396000000,500,284.404000000,8.0000,-8.0000,True,3.99999999981352,0.9999999999836839,-0.013000184162884038
150,284.428000000,502,284.420000000,8.0000,8.0000,True,3.99999999981352,0.9999999999836839,-0.013000184162884038
151,284.464000000,506,284.464000000,0.0000,0.0000,True,3.99999999981352,0.9999999999836839,-0.013000184162884038
152,284.496000000,510,284.504000000,8.0000,-8.0000,True,3.99999999981352,0.9999999999836839,-0.013000184162884038
153,284.528000000,513,284.528000000,0.0000,0.0000,True,3.99999999981352,0.9999999999836839,-0.013000184162884038
154,284.560000000,516,284.564000000,4.0000,-4.0000,True,3.99999999981352,0.9999999999836839,-0.013000184162884038
155,284.596000000,520,284.604000000,8.0000,-8.0000,True,3.99999999981352,0.9999999999836839,-0.013000184162884038
156,284.628000000,523,284.640000000,12.0000,-12.0000,True,3.99999999981352,0.9999999999836839,-0.013000184162884038
157,284.660000000,526,284.652000000,8.0000,8.0000,True,3.99999999981352,0.9999999999836839,-0.013000184162884038
158,284.692000000,527,284.680000000,12.0000,12.0000,True,3.99999999981352,0.9999999999836839,-0.013000184162884038
159,284.728000000,532,284.720000000,8.0000,8.0000,True,3.99999999981352,0.9999999999836839,-0.013000184162884038
160,284.760000000,537,284.764000000,4.0000,-4.0000,True,3.99999999981352,0.9999999999836839,-0.013000184162884038
161,284.792000000,538,284.780000000,12.0000,12.0000,True,3.99999999981352,0.9999999999836839,-0.013000184162884038
162,284.824000000,542,284.816000000,8.0000,8.0000,True,3.99999999981352,0.9999999999836839,-0.013000184162884038
163,284.860000000,545,284.848000000,12.0000,12.0000,True,3.99999999981352,0.9999999999836839,-0.013000184162884038
164,284.892000000,550,284.884000000,8.0000,8.0000,True,3.99999999981352,0.9999999999836839,-0.013000184162884038
165,284.924000000,554,284.924000000,0.0000,0.0000,True,3.99999999981352,0.9999999999836839,-0.013000184162884038
166,284.956000000,558,284.960000000,4.0000,-4.0000,True,3.99999999981352,0.9999999999836839,-0.013000184162884038
167,284.992000000,561,285.000000000,8.0000,-8.0000,True,3.99999999981352,0.9999999999836839,-0.013000184162884038
168,285.024000000,564,285.012000000,12.0000,12.0000,True,3.99999999981352,0.9999999999836839,-0.013000184162884038
169,285.056000000,569,285.060000000,4.0000,-4.0000,True,3.99999999981352,0.9999999999836839,-0.013000184162884038
170,285.088000000,572,285.096000000,8.0000,-8.0000,True,3.99999999981352,0.9999999999836839,-0.013000184162884038
171,285.124000000,576,285.132000000,8.0000,-8.0000,True,3.99999999981352,0.9999999999836839,-0.013000184162884038
172,285.156000000,579,285.164000000,8.0000,-8.0000,True,3.99999999981352,0.9999999999836839,-0.013000184162884038
173,285.188000000,582,285.192000000,4.0000,-4.0000,True,3.99999999981352,0.9999999999836839,-0.013000184162884038
174,285.220000000,585,285.220000000,0.0000,0.0000,True,3.99999999981352,0.9999999999836839,-0.013000184162884038
175,285.256000000,589,285.252000000,4.0000,4.0000,True,3.99999999981352,0.9999999999836839,-0.013000184162884038
176,285.288000000,592,285.292000000,4.0000,-4.0000,True,3.99999999981352,0.9999999999836839,-0.013000184162884038
177,285.320000000,595,285.324000000,4.0000,-4.0000,True,3.99999999981352,0.9999999999836839,-0.013000184162884038
178,285.352000000,599,285.356000000,4.0000,-4.0000,True,3.99999999981352,0.9999999999836839,-0.013000184162884038
179,285.388000000,602,285.388000000,0.0000,0.0000,True,3.99999999981352,0.9999999999836839,-0.013000184162884038
180,285.420000000,606,285.424000000,4.0000,-4.0000,True,3.99999999981352,0.9999999999836839,-0.013000184162884038
181,285.452000000,609,285.448000000,4.0000,4.0000,True,3.99999999981352,0.9999999999836839,-0.013000184162884038
182,285.484000000,613,285.484000000,0.0000,0.0000,True,3.99999999981352,0.9999999999836839,-0.013000184162884038
183,285.520000000,615,285.508000000,12.0000,12.0000,True,3.99999999981352,0.9999999999836839,-0.013000184162884038
184,285.552000000,620,285.560000000,8.0000,-8.0000,True,3.99999999981352,0.9999999999836839,-0.013000184162884038
185,285.584000000,622,285.576000000,8.0000,8.0000,True,3.99999999981352,0.9999999999836839,-0.013000184162884038
186,285.616000000,626,285.604000000,12.0000,12.0000,True,3.99999999981352,0.9999999999836839,-0.013000184162884038
187,285.652000000,627,285.648000000,4.0000,4.0000,True,3.99999999981352,0.9999999999836839,-0.013000184162884038
188,285.684000000,634,285.680000000,4.0000,4.0000,True,3.99999999981352,0.9999999999836839,-0.013000184162884038
189,285.716000000,635,285.708000000,8.0000,8.0000,True,3.99999999981352,0.9999999999836839,-0.013000184162884038
190,285.748000000,641,285.752000000,4.0000,-4.0000,True,3.99999999981352,0.9999999999836839,-0.013000184162884038
191,285.784000000,643,285.780000000,4.0000,4.0000,True,3.99999999981352,0.9999999999836839,-0.013000184162884038
192,285.816000000,646,285.804000000,12.0000,12.0000,True,3.99999999981352,0.9999999999836839,-0.013000184162884038
193,285.848000000,650,285.840000000,8.0000,8.0000,True,3.99999999981352,0.9999999999836839,-0.013000184162884038
194,285.880000000,654,285.876000000,4.0000,4.0000,True,3.99999999981352,0.9999999999836839,-0.013000184162884038
195,285.916000000,655,285.912000000,4.0000,4.0000,True,3.99999999981352,0.9999999999836839,-0.013000184162884038
196,285.948000000,660,285.944000000,4.0000,4.0000,True,3.99999999981352,0.9999999999836839,-0.013000184162884038
197,285.980000000,663,285.980000000,0.0000,0.0000,True,3.99999999981352,0.9999999999836839,-0.013000184162884038
198,286.012000000,667,286.012000000,0.0000,0.0000,True,3.99999999981352,0.9999999999836839,-0.013000184162884038
199,286.048000000,670,286.044000000,4.0000,4.0000,True,3.99999999981352,0.9999999999836839,-0.013000184162884038
200,286.080000000,674,286.072000000,8.0000,8.0000,True,3.99999999981352,0.9999999999836839,-0.013000184162884038
201,286.112000000,677,286.112000000,0.0000,0.0000,True,3.99999999981352,0.9999999999836839,-0.013000184162884038
202,286.144000000,680,286.144000000,0.0000,0.0000,True,3.99999999981352,0.9999999999836839,-0.013000184162884038
203,286.180000000,683,286.176000000,4.0000,4.0000,True,3.99999999981352,0.9999999999836839,-0.013000184162884038
204,286.212000000,687,286.220000000,8.0000,-8.0000,True,3.99999999981352,0.9999999999836839,-0.013000184162884038
205,286.244000000,691,286.256000000,12.0000,-12.0000,True,3.99999999981352,0.9999999999836839,-0.013000184162884038
206,286.276000000,694,286.284000000,8.0000,-8.0000,True,3.99999999981352,0.9999999999836839,-0.013000184162884038
207,286.312000000,696,286.304000000,8.0000,8.0000,True,3.99999999981352,0.9999999999836839,-0.013000184162884038
208,286.344000000,700,286.344000000,0.0000,0.0000,True,3.99999999981352,0.9999999999836839,-0.013000184162884038
209,286.376000000,703,286.368000000,8.0000,8.0000,True,3.99999999981352,0.9999999999836839,-0.013000184162884038
210,286.408000000,707,286.420000000,12.0000,-12.0000,True,3.99999999981352,0.9999999999836839,-0.013000184162884038
211,286.444000000,710,286.432000000,12.0000,12.0000,True,3.99999999981352,0.9999999999836839,-0.013000184162884038
212,286.476000000,714,286.484000000,8.0000,-8.0000,True,3.99999999981352,0.9999999999836839,-0.013000184162884038
213,286.508000000,717,286.520000000,12.0000,-12.0000,True,3.99999999981352,0.9999999999836839,-0.013000184162884038
214,286.540000000,721,286.552000000,12.0000,-12.0000,True,3.99999999981352,0.9999999999836839,-0.013000184162884038
215,286.576000000,723,286.588000000,12.0000,-12.0000,True,3.99999999981352,0.9999999999836839,-0.013000184162884038
216,286.608000000,726,286.600000000,8.0000,8.0000,True,3.99999999981352,0.9999999999836839,-0.013000184162884038
217,286.640000000,728,286.628000000,12.0000,12.0000,True,3.99999999981352,0.9999999999836839,-0.013000184162884038
218,286.672000000,733,286.684000000,12.0000,-12.0000,True,3.99999999981352,0.9999999999836839,-0.013000184162884038
219,286.708000000,737,286.700000000,8.0000,8.0000,True,3.99999999981352,0.9999999999836839,-0.013000184162884038
220,286.740000000,741,286.752000000,12.0000,-12.0000,True,3.99999999981352,0.9999999999836839,-0.013000184162884038
221,286.772000000,744,286.784000000,12.0000,-12.0000,True,3.99999999981352,0.9999999999836839,-0.013000184162884038
222,286.804000000,747,286.800000000,4.0000,4.0000,True,3.99999999981352,0.9999999999836839,-0.013000184162884038
223,286.840000000,750,286.840000000,0.0000,0.0000,True,3.99999999981352,0.9999999999836839,-0.013000184162884038
224,286.872000000,754,286.876000000,4.0000,-4.0000,True,3.99999999981352,0.9999999999836839,-0.013000184162884038
225,286.904000000,757,286.908000000,4.0000,-4.0000,True,3.99999999981352,0.9999999999836839,-0.013000184162884038
226,286.936000000,758,286.924000000,12.0000,12.0000,True,3.99999999981352,0.9999999999836839,-0.013000184162884038
227,286.972000000,763,286.968000000,4.0000,4.0000,True,3.99999999981352,0.9999999999836839,-0.013000184162884038
228,287.004000000,766,286.992000000,12.0000,12.0000,True,3.99999999981352,0.9999999999836839,-0.013000184162884038
229,287.036000000,771,287.040000000,4.0000,-4.0000,True,3.99999999981352,0.9999999999836839,-0.013000184162884038
230,287.068000000,774,287.064000000,4.0000,4.0000,True,3.99999999981352,0.9999999999836839,-0.013000184162884038
231,287.104000000,777,287.108000000,4.0000,-4.0000,True,3.99999999981352,0.9999999999836839,-0.013000184162884038
232,287.136000000,781,287.136000000,0.0000,0.0000,True,3.99999999981352,0.9999999999836839,-0.013000184162884038
233,287.168000000,784,287.172000000,4.0000,-4.0000,True,3.99999999981352,0.9999999999836839,-0.013000184162884038
234,287.200000000,787,287.204000000,4.0000,-4.0000,True,3.99999999981352,0.9999999999836839,-0.013000184162884038
235,287.236000000,790,287.224000000,12.0000,12.0000,True,3.99999999981352,0.9999999999836839,-0.013000184162884038
236,287.268000000,795,287.272000000,4.0000,-4.0000,True,3.99999999981352,0.9999999999836839,-0.013000184162884038
237,287.300000000,796,287.288000000,12.0000,12.0000,True,3.99999999981352,0.9999999999836839,-0.013000184162884038
238,287.332000000,801,287.332000000,0.0000,0.0000,True,3.99999999981352,0.9999999999836839,-0.013000184162884038
239,287.368000000,804,287.372000000,4.0000,-4.0000,True,3.99999999981352,0.9999999999836839,-0.013000184162884038
240,287.400000000,807,287.396000000,4.0000,4.0000,True,3.99999999981352,0.9999999999836839,-0.013000184162884038
241,287.432000000,810,287.432000000,0.0000,0.0000,True,3.99999999981352,0.9999999999836839,-0.013000184162884038
242,287.464000000,814,287.472000000,8.0000,-8.0000,True,3.99999999981352,0.9999999999836839,-0.013000184162884038
243,287.500000000,816,287.508000000,8.0000,-8.0000,True,3.99999999981352,0.9999999999836839,-0.013000184162884038
244,287.532000000,821,287.536000000,4.0000,-4.0000,True,3.99999999981352,0.9999999999836839,-0.013000184162884038
245,287.564000000,822,287.552000000,12.0000,12.0000,True,3.99999999981352,0.9999999999836839,-0.013000184162884038
246,287.596000000,826,287.584000000,12.0000,12.0000,True,3.99999999981352,0.9999999999836839,-0.013000184162884038
247,287.632000000,831,287.644000000,12.0000,-12.0000,True,3.99999999981352,0.9999999999836839,-0.013000184162884038
248,287.664000000,834,287.656000000,8.0000,8.0000,True,3.99999999981352,0.9999999999836839,-0.013000184162884038
249,287.696000000,837,287.704000000,8.0000,-8.0000,True,3.99999999981352,0.9999999999836839,-0.013000184162884038
250,287.728000000,840,287.728000000,0.0000,0.0000,True,3.99999999981352,0.9999999999836839,-0.013000184162884038
251,287.764000000,844,287.768000000,4.0000,-4.0000,True,3.99999999981352,0.9999999999836839,-0.013000184162884038
252,287.796000000,846,287.788000000,8.0000,8.0000,True,3.99999999981352,0.9999999999836839,-0.013000184162884038
253,287.828000000,851,287.832000000,4.0000,-4.0000,True,3.99999999981352,0.9999999999836839,-0.013000184162884038
254,287.860000000,853,287.852000000,8.0000,8.0000,True,3.99999999981352,0.9999999999836839,-0.013000184162884038
255,287.896000000,857,287.896000000,0.0000,0.0000,True,3.99999999981352,0.9999999999836839,-0.013000184162884038
256,287.928000000,860,287.916000000,12.0000,12.0000,True,3.99999999981352,0.9999999999836839,-0.013000184162884038
257,287.960000000,864,287.968000000,8.0000,-8.0000,True,3.99999999981352,0.9999999999836839,-0.013000184162884038
258,287.992000000,867,287.996000000,4.0000,-4.0000,True,3.99999999981352,0.9999999999836839,-0.013000184162884038
259,288.028000000,870,288.028000000,0.0000,0.0000,True,3.99999999981352,0.9999999999836839,-0.013000184162884038
260,288.060000000,873,288.064000000,4.0000,-4.0000,True,3.99999999981352,0.9999999999836839,-0.013000184162884038
261,288.092000000,877,288.088000000,4.0000,4.0000,True,3.99999999981352,0.9999999999836839,-0.013000184162884038
262,288.124000000,880,288.132000000,8.0000,-8.0000,True,3.99999999981352,0.9999999999836839,-0.013000184162884038
263,288.160000000,883,288.160000000,0.0000,0.0000,True,3.99999999981352,0.9999999999836839,-0.013000184162884038
264,288.192000000,886,288.196000000,4.0000,-4.0000,True,3.99999999981352,0.9999999999836839,-0.013000184162884038
265,288.224000000,890,288.228000000,4.0000,-4.0000,True,3.99999999981352,0.9999999999836839,-0.013000184162884038
266,288.256000000,893,288.248000000,8.0000,8.0000,True,3.99999999981352,0.9999999999836839,-0.013000184162884038
267,288.292000000,896,288.288000000,4.0000,4.0000,True,3.99999999981352,0.9999999999836839,-0.013000184162884038
268,288.324000000,900,288.332000000,8.0000,-8.0000,True,3.99999999981352,0.9999999999836839,-0.013000184162884038
269,288.356000000,903,288.348000000,8.0000,8.0000,True,3.99999999981352,0.9999999999836839,-0.013000184162884038
270,288.388000000,907,288.388000000,0.0000,0.0000,True,3.99999999981352,0.9999999999836839,-0.013000184162884038
271,288.424000000,909,288.412000000,12.0000,12.0000,True,3.99999999981352,0.9999999999836839,-0.013000184162884038
272,288.456000000,913,288.464000000,8.0000,-8.0000,True,3.99999999981352,0.9999999999836839,-0.013000184162884038
273,288.488000000,916,288.488000000,0.0000,0.0000,True,3.99999999981352,0.9999999999836839,-0.013000184162884038
274,288.520000000,920,288.528000000,8.0000,-8.0000,True,3.99999999981352,0.9999999999836839,-0.013000184162884038
275,288.556000000,922,288.548000000,8.0000,8.0000,True,3.99999999981352,0.9999999999836839,-0.013000184162884038
276,288.588000000,926,288.588000000,0.0000,0.0000,True,3.99999999981352,0.9999999999836839,-0.013000184162884038
277,288.620000000,929,288.624000000,4.0000,-4.0000,True,3.99999999981352,0.9999999999836839,-0.013000184162884038
278,288.652000000,933,288.648000000,4.0000,4.0000,True,3.99999999981352,0.9999999999836839,-0.013000184162884038
279,288.688000000,937,288.680000000,8.0000,8.0000,True,3.99999999981352,0.9999999999836839,-0.013000184162884038
280,288.720000000,941,288.720000000,0.0000,0.0000,True,3.99999999981352,0.9999999999836839,-0.013000184162884038
281,288.752000000,944,288.756000000,4.0000,-4.0000,True,3.99999999981352,0.9999999999836839,-0.013000184162884038
282,288.784000000,947,288.780000000,4.0000,4.0000,True,3.99999999981352,0.9999999999836839,-0.013000184162884038
283,288.820000000,950,288.816000000,4.0000,4.0000,True,3.99999999981352,0.9999999999836839,-0.013000184162884038
284,288.852000000,955,288.860000000,8.0000,-8.0000,True,3.99999999981352,0.9999999999836839,-0.013000184162884038
285,288.884000000,957,288.892000000,8.0000,-8.0000,True,3.99999999981352,0.9999999999836839,-0.013000184162884038
286,288.916000000,961,288.924000000,8.0000,-8.0000,True,3.99999999981352,0.9999999999836839,-0.013000184162884038
287,288.952000000,963,288.952000000,0.0000,0.0000,True,3.99999999981352,0.9999999999836839,-0.013000184162884038
288,288.984000000,967,288.984000000,0.0000,0.0000,True,3.99999999981352,0.9999999999836839,-0.013000184162884038
289,289.016000000,969,289.004000000,12.0000,12.0000,True,3.99999999981352,0.9999999999836839,-0.013000184162884038
290,289.048000000,973,289.052000000,4.0000,-4.0000,True,3.99999999981352,0.9999999999836839,-0.013000184162884038
291,289.084000000,977,289.092000000,8.0000,-8.0000,True,3.99999999981352,0.9999999999836839,-0.013000184162884038
292,289.116000000,980,289.104000000,12.0000,12.0000,True,3.99999999981352,0.9999999999836839,-0.013000184162884038
293,289.148000000,982,289.136000000,12.0000,12.0000,True,3.99999999981352,0.9999999999836839,-0.013000184162884038
294,289.180000000,986,289.172000000,8.0000,8.0000,True,3.99999999981352,0.9999999999836839,-0.013000184162884038
295,289.216000000,990,289.228000000,12.0000,-12.0000,True,3.99999999981352,0.9999999999836839,-0.013000184162884038
296,289.248000000,993,289.244000000,4.0000,4.0000,True,3.99999999981352,0.9999999999836839,-0.013000184162884038
297,289.280000000,996,289.276000000,4.0000,4.0000,True,3.99999999981352,0.9999999999836839,-0.013000184162884038
298,289.312000000,1001,289.316000000,4.0000,-4.0000,True,3.99999999981352,0.9999999999836839,-0.013000184162884038
299,289.348000000,1003,289.348000000,0.0000,0.0000,True,3.99999999981352,0.9999999999836839,-0.013000184162884038
300,289.380000000,1007,289.376000000,4.0000,4.0000,True,3.99999999981352,0.9999999999836839,-0.013000184162884038
301,289.412000000,1010,289.416000000,4.0000,-4.0000,True,3.99999999981352,0.9999999999836839,-0.013000184162884038
302,289.444000000,1013,289.436000000,8.0000,8.0000,True,3.99999999981352,0.9999999999836839,-0.013000184162884038
303,289.480000000,1016,289.484000000,4.0000,-4.0000,True,3.99999999981352,0.9999999999836839,-0.013000184162884038
304,289.512000000,1019,289.508000000,4.0000,4.0000,True,3.99999999981352,0.9999999999836839,-0.013000184162884038
